step,time,energy,helicity,kurtosis,slope
0,0.0,2.500000000000001e-09,0.0,1.4999999999999993,-0.3610537870740037
1,0.01,1.00090102002932e-08,0.0,1.5000000000000002,-0.38572545434531347
2,0.02,2.254021986934098e-08,0.0,1.5,-0.4001638308135727
3,0.03,4.0106381955618714e-08,0.0,1.5000000000000004,-0.41041232431853897
4,0.04,6.271981110518152e-08,0.0,1.4999999999999993,-0.4183648732949876
5,0.05,9.039238171654827e-08,0.0,1.4999999999999998,-0.42486508841998477
6,0.060000000000000005,1.2313552603315485e-07,0.0,1.4999999999999998,-0.4303629773123878
7,0.07,1.6096023227362417e-07,0.0,1.4999999999999998,-0.43512715441014227
8,0.08,2.038770428000978e-07,0.0,1.4999999999999996,-0.4393308815254507
9,0.09,2.5189605232487054e-07,0.0,1.5000000000000002,-0.44309246059925345
10,0.09999999999999999,3.0502690615556684e-07,0.0,1.4999999999999996,-0.4464962715827679
11,0.10999999999999999,3.6327879847909363e-07,0.0,1.4999999999999996,-0.44960461750286623
12,0.11999999999999998,4.2666047068460246e-07,0.0,1.4999999999999998,-0.45246481195652205
13,0.12999999999999998,4.951802097256894e-07,0.0,1.4999999999999996,-0.45511363254210063
14,0.13999999999999999,5.688458465220575e-07,0.0,1.4999999999999991,-0.45758023411710863
15,0.15,6.476647544008664e-07,0.0,1.5000000000000004,-0.45988811992103845
16,0.16,7.316438475779864e-07,0.0,1.5,-0.4620565140750648
17,0.17,8.207895796793711e-07,0.0,1.5000000000000007,-0.46410134118190427
18,0.18000000000000002,9.15107942302767e-07,0.0,1.4999999999999996,-0.4660359407163376
19,0.19000000000000003,1.0146044636199601e-06,0.0,1.5,-0.46787159795952216
20,0.20000000000000004,1.1192842070197755e-06,0.0,1.4999999999999996,-0.4696179452599488
21,0.21000000000000005,1.2291517697920214e-06,0.0,1.4999999999999996,-0.4712832698627802
22,0.22000000000000006,1.344211281852586e-06,0.0,1.5000000000000007,-0.47287475325600253
23,0.23000000000000007,1.4644664045098762e-06,0.0,1.4999999999999996,-0.4743986595399827
24,0.24000000000000007,1.589920329272789e-06,0.0,1.5000000000000002,-0.4758604853183377
25,0.25000000000000006,1.7205757767004142e-06,0.0,1.5,-0.477265080173229
26,0.26000000000000006,1.8564349952936379e-06,0.0,1.5000000000000002,-0.47861674439153334
27,0.2700000000000001,1.997499760428839e-06,0.0,1.5,-0.47991930890960705
28,0.2800000000000001,2.1437713733338508e-06,0.0,1.4999999999999998,-0.4811762012231576
29,0.2900000000000001,2.2952506601063683e-06,0.0,1.5,-0.4823905001189078
30,0.3000000000000001,2.4519379707749594e-06,0.0,1.5000000000000007,-0.4835649814285822
31,0.3100000000000001,2.61383317840286e-06,0.0,1.4999999999999991,-0.48470215651635556
32,0.3200000000000001,2.780935678234705e-06,0.0,1.5000000000000002,-0.4858043048421205
33,0.3300000000000001,2.953244386886365e-06,0.0,1.5,-0.4868735016622222
34,0.34000000000000014,3.1307577415780298e-06,0.0,1.4999999999999996,-0.48791164171375345
35,0.35000000000000014,3.313473699410707e-06,0.0,1.5,-0.4889204595615998
36,0.36000000000000015,3.5013897366862687e-06,0.0,1.4999999999999993,-0.48990154715714146
37,0.37000000000000016,3.6945028482712044e-06,0.0,1.4999999999999993,-0.4908563690548264
38,0.38000000000000017,3.892809547004204e-06,0.0,1.4999999999999991,-0.4917862756519068
39,0.3900000000000002,4.096305863147726e-06,0.0,1.4999999999999993,-0.49269251475165604
40,0.4000000000000002,4.304987343883664e-06,0.0,1.5,-0.493576241698591
41,0.4100000000000002,4.5188490528532615e-06,0.0,1.5,-0.494438528292161
42,0.4200000000000002,4.737885569741379e-06,0.0,1.4999999999999996,-0.4952803706514879
43,0.4300000000000002,4.962090989905247e-06,0.0,1.5,-0.4961026961758691
44,0.4400000000000002,5.1914589240478165e-06,0.0,1.4999999999999993,-0.4969063697229557
45,0.45000000000000023,5.425982497935834e-06,0.0,1.5000000000000002,-0.49769219910787243
46,0.46000000000000024,5.665654352162719e-06,0.0,1.5,-0.49846094001085334
47,0.47000000000000025,5.910466641956383e-06,0.0,1.5,-0.4992133003681928
48,0.48000000000000026,6.160411037032073e-06,0.0,1.5,-0.4999499443104072
49,0.49000000000000027,6.415478721490336e-06,0.0,1.4999999999999993,-0.5006714957025166
50,0.5000000000000002,6.675660393760203e-06,0.0,1.4999999999999998,-0.5013785413337302
51,0.5100000000000002,6.94094626658769e-06,0.0,1.5,-0.5020716337973846
52,0.5200000000000002,7.211326067069673e-06,0.0,1.4999999999999991,-0.5027512940965664
53,0.5300000000000002,7.486789036733246e-06,0.0,1.4999999999999996,-0.5034180140061533
54,0.5400000000000003,7.767323931660631e-06,0.0,1.5000000000000004,-0.5040722582181321
55,0.5500000000000003,8.052919022659713e-06,0.0,1.5000000000000009,-0.5047144662936188
56,0.5600000000000003,8.343562095480243e-06,0.0,1.5,-0.5053450544420607
57,0.5700000000000003,8.639240451075824e-06,0.0,1.4999999999999996,-0.5059644171457508
58,0.5800000000000003,8.93994090591169e-06,0.0,1.4999999999999998,-0.5065729286454436
59,0.5900000000000003,9.245649792318382e-06,0.0,1.5000000000000004,-0.5071709443011302
60,0.6000000000000003,9.556352958891313e-06,0.0,1.4999999999999993,-0.5077588018403111
61,0.6100000000000003,9.872035770936326e-06,0.0,1.5000000000000004,-0.5083368225047931
62,0.6200000000000003,1.019268311096127e-05,0.0,1.5000000000000007,-0.5089053121057127
63,0.6300000000000003,1.0518279379213611e-05,0.0,1.4999999999999996,-0.5094645619954784
64,0.6400000000000003,1.0848808494264137e-05,0.0,1.5000000000000002,-0.5100148499643805
65,0.6500000000000004,1.1184253893636799e-05,0.0,1.5,-0.5105564410687059
66,0.6600000000000004,1.1524598534484662e-05,0.0,1.5000000000000002,-0.5110895883966163
67,0.6700000000000004,1.1869824894312061e-05,0.0,1.5,-0.5116145337772834
68,0.6800000000000004,1.2219914971742922e-05,0.0,1.5000000000000004,-0.5121315084382351
69,0.6900000000000004,1.2574850287335284e-05,0.0,1.5,-0.5126407336154263
70,0.7000000000000004,1.2934611884442018e-05,0.0,1.5000000000000004,-0.5131424211200277
71,0.7100000000000004,1.3299180330117806e-05,0.0,1.5000000000000002,-0.5136367738655784
72,0.7200000000000004,1.3668535716072269e-05,0.0,1.4999999999999996,-0.5141239863587747
73,0.7300000000000004,1.4042657659669343e-05,0.0,1.4999999999999996,-0.5146042451568654
74,0.7400000000000004,1.442152530497286e-05,0.0,1.5,-0.515077729294362
75,0.7500000000000004,1.4805117323838312e-05,0.0,1.5,-0.5155446106814587
76,0.7600000000000005,1.5193411917050787e-05,0.0,1.4999999999999996,-0.5160050544764501
77,0.7700000000000005,1.558638681550905e-05,0.0,1.5000000000000009,-0.5164592194340765
78,0.7800000000000005,1.5984019281455774e-05,0.0,1.5,-0.5169072582316901
79,0.7900000000000005,1.6386286109753855e-05,0.0,1.5000000000000004,-0.5173493177749401
80,0.8000000000000005,1.6793163629208778e-05,0.0,1.5,-0.517785539484414
81,0.8100000000000005,1.7204627703937046e-05,0.0,1.4999999999999998,-0.5182160595647417
82,0.8200000000000005,1.7620653734780553e-05,0.0,1.5,-0.5186410092573384
83,0.8300000000000005,1.8041216660766916e-05,0.0,1.5000000000000009,-0.5190605150780764
84,0.8400000000000005,1.846629096061569e-05,0.0,1.5,-0.5194746990408169
85,0.8500000000000005,1.889585065429042e-05,0.0,1.4999999999999996,-0.5198836788679301
86,0.8600000000000005,1.932986930459639e-05,0.0,1.4999999999999998,-0.5202875681886056
87,0.8700000000000006,1.9768320018824216e-05,0.0,1.5,-0.5206864767258603
88,0.8800000000000006,2.0211175450438937e-05,0.0,1.5000000000000004,-0.5210805104729483
89,0.8900000000000006,2.0658407800814755e-05,0.0,1.5,-0.52146977185994
90,0.9000000000000006,2.11099888210152e-05,0.0,1.4999999999999998,-0.5218543599110709
91,0.9100000000000006,2.1565889813618737e-05,0.0,1.5,-0.5222343703935346
92,0.9200000000000006,2.2026081634589702e-05,0.0,1.5000000000000002,-0.5226098959581703
93,0.9300000000000006,2.2490534695194367e-05,0.0,1.5,-0.5229810262726796
94,0.9400000000000006,2.295921896396228e-05,0.0,1.4999999999999996,-0.5233478481477704
95,0.9500000000000006,2.3432103968692503e-05,0.0,1.5,-0.5237104456566899
96,0.9600000000000006,2.390915879850484e-05,0.0,1.5000000000000007,-0.5240689002485882
97,0.9700000000000006,2.4390352105935885e-05,0.0,1.5000000000000004,-0.5244232908560201
98,0.9800000000000006,2.4875652109079732e-05,0.0,1.5000000000000007,-0.5247736939970576
99,0.9900000000000007,2.5365026593773308e-05,0.0,1.5000000000000002,-0.5251201838721988
100,1.0000000000000007,2.5858442915826162e-05,0.0,1.5,-0.5254628324565102
101,1.0100000000000007,2.635586800329457e-05,0.0,1.5000000000000007,-0.5258017095871961
102,1.0200000000000007,2.6857268358799904e-05,0.0,1.5000000000000009,-0.5261368830469031
103,1.0300000000000007,2.7362610061891e-05,0.0,1.5,-0.5264684186430144
104,1.0400000000000007,2.7871858771450488e-05,0.0,1.5000000000000004,-0.5267963802831195
105,1.0500000000000007,2.8384979728144957e-05,0.0,1.5000000000000004,-0.5271208300469415
106,1.0600000000000007,2.89019377569187e-05,0.0,1.5,-0.5274418282548596
107,1.0700000000000007,2.9422697269530997e-05,0.0,1.5,-0.5277594335332513
108,1.0800000000000007,2.994722226713665e-05,0.0,1.4999999999999998,-0.5280737028768364
109,1.0900000000000007,3.047547634290984e-05,0.0,1.4999999999999998,-0.5283846917081421
110,1.1000000000000008,3.1007422684710797e-05,0.0,1.4999999999999998,-0.5286924539343084
111,1.1100000000000008,3.1543024077795495e-05,0.0,1.5000000000000004,-0.5289970420013348
112,1.1200000000000008,3.208224290756789e-05,0.0,1.5000000000000002,-0.5292985069459104
113,1.1300000000000008,3.262504116237467e-05,0.0,1.4999999999999996,-0.5295968984449563
114,1.1400000000000008,3.3171380436342346e-05,0.0,1.5,-0.5298922648630174
115,1.1500000000000008,3.3721221932256384e-05,0.0,1.4999999999999998,-0.5301846532975937
116,1.1600000000000008,3.4274526464482365e-05,0.0,1.5000000000000002,-0.5304741096225288
117,1.1700000000000008,3.4831254461928795e-05,0.0,1.4999999999999991,-0.5307606785295337
118,1.1800000000000008,3.539136597105143e-05,0.0,1.4999999999999993,-0.5310444035679969
119,1.1900000000000008,3.595482065889903e-05,0.0,1.4999999999999996,-0.5313253271830838
120,1.2000000000000008,3.6521577816200104e-05,0.0,1.5,-0.5316034907522859
121,1.2100000000000009,3.7091596360490675e-05,0.0,1.4999999999999998,-0.531878934620445
122,1.2200000000000009,3.7664834839282655e-05,0.0,1.4999999999999993,-0.5321516981333703
123,1.2300000000000009,3.82412514332727e-05,0.0,1.499999999999999,-0.5324218196700551
124,1.2400000000000009,3.882080395959135e-05,0.0,1.5000000000000002,-0.5326893366736497
125,1.2500000000000009,3.9403449875092164e-05,0.0,1.4999999999999998,-0.5329542856811517
126,1.260000000000001,3.9989146279680574e-05,0.0,1.5,-0.5332167023519607
127,1.270000000000001,4.0577849919682425e-05,0.0,1.4999999999999996,-0.5334766214952742
128,1.280000000000001,4.116951719125162e-05,0.0,1.4999999999999998,-0.5337340770964546
129,1.290000000000001,4.176410414381702e-05,0.0,1.5000000000000004,-0.5339891023423626
130,1.300000000000001,4.236156648356803e-05,0.0,1.5,-0.5342417296456932
131,1.310000000000001,4.296185957697875e-05,0.0,1.5,-0.5344919906684327
132,1.320000000000001,4.3564938454370486e-05,0.0,1.4999999999999996,-0.5347399163443978
133,1.330000000000001,4.417075781351216e-05,0.0,1.4999999999999998,-0.5349855369009361
134,1.340000000000001,4.477927202325868e-05,0.0,1.4999999999999993,-0.5352288818798197
135,1.350000000000001,4.539043512722662e-05,0.0,1.4999999999999987,-0.5354699801573727
136,1.360000000000001,4.6004200847507234e-05,0.0,1.4999999999999991,-0.5357088599638573
137,1.370000000000001,4.6620522588416386e-05,0.0,1.4999999999999993,-0.5359455489021536
138,1.380000000000001,4.723935344028115e-05,0.0,1.499999999999999,-0.5361800739657463
139,1.390000000000001,4.7860646183262706e-05,0.0,1.4999999999999993,-0.5364124615561116
140,1.400000000000001,4.848435329121548e-05,0.0,1.5000000000000004,-0.5366427374994337
141,1.410000000000001,4.911042693558192e-05,0.0,1.4999999999999993,-0.5368709270627645
142,1.420000000000001,4.973881898932293e-05,0.0,1.5000000000000002,-0.5370970549695994
143,1.430000000000001,5.0369481030883256e-05,0.0,1.4999999999999993,-0.5373211454149093
144,1.440000000000001,5.1002364348192056e-05,0.0,1.4999999999999993,-0.5375432220796613
145,1.450000000000001,5.163741994269781e-05,0.0,1.4999999999999998,-0.5377633081448332
146,1.460000000000001,5.2274598533437596e-05,0.0,1.4999999999999996,-0.537981426304952
147,1.470000000000001,5.2913850561140386e-05,0.0,1.4999999999999991,-0.5381975987811586
148,1.480000000000001,5.3555126192363726e-05,0.0,1.5,-0.5384118473338558
149,1.490000000000001,5.4198375323664074e-05,0.0,1.4999999999999996,-0.5386241932749157
150,1.500000000000001,5.484354758579978e-05,0.0,1.5,-0.5388346574794904
151,1.5100000000000011,5.549059234796691e-05,0.0,1.4999999999999996,-0.5390432603974135
152,1.5200000000000011,5.613945872206738e-05,0.0,1.4999999999999991,-0.5392500220642514
153,1.5300000000000011,5.679009556700887e-05,0.0,1.5,-0.5394549621119754
154,1.5400000000000011,5.7442451493036625e-05,0.0,1.5000000000000002,-0.5396580997793073
155,1.5500000000000012,5.8096474866096336e-05,0.0,1.4999999999999998,-0.5398594539217028
156,1.5600000000000012,5.875211381222809e-05,0.0,1.5,-0.5400590430210364
157,1.5700000000000012,5.940931622199076e-05,0.0,1.4999999999999998,-0.5402568851949778
158,1.5800000000000012,6.006802975491677e-05,0.0,1.5,-0.5404529982060609
159,1.5900000000000012,6.072820184399659e-05,0.0,1.4999999999999996,-0.5406473994704754
160,1.6000000000000012,6.138977970019283e-05,0.0,1.5000000000000002,-0.5408401060665802
161,1.6100000000000012,6.205271031698335e-05,0.0,1.5,-0.5410311347431557
162,1.6200000000000012,6.271694047493328e-05,0.0,1.4999999999999996,-0.5412205019273894
163,1.6300000000000012,6.338241674629528e-05,0.0,1.4999999999999991,-0.5414082237326479
164,1.6400000000000012,6.404908549963791e-05,0.0,1.4999999999999993,-0.5415943159659601
165,1.6500000000000012,6.471689290450151e-05,0.0,1.5000000000000002,-0.5417787941353203
166,1.6600000000000013,6.538578493608156e-05,0.0,1.5,-0.5419616734567672
167,1.6700000000000013,6.605570737993856e-05,0.0,1.4999999999999998,-0.5421429688612079
168,1.6800000000000013,6.67266058367347e-05,0.0,1.5,-0.5423226950010775
169,1.6900000000000013,6.739842572699636e-05,0.0,1.5,-0.5425008662568165
170,1.7000000000000013,6.807111229590243e-05,0.0,1.5,-0.5426774967430866
171,1.7100000000000013,6.874461061809786e-05,0.0,1.4999999999999991,-0.5428526003148971
172,1.7200000000000013,6.94188656025321e-05,0.0,1.4999999999999998,-0.5430261905734672
173,1.7300000000000013,7.009382199732193e-05,0.0,1.4999999999999996,-0.5431982808719863
174,1.7400000000000013,7.07694243946385e-05,0.0,1.4999999999999993,-0.543368884321161
175,1.7500000000000013,7.144561723561785e-05,0.0,1.5,-0.5435380137946275
176,1.7600000000000013,7.212234481529474e-05,0.0,1.499999999999999,-0.5437056819342019
177,1.7700000000000014,7.279955128755935e-05,0.0,1.5,-0.5438719011549862
178,1.7800000000000014,7.347718067013627e-05,0.0,1.4999999999999996,-0.5440366836503165
179,1.7900000000000014,7.415517684958552e-05,0.0,1.4999999999999996,-0.5442000413965965
180,1.8000000000000014,7.483348358632506e-05,0.0,1.5,-0.5443619861579724
181,1.8100000000000014,7.551204451967445e-05,0.0,1.499999999999999,-0.5445225294909022
182,1.8200000000000014,7.619080317291927e-05,0.0,1.4999999999999996,-0.5446816827485553
183,1.8300000000000014,7.686970295839557e-05,0.0,1.4999999999999991,-0.5448394570851548
184,1.8400000000000014,7.754868718259434e-05,0.0,1.4999999999999996,-0.5449958634601504
185,1.8500000000000014,7.822769905128521e-05,0.0,1.4999999999999991,-0.5451509126422877
186,1.8600000000000014,7.890668167465924e-05,0.0,1.4999999999999998,-0.545304615213584
187,1.8700000000000014,7.958557807248997e-05,0.0,1.4999999999999991,-0.5454569815731884
188,1.8800000000000014,8.026433117931264e-05,0.0,1.4999999999999993,-0.5456080219411249
189,1.8900000000000015,8.094288384962101e-05,0.0,1.4999999999999996,-0.5457577463619604
190,1.9000000000000015,8.162117886308111e-05,0.0,1.4999999999999996,-0.545906164708357
191,1.9100000000000015,8.229915892976207e-05,0.0,1.5,-0.5460532866845295
192,1.9200000000000015,8.297676669538266e-05,0.0,1.4999999999999996,-0.5461991218296349
193,1.9300000000000015,8.365394474657396e-05,0.0,1.4999999999999998,-0.5463436795210387
194,1.9400000000000015,8.433063561615716e-05,0.0,1.4999999999999996,-0.5464869689775328
195,1.9500000000000015,8.500678178843623e-05,0.0,1.4999999999999996,-0.5466289992624239
196,1.9600000000000015,8.568232570450485e-05,0.0,1.4999999999999998,-0.5467697792866028
197,1.9700000000000015,8.635720976756753e-05,0.0,1.4999999999999991,-0.5469093178114773
198,1.9800000000000015,8.703137634827373e-05,0.0,1.4999999999999991,-0.5470476234518667
199,1.9900000000000015,8.770476779006514e-05,0.0,1.4999999999999996,-0.5471847046788039
200,2.0000000000000013,8.837732641453566e-05,0.0,1.5,-0.5473205698222767
201,2.010000000000001,8.904899452680285e-05,0.0,1.4999999999999998,-0.5474552270738959
202,2.020000000000001,8.97197144208913e-05,0.0,1.5,-0.5475886844894932
203,2.0300000000000007,9.038942838512698e-05,0.0,1.5000000000000002,-0.5477209499916629
204,2.0400000000000005,9.105807870754192e-05,0.0,1.5,-0.5478520313722306
205,2.0500000000000003,9.172560768128925e-05,0.0,1.499999999999999,-0.5479819362946646
206,2.06,9.239195761006753e-05,0.0,1.4999999999999991,-0.5481106722964353
207,2.07,9.305707081355436e-05,0.0,1.4999999999999998,-0.5482382467912912
208,2.0799999999999996,9.372088963284861e-05,0.0,1.4999999999999998,-0.5483646670715276
209,2.0899999999999994,9.438335643592049e-05,0.0,1.4999999999999998,-0.548489940310129
210,2.099999999999999,9.504441362306952e-05,0.0,1.4999999999999993,-0.5486140735629477
211,2.109999999999999,9.570400363238956e-05,0.0,1.4999999999999996,-0.5487370737707368
212,2.1199999999999988,9.636206894524015e-05,0.0,1.4999999999999996,-0.548858947761197
213,2.1299999999999986,9.701855209172454e-05,0.0,1.5000000000000002,-0.5489797022509694
214,2.1399999999999983,9.767339565617267e-05,0.0,1.4999999999999996,-0.5490993438475537
215,2.149999999999998,9.832654228262991e-05,0.0,1.4999999999999993,-0.5492178790511854
216,2.159999999999998,9.897793468034981e-05,0.0,1.4999999999999996,-0.5493353142566947
217,2.1699999999999977,9.962751562929149e-05,0.0,1.5,-0.5494516557552992
218,2.1799999999999975,0.00010027522798562015,0.0,1.4999999999999998,-0.5495669097363508
219,2.1899999999999973,0.00010092101468721118,0.0,1.4999999999999998,-0.5496810822890562
220,2.199999999999997,0.00010156481875915636,0.0,1.4999999999999996,-0.5497941794041588
221,2.209999999999997,0.00010220658331927236,0.0,1.4999999999999987,-0.5499062069755429
222,2.2199999999999966,0.00010284625158361093,0.0,1.4999999999999996,-0.5500171708018714
223,2.2299999999999964,0.00010348376687196992,0.0,1.4999999999999998,-0.550127076588119
224,2.239999999999996,0.00010411907261340496,0.0,1.4999999999999998,-0.5502359299470946
225,2.249999999999996,0.0001047521123517411,0.0,1.5,-0.5503437364009393
226,2.259999999999996,0.000105382829751084,0.0,1.4999999999999993,-0.5504505013825739
227,2.2699999999999956,0.00010601116860133013,0.0,1.4999999999999987,-0.5505562302371243
228,2.2799999999999954,0.00010663707282367542,0.0,1.4999999999999996,-0.5506609282233099
229,2.289999999999995,0.00010726048647612188,0.0,1.4999999999999998,-0.5507646005147872
230,2.299999999999995,0.00010788135375898157,0.0,1.5000000000000002,-0.5508672522014892
231,2.3099999999999947,0.00010849961902037777,0.0,1.499999999999999,-0.5509688882909212
232,2.3199999999999945,0.00010911522676174213,0.0,1.5,-0.5510695137094074
233,2.3299999999999943,0.00010972812164330813,0.0,1.5,-0.5511691333033546
234,2.339999999999994,0.00011033824848959953,0.0,1.5000000000000004,-0.5512677518404376
235,2.349999999999994,0.00011094555229491406,0.0,1.5000000000000007,-0.5513653740108052
236,2.3599999999999937,0.00011154997822880097,0.0,1.4999999999999996,-0.5514620044282106
237,2.3699999999999934,0.00011215147164153281,0.0,1.5,-0.5515576476311641
238,2.3799999999999932,0.00011274997806957012,0.0,1.4999999999999993,-0.5516523080840221
239,2.389999999999993,0.00011334544324101924,0.0,1.4999999999999996,-0.5517459901780642
240,2.399999999999993,0.00011393781308108196,0.0,1.5000000000000004,-0.5518386982325791
241,2.4099999999999926,0.00011452703371749709,0.0,1.4999999999999998,-0.5519304364958536
242,2.4199999999999924,0.00011511305148597336,0.0,1.4999999999999996,-0.5520212091462162
243,2.429999999999992,0.00011569581293561255,0.0,1.4999999999999996,-0.5521110202930083
244,2.439999999999992,0.0001162752648343232,0.0,1.5000000000000002,-0.5521998739775471
245,2.4499999999999917,0.00011685135417422351,0.0,1.5,-0.5522877741740864
246,2.4599999999999915,0.00011742402817703398,0.0,1.5,-0.5523747247907207
247,2.4699999999999913,0.0001179932342994576,0.0,1.4999999999999996,-0.5524607296703057
248,2.479999999999991,0.00011855892023854908,0.0,1.4999999999999996,-0.552545792591319
249,2.489999999999991,0.00011912103393707106,0.0,1.4999999999999993,-0.5526299172687608
250,2.4999999999999907,0.00011967952358883728,0.0,1.4999999999999991,-0.5527131073549497
251,2.5099999999999905,0.00012023433764404258,0.0,1.5000000000000002,-0.552795366440388
252,2.5199999999999902,0.0001207854248145785,0.0,1.5,-0.5528766980545583
253,2.52999999999999,0.0001213327340793343,0.0,1.4999999999999996,-0.5529571056667045
254,2.53999999999999,0.00012187621468948332,0.0,1.4999999999999991,-0.5530365926866176
255,2.5499999999999896,0.00012241581617375305,0.0,1.4999999999999998,-0.5531151624653906
256,2.5599999999999894,0.00012295148834367973,0.0,1.4999999999999996,-0.5531928182961515
257,2.569999999999989,0.00012348318129884562,0.0,1.5000000000000004,-0.5532695634147846
258,2.579999999999989,0.00012401084543209968,0.0,1.4999999999999991,-0.5533454010006529
259,2.5899999999999888,0.00012453443143476022,0.0,1.4999999999999987,-0.5534203341772773
260,2.5999999999999885,0.00012505389030179935,0.0,1.5,-0.5534943660130218
261,2.6099999999999883,0.00012556917333700877,0.0,1.4999999999999996,-0.553567499521747
262,2.619999999999988,0.00012608023215814632,0.0,1.4999999999999996,-0.5536397376634627
263,2.629999999999988,0.0001265870187020626,0.0,1.4999999999999996,-0.5537110833449629
264,2.6399999999999877,0.00012708948522980755,0.0,1.4999999999999998,-0.5537815394204553
265,2.6499999999999875,0.00012758758433171577,0.0,1.4999999999999991,-0.5538511086921355
266,2.6599999999999873,0.00012808126893247126,0.0,1.4999999999999987,-0.553919793910815
267,2.669999999999987,0.00012857049229614964,0.0,1.4999999999999996,-0.5539875977764752
268,2.679999999999987,0.00012905520803123828,0.0,1.4999999999999991,-0.5540545229388724
269,2.6899999999999866,0.00012953537009563368,0.0,1.5000000000000004,-0.5541205719980276
270,2.6999999999999864,0.00013001093280161526,0.0,1.5000000000000004,-0.554185747504833
271,2.709999999999986,0.0001304818508207957,0.0,1.4999999999999998,-0.5542500519615504
272,2.719999999999986,0.00013094807918904628,0.0,1.499999999999999,-0.5543134878223275
273,2.7299999999999858,0.00013140957331139784,0.0,1.4999999999999998,-0.554376057493719
274,2.7399999999999856,0.00013186628896691617,0.0,1.5000000000000009,-0.5544377633351733
275,2.7499999999999853,0.0001323181823135516,0.0,1.4999999999999998,-0.554498607659515
276,2.759999999999985,0.000132765209892962,0.0,1.4999999999999998,-0.5545585927334269
277,2.769999999999985,0.00013320732863530917,0.0,1.5,-0.5546177207779016
278,2.7799999999999847,0.00013364449586402758,0.0,1.5000000000000004,-0.5546759939687037
279,2.7899999999999845,0.00013407666930056542,0.0,1.5000000000000002,-0.5547334144368102
280,2.7999999999999843,0.00013450380706909722,0.0,1.4999999999999996,-0.5547899842688359
281,2.809999999999984,0.00013492586770120753,0.0,1.5000000000000009,-0.5548457055074554
282,2.819999999999984,0.0001353428101405453,0.0,1.5000000000000002,-0.5549005801518299
283,2.8299999999999836,0.00013575459374744853,0.0,1.5,-0.5549546101579884
284,2.8399999999999834,0.00013616117830353837,0.0,1.4999999999999996,-0.555007797439239
285,2.849999999999983,0.00013656252401628225,0.0,1.5000000000000009,-0.5550601438665438
286,2.859999999999983,0.00013695859152352654,0.0,1.4999999999999998,-0.5551116512688984
287,2.869999999999983,0.00013734934189799618,0.0,1.5,-0.5551623214336857
288,2.8799999999999826,0.00013773473665176317,0.0,1.5,-0.5552121561070572
289,2.8899999999999824,0.00013811473774068159,0.0,1.5000000000000002,-0.5552611569942649
290,2.899999999999982,0.00013848930756878969,0.0,1.4999999999999991,-0.5553093257599948
291,2.909999999999982,0.00013885840899267838,0.0,1.5000000000000002,-0.5553566640287186
292,2.9199999999999817,0.00013922200532582538,0.0,1.5,-0.5554031733850089
293,2.9299999999999815,0.00013958006034289462,0.0,1.5000000000000004,-0.5554488553738474
294,2.9399999999999813,0.00013993253828400103,0.0,1.5,-0.5554937115009514
295,2.949999999999981,0.00014027940385893934,0.0,1.5000000000000004,-0.5555377432330516
296,2.959999999999981,0.00014062062225137683,0.0,1.4999999999999996,-0.5555809519982076
297,2.9699999999999807,0.00014095615912300993,0.0,1.5000000000000002,-0.5556233391860698
298,2.9799999999999804,0.0001412859806176839,0.0,1.4999999999999996,-0.555664906148173
299,2.9899999999999802,0.0001416100533654745,0.0,1.5000000000000002,-0.5557056541982147
300,2.99999999999998,0.00014192834448673264,0.0,1.5,-0.5557455846122964
301,3.00999999999998,0.0001422408215960903,0.0,1.5,-0.5557846986291872
302,3.0199999999999796,0.00014254745280642775,0.0,1.5000000000000004,-0.5558229974505889
303,3.0299999999999794,0.00014284820673280167,0.0,1.5,-0.5558604822413599
304,3.039999999999979,0.00014314305249633357,0.0,1.4999999999999996,-0.5558971541297586
305,3.049999999999979,0.00014343195972805846,0.0,1.5000000000000013,-0.5559330142076687
306,3.0599999999999787,0.00014371489857273263,0.0,1.5000000000000004,-0.5559680635308303
307,3.0699999999999785,0.0001439918396926007,0.0,1.4999999999999998,-0.5560023031190526
308,3.0799999999999783,0.00014426275427112143,0.0,1.5000000000000007,-0.5560357339564166
309,3.089999999999978,0.00014452761401665169,0.0,1.5000000000000004,-0.5560683569914854
310,3.099999999999978,0.0001447863911660881,0.0,1.4999999999999996,-0.556100173137506
311,3.1099999999999777,0.00014503905848846642,0.0,1.5000000000000004,-0.5561311832725832
312,3.1199999999999775,0.00014528558928851747,0.0,1.4999999999999996,-0.5561613882398889
313,3.1299999999999772,0.00014552595741018008,0.0,1.5000000000000004,-0.5561907888478256
314,3.139999999999977,0.00014576013724006983,0.0,1.5000000000000009,-0.5562193858702038
315,3.149999999999977,0.00014598810371090371,0.0,1.4999999999999996,-0.55624718004641
316,3.1599999999999766,0.00014620983230488027,0.0,1.5000000000000013,-0.5562741720815617
317,3.1699999999999764,0.00014642529905701444,0.0,1.5,-0.5563003626466819
318,3.179999999999976,0.0001466344805584271,0.0,1.4999999999999998,-0.5563257523788323
319,3.189999999999976,0.00014683735395958878,0.0,1.5,-0.556350341881257
320,3.1999999999999758,0.00014703389697351716,0.0,1.500000000000002,-0.5563741317235467
321,3.2099999999999755,0.00014722408787892806,0.0,1.4999999999999998,-0.5563971224417482
322,3.2199999999999753,0.00014740790552333915,0.0,1.5000000000000016,-0.5564193145384895
323,3.229999999999975,0.00014758532932612664,0.0,1.5000000000000004,-0.5564407084831348
324,3.239999999999975,0.000147756339281534,0.0,1.5000000000000004,-0.5564613047118748
325,3.2499999999999747,0.0001479209159616328,0.0,1.5000000000000007,-0.5564811036278472
326,3.2599999999999745,0.00014807904051923493,0.0,1.5000000000000009,-0.5565001056012514
327,3.2699999999999743,0.00014823069469075597,0.0,1.500000000000001,-0.5565183109694419
328,3.279999999999974,0.0001483758607990295,0.0,1.5000000000000004,-0.556535720037046
329,3.289999999999974,0.00014851452175607181,0.0,1.5000000000000009,-0.5565523330760217
330,3.2999999999999736,0.00014864666106579675,0.0,1.5000000000000013,-0.5565681503257839
331,3.3099999999999734,0.00014877226282668018,0.0,1.5000000000000016,-0.5565831719932675
332,3.319999999999973,0.00014889131173437414,0.0,1.5000000000000013,-0.5565973982530052
333,3.329999999999973,0.0001490037930842699,0.0,1.5000000000000013,-0.5566108292472197
334,3.3399999999999728,0.00014910969277400984,0.0,1.5000000000000007,-0.5566234650858688
335,3.3499999999999726,0.0001492089973059476,0.0,1.5000000000000018,-0.5566353058467174
336,3.3599999999999723,0.00014930169378955674,0.0,1.5000000000000004,-0.5566463515754198
337,3.369999999999972,0.00014938776994378653,0.0,1.5000000000000009,-0.5566566022855383
338,3.379999999999972,0.0001494672140993659,0.0,1.5000000000000009,-0.5566660579586225
339,3.3899999999999717,0.000149540015201054,0.0,1.5000000000000009,-0.556674718544249
340,3.3999999999999715,0.00014960616280983798,0.0,1.5000000000000009,-0.5566825839600439
341,3.4099999999999713,0.00014966564710507685,0.0,1.5000000000000009,-0.5566896540917545
342,3.419999999999971,0.00014971845888659237,0.0,1.5000000000000007,-0.5566959287932536
343,3.429999999999971,0.00014976458957670477,0.0,1.5000000000000009,-0.5567014078865867
344,3.4399999999999706,0.0001498040312222153,0.0,1.5000000000000009,-0.5567060911619768
345,3.4499999999999704,0.0001498367764963332,0.0,1.5000000000000007,-0.5567099783778668
346,3.45999999999997,0.00014986281870054823,0.0,1.5000000000000007,-0.5567130692609196
347,3.46999999999997,0.00014988215176644815,0.0,1.5000000000000009,-0.5567153635060337
348,3.47999999999997,0.00014989477025748017,0.0,1.5000000000000004,-0.5567168607763532
349,3.4899999999999696,0.00014990066937065722,0.0,1.5,-0.5567175607032673
350,3.4999999999999694,0.00014989984493820818,0.0,1.500000000000001,-0.5567174628864138
351,3.509999999999969,0.00014989229342917128,0.0,1.5,-0.5567165668936684
352,3.519999999999969,0.00014987801195093177,0.0,1.5000000000000013,-0.5567148722611313
353,3.5299999999999687,0.00014985699825070253,0.0,1.5000000000000007,-0.5567123784931247
354,3.5399999999999685,0.0001498292507169474,0.0,1.5,-0.5567090850621775
355,3.5499999999999683,0.0001497947683807477,0.0,1.4999999999999996,-0.556704991408988
356,3.559999999999968,0.00014975355091711122,0.0,1.5000000000000013,-0.5567000969424086
357,3.569999999999968,0.00014970559864622325,0.0,1.5000000000000004,-0.5566944010394173
358,3.5799999999999677,0.00014965091253464,0.0,1.500000000000001,-0.5566879030450806
359,3.5899999999999674,0.00014958949419642366,0.0,1.5000000000000013,-0.556680602272508
360,3.5999999999999672,0.00014952134589421925,0.0,1.5000000000000009,-0.5566724980028377
361,3.609999999999967,0.00014944647054027305,0.0,1.5000000000000004,-0.5566635894851536
362,3.619999999999967,0.0001493648716973917,0.0,1.5000000000000007,-0.5566538759364765
363,3.6299999999999666,0.00014927655357984323,0.0,1.5000000000000007,-0.5566433565416661
364,3.6399999999999664,0.00014918152105419802,0.0,1.500000000000001,-0.5566320304534104
365,3.649999999999966,0.00014907977964011122,0.0,1.5000000000000004,-0.5566198967921253
366,3.659999999999966,0.00014897133551104494,0.0,1.5000000000000013,-0.5566069546459226
367,3.6699999999999657,0.0001488561954949314,0.0,1.5000000000000004,-0.5565932030705126
368,3.6799999999999655,0.00014873436707477574,0.0,1.5,-0.5565786410891606
369,3.6899999999999653,0.00014860585838919897,0.0,1.5000000000000007,-0.5565632676925832
370,3.699999999999965,0.00014847067823292066,0.0,1.5000000000000013,-0.5565470818388949
371,3.709999999999965,0.0001483288360571815,0.0,1.5000000000000018,-0.5565300824535004
372,3.7199999999999647,0.0001481803419701049,0.0,1.5000000000000007,-0.556512268429033
373,3.7299999999999645,0.0001480252067369985,0.0,1.4999999999999998,-0.5564936386252441
374,3.7399999999999642,0.00014786344178059437,0.0,1.5000000000000013,-0.5564741918689171
375,3.749999999999964,0.0001476950591812286,0.0,1.5000000000000018,-0.5564539269537653
376,3.759999999999964,0.00014752007167695986,0.0,1.5000000000000004,-0.5564328426403441
377,3.7699999999999636,0.00014733849266362645,0.0,1.5000000000000009,-0.556410937655931
378,3.7799999999999634,0.00014715033619484253,0.0,1.5000000000000022,-0.5563882106944228
379,3.789999999999963,0.00014695561698193244,0.0,1.5000000000000016,-0.5563646604162252
380,3.799999999999963,0.00014675435039380392,0.0,1.5000000000000007,-0.5563402854481384
381,3.8099999999999627,0.00014654655245675946,0.0,1.5000000000000013,-0.5563150843832351
382,3.8199999999999625,0.00014633223985424602,0.0,1.500000000000001,-0.5562890557807426
383,3.8299999999999623,0.00014611142992654295,0.0,1.5000000000000009,-0.5562621981659032
384,3.839999999999962,0.00014588414067038792,0.0,1.5000000000000009,-0.5562345100298807
385,3.849999999999962,0.00014565039073854123,0.0,1.5000000000000009,-0.5562059898295786
386,3.8599999999999617,0.00014541019943928744,0.0,1.5000000000000013,-0.5561766359875556
387,3.8699999999999615,0.00014516358673587545,0.0,1.500000000000002,-0.5561464468918392
388,3.8799999999999613,0.00014491057324589633,0.0,1.5000000000000013,-0.5561154208958194
389,3.889999999999961,0.00014465118024059855,0.0,1.5000000000000009,-0.5560835563180998
390,3.899999999999961,0.00014438542964414128,0.0,1.5000000000000004,-0.5560508514423183
391,3.9099999999999606,0.00014411334403278533,0.0,1.5000000000000016,-0.5560173045170425
392,3.9199999999999604,0.00014383494663402168,0.0,1.500000000000001,-0.5559829137555732
393,3.92999999999996,0.0001435502613256373,0.0,1.5000000000000022,-0.5559476773358127
394,3.93999999999996,0.0001432593126347193,0.0,1.5000000000000013,-0.5559115934001008
395,3.9499999999999598,0.0001429621257365956,0.0,1.500000000000001,-0.5558746600550395
396,3.9599999999999596,0.00014265872645371412,0.0,1.5000000000000013,-0.5558368753713412
397,3.9699999999999593,0.00014234914125445892,0.0,1.5000000000000007,-0.5557982373836481
398,3.979999999999959,0.0001420333972519039,0.0,1.5000000000000013,-0.5557587440903751
399,3.989999999999959,0.0001417115222025042,0.0,1.5000000000000004,-0.5557183934535243
400,3.9999999999999587,0.00014138354450472516,0.0,1.5000000000000018,-0.5556771833985023
401,4.009999999999959,0.0001410494931976083,0.0,1.5000000000000013,-0.5556351118139573
402,4.019999999999959,0.00014070939795927576,0.0,1.5000000000000013,-0.5555921765515796
403,4.0299999999999585,0.0001403632891053714,0.0,1.5000000000000022,-0.5555483754259379
404,4.039999999999958,0.00014001119758744022,0.0,1.5000000000000018,-0.5555037062142792
405,4.049999999999958,0.0001396531549912448,0.0,1.5000000000000022,-0.5554581666563283
406,4.059999999999958,0.00013928919353502025,0.0,1.5000000000000022,-0.5554117544541183
407,4.069999999999958,0.00013891934606766583,0.0,1.5000000000000016,-0.5553644672717946
408,4.079999999999957,0.00013854364606687538,0.0,1.5000000000000013,-0.5553163027353957
409,4.089999999999957,0.00013816212763720495,0.0,1.5000000000000013,-0.5552672584326923
410,4.099999999999957,0.00013777482550807857,0.0,1.5000000000000022,-0.5552173319129592
411,4.109999999999957,0.00013738177503173216,0.0,1.5000000000000013,-0.5551665206867854
412,4.119999999999957,0.00013698301218109508,0.0,1.500000000000001,-0.5551148222258728
413,4.129999999999956,0.0001365785735476103,0.0,1.5000000000000022,-0.555062233962833
414,4.139999999999956,0.00013616849633899252,0.0,1.5000000000000018,-0.55500875329097
415,4.149999999999956,0.00013575281837692466,0.0,1.5000000000000009,-0.554954377564098
416,4.159999999999956,0.00013533157809469297,0.0,1.5000000000000016,-0.5548991040963126
417,4.1699999999999555,0.0001349048145347604,0.0,1.5000000000000009,-0.5548429301617895
418,4.179999999999955,0.00013447256734627883,0.0,1.5000000000000022,-0.5547858529945773
419,4.189999999999955,0.00013403487678254,0.0,1.5000000000000007,-0.5547278697883927
420,4.199999999999955,0.00013359178369836544,0.0,1.5000000000000024,-0.55466897769639
421,4.209999999999955,0.00013314332954743528,0.0,1.5000000000000009,-0.5546091738309805
422,4.2199999999999545,0.00013268955637955616,0.0,1.5000000000000018,-0.5545484552636049
423,4.229999999999954,0.00013223050683786887,0.0,1.5000000000000016,-0.5544868190245212
424,4.239999999999954,0.00013176622415599505,0.0,1.5000000000000022,-0.5544242621025989
425,4.249999999999954,0.00013129675215512343,0.0,1.5000000000000009,-0.5543607814451134
426,4.259999999999954,0.0001308221352410364,0.0,1.5000000000000018,-0.5542963739575462
427,4.269999999999953,0.00013034241840107592,0.0,1.5000000000000013,-0.554231036503353
428,4.279999999999953,0.00012985764720104977,0.0,1.5000000000000016,-0.5541647659037766
429,4.289999999999953,0.00012936786778207837,0.0,1.5000000000000018,-0.5540975589376415
430,4.299999999999953,0.00012887312685738148,0.0,1.500000000000001,-0.5540294123411506
431,4.3099999999999525,0.00012837347170900612,0.0,1.5000000000000009,-0.5539603228076746
432,4.319999999999952,0.00012786895018449516,0.0,1.500000000000002,-0.5538902869875765
433,4.329999999999952,0.00012735961069349687,0.0,1.5000000000000016,-0.5538193014880017
434,4.339999999999952,0.0001268455022043158,0.0,1.5000000000000024,-0.55374736287268
435,4.349999999999952,0.00012632667424040535,0.0,1.5000000000000016,-0.5536744676617579
436,4.3599999999999515,0.00012580317687680174,0.0,1.5000000000000018,-0.5536006123316003
437,4.369999999999951,0.0001252750607365001,0.0,1.5000000000000016,-0.5535257933146186
438,4.379999999999951,0.0001247423769867727,0.0,1.5000000000000009,-0.5534500069990923
439,4.389999999999951,0.00012420517733542955,0.0,1.5000000000000009,-0.5533732497289974
440,4.399999999999951,0.00012366351402702162,0.0,1.5000000000000004,-0.553295517803854
441,4.40999999999995,0.00012311743983898704,0.0,1.5000000000000013,-0.5532168074785491
442,4.41999999999995,0.0001225670080777404,0.0,1.5000000000000018,-0.5531371149632068
443,4.42999999999995,0.00012201227257470549,0.0,1.5000000000000016,-0.55305643642304
444,4.43999999999995,0.0001214532876822916,0.0,1.500000000000001,-0.5529747679781951
445,4.4499999999999496,0.00012089010826981392,0.0,1.5000000000000013,-0.5528921057036555
446,4.459999999999949,0.00012032278971935804,0.0,1.500000000000001,-0.5528084456290975
447,4.469999999999949,0.00011975138792158914,0.0,1.5000000000000013,-0.5527237837388106
448,4.479999999999949,0.00011917595927150572,0.0,1.500000000000001,-0.552638115971556
449,4.489999999999949,0.00011859656066413864,0.0,1.5000000000000013,-0.5525514382205281
450,4.4999999999999485,0.00011801324949019544,0.0,1.5000000000000018,-0.5524637463332472
451,4.509999999999948,0.00011742608363165039,0.0,1.5000000000000004,-0.552375036111503
452,4.519999999999948,0.00011683512145728051,0.0,1.500000000000001,-0.5522853033113132
453,4.529999999999948,0.00011624042181814819,0.0,1.500000000000001,-0.55219454364289
454,4.539999999999948,0.00011564204404302974,0.0,1.5000000000000007,-0.5521027527706136
455,4.549999999999947,0.00011504004793379197,0.0,1.5000000000000013,-0.5520099263130257
456,4.559999999999947,0.00011443449376071516,0.0,1.5000000000000018,-0.5519160598428546
457,4.569999999999947,0.0001138254422577642,0.0,1.5000000000000013,-0.5518211488870457
458,4.579999999999947,0.00011321295461780752,0.0,1.5000000000000009,-0.5517251889268004
459,4.589999999999947,0.00011259709248778445,0.0,1.5000000000000018,-0.5516281753976692
460,4.599999999999946,0.00011197791796382122,0.0,1.5,-0.5515301036896296
461,4.609999999999946,0.00011135549358629616,0.0,1.5000000000000013,-0.5514309691472131
462,4.619999999999946,0.00011072988233485416,0.0,1.500000000000002,-0.5513307670696398
463,4.629999999999946,0.00011010114762337104,0.0,1.5000000000000009,-0.5512294927109902
464,4.6399999999999455,0.00010946935329486814,0.0,1.5000000000000013,-0.5511271412804037
465,4.649999999999945,0.00010883456361637733,0.0,1.5000000000000009,-0.5510237079422902
466,4.659999999999945,0.00010819684327375718,0.0,1.5000000000000009,-0.5509191878166062
467,4.669999999999945,0.00010755625736646028,0.0,1.5000000000000013,-0.5508135759791098
468,4.679999999999945,0.00010691287140225249,0.0,1.500000000000001,-0.5507068674617109
469,4.689999999999944,0.00010626675129188416,0.0,1.5000000000000009,-0.5505990572528154
470,4.699999999999944,0.00010561796334371409,0.0,1.5000000000000013,-0.5504901402977112
471,4.709999999999944,0.00010496657425828628,0.0,1.5000000000000013,-0.5503801114990149
472,4.719999999999944,0.00010431265112286038,0.0,1.500000000000001,-0.5502689657171476
473,4.729999999999944,0.00010365626140589553,0.0,1.5000000000000009,-0.5501566977708379
474,4.739999999999943,0.00010299747295148889,0.0,1.5000000000000013,-0.5500433024377048
475,4.749999999999943,0.00010233635397376855,0.0,1.5000000000000013,-0.5499287744548731
476,4.759999999999943,0.00010167297305124174,0.0,1.500000000000001,-0.5498131085196379
477,4.769999999999943,0.00010100739912109847,0.0,1.500000000000001,-0.5496962992901744
478,4.7799999999999425,0.0001003397014734714,0.0,1.500000000000001,-0.5495783413863384
479,4.789999999999942,9.966994974565197e-05,0.0,1.5000000000000007,-0.549459229390495
480,4.799999999999942,9.89982139162636e-05,0.0,1.500000000000001,-0.5493389578484122
481,4.809999999999942,9.832456429939232e-05,0.0,1.5000000000000004,-0.5492175212702467
482,4.819999999999942,9.764907153867505e-05,0.0,1.5000000000000009,-0.5490949141315686
483,4.8299999999999415,9.697180660134662e-05,0.0,1.5000000000000007,-0.5489711308744969
484,4.839999999999941,9.629284077224523e-05,0.0,1.500000000000001,-0.54884616590886
485,4.849999999999941,9.56122456477775e-05,0.0,1.500000000000001,-0.5487200136134921
486,4.859999999999941,9.493009312984304e-05,0.0,1.5000000000000018,-0.5485926683375837
487,4.869999999999941,9.42464554197197e-05,0.0,1.5000000000000013,-0.5484641244021199
488,4.87999999999994,9.356140501190922e-05,0.0,1.5000000000000009,-0.5483343761014484
489,4.88999999999994,9.28750146879445e-05,0.0,1.5000000000000009,-0.5482034177048868
490,4.89999999999994,9.21873575101584e-05,0.0,1.5000000000000004,-0.5480712434585047
491,4.90999999999994,9.149850681541499e-05,0.0,1.5000000000000007,-0.5479378475869561
492,4.9199999999999395,9.080853620880379e-05,0.0,1.500000000000001,-0.5478032242954576
493,4.929999999999939,9.011751955729694e-05,0.0,1.5000000000000009,-0.5476673677718842
494,4.939999999999939,8.942553098337065e-05,0.0,1.5000000000000004,-0.5475302721889891
495,4.949999999999939,8.873264485859094e-05,0.0,1.5000000000000007,-0.5473919317067485
496,4.959999999999939,8.803893579716415e-05,0.0,1.5000000000000007,-0.5472523404748681
497,4.9699999999999385,8.734447864945318e-05,0.0,1.5000000000000009,-0.5471114926354144
498,4.979999999999938,8.664934849545957e-05,0.0,1.5000000000000013,-0.5469693823256138
499,4.989999999999938,8.595362063827222e-05,0.0,1.5000000000000009,-0.5468260036808096
500,4.999999999999938,8.525737059748322e-05,0.0,1.5000000000000009,-0.546681350837577
501,5.009999999999938,8.456067410257133e-05,0.0,1.500000000000001,-0.5465354179370586
502,5.019999999999937,8.386360708625377e-05,0.0,1.5000000000000007,-0.5463881991284161
503,5.029999999999937,8.31662456778066e-05,0.0,1.5000000000000018,-0.5462396885725574
504,5.039999999999937,8.246866619635474e-05,0.0,1.500000000000001,-0.5460898804460096
505,5.049999999999937,8.177094514413171e-05,0.0,1.5000000000000013,-0.5459387689450438
506,5.0599999999999365,8.10731591997099e-05,0.0,1.5,-0.5457863482900059
507,5.069999999999936,8.037538521120201e-05,0.0,1.500000000000002,-0.5456326127298945
508,5.079999999999936,7.967770018943417e-05,0.0,1.5000000000000007,-0.5454775565471963
509,5.089999999999936,7.898018130109105e-05,0.0,1.5000000000000018,-0.545321174062954
510,5.099999999999936,7.828290586183417e-05,0.0,1.5000000000000007,-0.5451634596421668
511,5.1099999999999355,7.758595132939343e-05,0.0,1.5000000000000016,-0.5450044076994023
512,5.119999999999935,7.688939529663274e-05,0.0,1.500000000000001,-0.5448440127047673
513,5.129999999999935,7.619331548459009e-05,0.0,1.5000000000000004,-0.5446822691901901
514,5.139999999999935,7.54977897354932e-05,0.0,1.500000000000001,-0.5445191717559968
515,5.149999999999935,7.480289600575078e-05,0.0,1.5,-0.5443547150778774
516,5.159999999999934,7.41087123589202e-05,0.0,1.5000000000000004,-0.5441888939141981
517,5.169999999999934,7.34153169586523e-05,0.0,1.500000000000001,-0.5440217031137001
518,5.179999999999934,7.272278806161407e-05,0.0,1.5000000000000004,-0.5438531376235803
519,5.189999999999934,7.203120401038914e-05,0.0,1.5000000000000004,-0.5436831924980344
520,5.199999999999934,7.134064322635773e-05,0.0,1.5000000000000004,-0.5435118629071902
521,5.209999999999933,7.065118420255582e-05,0.0,1.5000000000000007,-0.5433391441465382
522,5.219999999999933,6.99629054965146e-05,0.0,1.5000000000000007,-0.5431650316468195
523,5.229999999999933,6.92758857230807e-05,0.0,1.5000000000000004,-0.5429895209844502
524,5.239999999999933,6.859020354721793e-05,0.0,1.5000000000000007,-0.5428126078924228
525,5.2499999999999325,6.79059376767911e-05,0.0,1.5000000000000002,-0.5426342882718203
526,5.259999999999932,6.722316685533242e-05,0.0,1.5000000000000009,-0.5424545582038847
527,5.269999999999932,6.65419698547915e-05,0.0,1.5000000000000002,-0.542273413962661
528,5.279999999999932,6.586242546826914e-05,0.0,1.5000000000000009,-0.5420908520283495
529,5.289999999999932,6.518461250273602e-05,0.0,1.5000000000000009,-0.5419068691012376
530,5.299999999999931,6.450860977173651e-05,0.0,1.5000000000000013,-0.5417214621164171
531,5.309999999999931,6.383449608807855e-05,0.0,1.5000000000000002,-0.5415346282591186
532,5.319999999999931,6.316235025651016e-05,0.0,1.5000000000000009,-0.5413463649809368
533,5.329999999999931,6.249225106638322e-05,0.0,1.5000000000000004,-0.5411566700167391
534,5.339999999999931,6.182427728430517e-05,0.0,1.5000000000000004,-0.5409655414024537
535,5.34999999999993,6.115850764677947e-05,0.0,1.5000000000000007,-0.5407729774937456
536,5.35999999999993,6.049502085283509e-05,0.0,1.4999999999999998,-0.5405789769855628
537,5.36999999999993,5.983389555664629e-05,0.0,1.5000000000000004,-0.5403835389326315
538,5.37999999999993,5.917521036014266e-05,0.0,1.5,-0.5401866627709875
539,5.3899999999999295,5.8519043805610764e-05,0.0,1.5000000000000002,-0.5399883483404737
540,5.399999999999929,5.7865474368287593e-05,0.0,1.5000000000000009,-0.5397885959083764
541,5.409999999999929,5.721458044894668e-05,0.0,1.5000000000000004,-0.5395874061941394
542,5.419999999999929,5.656644036647763e-05,0.0,1.5,-0.539384780395291
543,5.429999999999929,5.592113235045956e-05,0.0,1.5000000000000009,-0.5391807202145658
544,5.4399999999999284,5.527873453372927e-05,0.0,1.5000000000000002,-0.5389752278882899
545,5.449999999999928,5.46393249449449e-05,0.0,1.5000000000000004,-0.5387683062161517
546,5.459999999999928,5.400298150114539e-05,0.0,1.5000000000000007,-0.5385599585922771
547,5.469999999999928,5.3369782000307015e-05,0.0,1.5000000000000007,-0.5383501890377835
548,5.479999999999928,5.27398041138971e-05,0.0,1.4999999999999998,-0.5381390022348432
549,5.489999999999927,5.211312537942602e-05,0.0,1.5000000000000009,-0.5379264035622454
550,5.499999999999927,5.148982319299798e-05,0.0,1.5000000000000009,-0.5377123991326116
551,5.509999999999927,5.086997480186132e-05,0.0,1.5000000000000009,-0.5374969958312905
552,5.519999999999927,5.025365729695903e-05,0.0,1.5,-0.537280201356946
553,5.5299999999999265,4.964094760548017e-05,0.0,1.5000000000000004,-0.5370620242639819
554,5.539999999999926,4.903192248341294e-05,0.0,1.5000000000000007,-0.5368424740068094
555,5.549999999999926,4.8426658508100005e-05,0.0,1.4999999999999996,-0.5366215609860564
556,5.559999999999926,4.782523207079689e-05,0.0,1.5000000000000013,-0.5363992965967497
557,5.569999999999926,4.722771936923402e-05,0.0,1.5,-0.5361756932785481
558,5.5799999999999255,4.663419640018327e-05,0.0,1.5000000000000009,-0.5359507645681348
559,5.589999999999925,4.6044738952029485e-05,0.0,1.5000000000000004,-0.5357245251537522
560,5.599999999999925,4.545942259734794e-05,0.0,1.5000000000000004,-0.5354969909320005
561,5.609999999999925,4.487832268548831e-05,0.0,1.5000000000000009,-0.5352681790669385
562,5.619999999999925,4.4301514335165836e-05,0.0,1.5000000000000002,-0.5350381080515744
563,5.629999999999924,4.372907242706039e-05,0.0,1.4999999999999998,-0.5348067977717413
564,5.639999999999924,4.316107159642432e-05,0.0,1.5000000000000013,-0.5345742695725043
565,5.649999999999924,4.2597586225699425e-05,0.0,1.4999999999999998,-0.5343405463270482
566,5.659999999999924,4.2038690437144225e-05,0.0,1.5000000000000009,-0.5341056525081782
567,5.6699999999999235,4.148445808547183e-05,0.0,1.4999999999999996,-0.5338696142624143
568,5.679999999999923,4.0934962750499295e-05,0.0,1.5,-0.5336324594867687
569,5.689999999999923,4.0390277729809295e-05,0.0,1.5000000000000009,-0.533394217908147
570,5.699999999999923,3.985047603142448e-05,0.0,1.4999999999999998,-0.5331549211655056
571,5.709999999999923,3.931563036649554e-05,0.0,1.5,-0.5329146028946907
572,5.7199999999999225,3.8785813142003616e-05,0.0,1.4999999999999998,-0.5326732988159684
573,5.729999999999922,3.826109645347761e-05,0.0,1.5,-0.5324310468242779
574,5.739999999999922,3.774155207772733e-05,0.0,1.5000000000000007,-0.5321878870821086
575,5.749999999999922,3.722725146559296e-05,0.0,1.5000000000000013,-0.5319438621150399
576,5.759999999999922,3.6718265734711765e-05,0.0,1.5000000000000002,-0.5316990169097973
577,5.769999999999921,3.621466566230256e-05,0.0,1.5,-0.5314533990148101
578,5.779999999999921,3.5716521677968756e-05,0.0,1.5000000000000009,-0.5312070586431471
579,5.789999999999921,3.522390385652074e-05,0.0,1.5000000000000004,-0.5309600487776756
580,5.799999999999921,3.473688191081807e-05,0.0,1.4999999999999998,-0.5307124252783311
581,5.809999999999921,3.425552518463251e-05,0.0,1.5000000000000009,-0.530464246991303
582,5.81999999999992,3.3779902645532304e-05,0.0,1.5000000000000004,-0.5302155758599244
583,5.82999999999992,3.33100828777886e-05,0.0,1.5000000000000004,-0.5299664770369905
584,5.83999999999992,3.284613407530468e-05,0.0,1.5000000000000016,-0.5297170189982748
585,5.84999999999992,3.23881240345686e-05,0.0,1.5000000000000007,-0.5294672736568813
586,5.8599999999999195,3.1936120147630086e-05,0.0,1.5000000000000002,-0.5292173164780659
587,5.869999999999919,3.14901893951023e-05,0.0,1.5000000000000009,-0.5289672265941193
588,5.879999999999919,3.105039833918924e-05,0.0,1.5000000000000016,-0.5287170869188589
589,5.889999999999919,3.0616813116739304e-05,0.0,1.5000000000000009,-0.5284669842612026
590,5.899999999999919,3.018949943232601e-05,0.0,1.5000000000000018,-0.5282170094372183
591,5.909999999999918,2.976852255135628e-05,0.0,1.5000000000000007,-0.5279672573801006
592,5.919999999999918,2.9353947293207155e-05,0.0,1.5000000000000016,-0.5277178272472716
593,5.929999999999918,2.8945838024391564e-05,0.0,1.5000000000000022,-0.5274688225239481
594,5.939999999999918,2.8544258651753888e-05,0.0,1.5000000000000013,-0.5272203511222716
595,5.949999999999918,2.814927261569593e-05,0.0,1.500000000000002,-0.5269725254751494
596,5.959999999999917,2.7760942883434116e-05,0.0,1.5000000000000018,-0.526725462623817
597,5.969999999999917,2.7379331942288428e-05,0.0,1.5000000000000022,-0.5264792842980871
598,5.979999999999917,2.700450179300394e-05,0.0,1.5000000000000029,-0.5262341169881993
599,5.989999999999917,2.6636513943105522e-05,0.0,1.5000000000000029,-0.5259900920070016
600,5.9999999999999165,2.627542940028644e-05,0.0,1.5000000000000022,-0.5257473455413384
601,6.009999999999916,2.5921308665831523e-05,0.0,1.5000000000000027,-0.5255060186911826
602,6.019999999999916,2.5574211728075572e-05,0.0,1.500000000000003,-0.5252662574952222
603,6.029999999999916,2.5234198055897704e-05,0.0,1.500000000000003,-0.5250282129413864
604,6.039999999999916,2.490132659225229e-05,0.0,1.500000000000003,-0.5247920409608541
605,6.0499999999999154,2.457565574773715e-05,0.0,1.5000000000000033,-0.5245579024039425
606,6.059999999999915,2.4257243394199728e-05,0.0,1.5000000000000033,-0.5243259629963202
607,6.069999999999915,2.39461468583818e-05,0.0,1.500000000000004,-0.5240963932739278
608,6.079999999999915,2.3642422915603543e-05,0.0,1.5000000000000042,-0.5238693684949514
609,6.089999999999915,2.3346127783487482e-05,0.0,1.5000000000000044,-0.5236450685272823
610,6.099999999999914,2.305731711572304e-05,0.0,1.5000000000000036,-0.5234236777097705
611,6.109999999999914,2.27760459958724e-05,0.0,1.5000000000000042,-0.5232053846858439
612,6.119999999999914,2.250236893121815e-05,0.0,1.500000000000004,-0.5229903822078469
613,6.129999999999914,2.2236339846653655e-05,0.0,1.500000000000004,-0.5227788669108514
614,6.1399999999999135,2.19780120786165e-05,0.0,1.5000000000000049,-0.5225710390544993
615,6.149999999999913,2.172743836906587e-05,0.0,1.5000000000000056,-0.5223671022318751
616,6.159999999999913,2.1484670859504422e-05,0.0,1.5000000000000053,-0.5221672630443087
617,6.169999999999913,2.1249761085045253e-05,0.0,1.5000000000000053,-0.5219717307414288
618,6.179999999999913,2.1022759968524732e-05,0.0,1.5000000000000056,-0.5217807168259264
619,6.1899999999999125,2.0803717814661674e-05,0.0,1.5000000000000058,-0.5215944346227233
620,6.199999999999912,2.0592684304263606e-05,0.0,1.5000000000000056,-0.5214130988126329
621,6.209999999999912,2.0389708488480683e-05,0.0,1.5000000000000058,-0.5212369249308847
622,6.219999999999912,2.0194838783107953e-05,0.0,1.5000000000000058,-0.5210661288312395
623,6.229999999999912,2.0008122962936463e-05,0.0,1.500000000000006,-0.5209009261168034
624,6.239999999999911,1.9829608156153996e-05,0.0,1.500000000000007,-0.5207415315391368
625,6.249999999999911,1.9659340838795927e-05,0.0,1.5000000000000056,-0.5205881583676092
626,6.259999999999911,1.9497366829246822e-05,0.0,1.500000000000007,-0.520441017731368
627,6.269999999999911,1.9343731282793463e-05,0.0,1.500000000000007,-0.5203003179368916
628,6.2799999999999105,1.919847868622983e-05,0.0,1.5000000000000069,-0.5201662637644189
629,6.28999999999991,1.9061652852514636e-05,0.0,1.5000000000000069,-0.5200390557469945
630,6.29999999999991,1.8933296915482113e-05,0.0,1.5000000000000069,-0.5199188894364433
631,6.30999999999991,1.8813453324606495e-05,0.0,1.5000000000000073,-0.5198059546608031
632,6.31999999999991,1.870216383982089e-05,0.0,1.5000000000000073,-0.5197004347783442
633,6.3299999999999095,1.8599469526391114e-05,0.0,1.5000000000000075,-0.5196025059333861
634,6.339999999999909,1.850541074984501e-05,0.0,1.5000000000000075,-0.5195123363196226
635,6.349999999999909,1.8420027170957904e-05,0.0,1.5000000000000069,-0.5194300854568288
636,6.359999999999909,1.8343357740794707e-05,0.0,1.5000000000000069,-0.5193559034868906
637,6.369999999999909,1.8275440695809296e-05,0.0,1.5000000000000073,-0.5192899304952289
638,6.379999999999908,1.8216313553001644e-05,0.0,1.500000000000007,-0.5192322958638208
639,6.389999999999908,1.8166013105133385e-05,0.0,1.5000000000000069,-0.5191831176616278
640,6.399999999999908,1.812457541600223e-05,0.0,1.5000000000000073,-0.5191425020784097
641,6.409999999999908,1.8092035815775905e-05,0.0,1.5000000000000078,-0.5191105429072961
642,6.419999999999908,1.80684288963861e-05,0.0,1.5000000000000078,-0.5190873210814365
643,6.429999999999907,1.8053788506982938e-05,0.0,1.5000000000000073,-0.5190729042693357
644,6.439999999999907,1.804814774945059e-05,0.0,1.5000000000000078,-0.5190673465331404
645,6.449999999999907,1.805153897398449e-05,0.0,1.500000000000007,-0.5190706880534226
646,6.459999999999907,1.8063993774730695e-05,0.0,1.5000000000000067,-0.5190829549234575
647,6.4699999999999065,1.8085542985487973e-05,0.0,1.5000000000000067,-0.5191041590150762
648,6.479999999999906,1.811621667547302e-05,0.0,1.5000000000000069,-0.5191342979177032
649,6.489999999999906,1.8156044145149423e-05,0.0,1.5000000000000069,-0.5191733549510771
650,6.499999999999906,1.820505392212085e-05,0.0,1.500000000000007,-0.5192212992516675
651,6.509999999999906,1.826327375708893e-05,0.0,1.500000000000006,-0.5192780859317006
652,6.519999999999905,1.8330730619876345e-05,0.0,1.5000000000000064,-0.5193436563092317
653,6.529999999999905,1.840745069551568e-05,0.0,1.5000000000000067,-0.5194179382066796
654,6.539999999999905,1.8493459380404397e-05,0.0,1.5000000000000064,-0.5195008463147421
655,6.549999999999905,1.8588781278526563e-05,0.0,1.5000000000000062,-0.5195922826178342
656,6.559999999999905,1.8693440197741646e-05,0.0,1.5000000000000062,-0.5196921368767112
657,6.569999999999904,1.8807459146141027e-05,0.0,1.500000000000006,-0.5198002871633143
658,6.579999999999904,1.8930860328472522e-05,0.0,1.5000000000000058,-0.5199166004426276
659,6.589999999999904,1.9063665142633514e-05,0.0,1.5000000000000049,-0.5200409331958229
660,6.599999999999904,1.920589417623304e-05,0.0,1.5000000000000053,-0.5201731320788645
661,6.6099999999999035,1.9357567203223406e-05,0.0,1.5000000000000056,-0.520313034610545
662,6.619999999999903,1.9518703180601588e-05,0.0,1.5000000000000044,-0.5204604698837999
663,6.629999999999903,1.9689320245181086e-05,0.0,1.5000000000000044,-0.5206152592943615
664,6.639999999999903,1.9869435710434457e-05,0.0,1.5000000000000047,-0.52077721728063
665,6.649999999999903,2.0059066063407104e-05,0.0,1.500000000000004,-0.520946152069135
666,6.659999999999902,2.0258226961702604e-05,0.0,1.5000000000000044,-0.5211218664199223
667,6.669999999999902,2.0466933230540165e-05,0.0,1.5000000000000044,-0.5213041583667405
668,6.679999999999902,2.0685198859884423e-05,0.0,1.5000000000000033,-0.521492821947043
669,6.689999999999902,2.0913037001648135e-05,0.0,1.500000000000004,-0.5216876479174142
670,6.699999999999902,2.1150459966968064e-05,0.0,1.500000000000004,-0.5218884244502427
671,6.709999999999901,2.139747922355456e-05,0.0,1.5000000000000027,-0.5220949378081118
672,6.719999999999901,2.165410539311503e-05,0.0,1.5000000000000029,-0.5223069729926588
673,6.729999999999901,2.1920348248851936e-05,0.0,1.500000000000003,-0.5225243143652207
674,6.739999999999901,2.2196216713035445e-05,0.0,1.500000000000003,-0.5227467462369672
675,6.7499999999999005,2.2481718854651227e-05,0.0,1.5000000000000027,-0.5229740534267453
676,6.7599999999999,2.2776861887123778e-05,0.0,1.5000000000000018,-0.5232060217851866
677,6.7699999999999,2.308165216611551e-05,0.0,1.500000000000002,-0.5234424386841404
678,6.7799999999999,2.3396095187402066e-05,0.0,1.5000000000000022,-0.5236830934707419
679,6.7899999999999,2.3720195584824164e-05,0.0,1.500000000000002,-0.5239277778859815
680,6.7999999999998995,2.4053957128316238e-05,0.0,1.5000000000000027,-0.5241762864476782
681,6.809999999999899,2.439738272201232e-05,0.0,1.5000000000000018,-0.5244284167983964
682,6.819999999999899,2.4750474402429377e-05,0.0,1.5000000000000022,-0.5246839700187381
683,6.829999999999899,2.5113233336728494e-05,0.0,1.500000000000002,-0.5249427509070114
684,6.839999999999899,2.548565982105413e-05,0.0,1.5000000000000016,-0.5252045682261863
685,6.849999999999898,2.5867753278951854e-05,0.0,1.5000000000000013,-0.5254692349194052
686,6.859999999999898,2.625951225986475e-05,0.0,1.5000000000000009,-0.5257365682953675
687,6.869999999999898,2.666093443770883e-05,0.0,1.5000000000000007,-0.5260063901850089
688,6.879999999999898,2.7072016609527706e-05,0.0,1.5000000000000004,-0.5262785270710112
689,6.8899999999998975,2.7492754694226858e-05,0.0,1.5000000000000007,-0.5265528101917059
690,6.899999999999897,2.7923143731387666e-05,0.0,1.500000000000001,-0.5268290756209952
691,6.909999999999897,2.8363177880161555e-05,0.0,1.5000000000000007,-0.5271071643259194
692,6.919999999999897,2.8812850418244435e-05,0.0,1.5,-0.527386922203426
693,6.929999999999897,2.927215374093174e-05,0.0,1.5000000000000004,-0.5276682000980991
694,6.9399999999998965,2.974107936025424e-05,0.0,1.5,-0.5279508538022569
695,6.949999999999896,3.0219617904194916e-05,0.0,1.5000000000000004,-0.5282347440400732
696,6.959999999999896,3.07077591159871e-05,0.0,1.500000000000001,-0.5285197364371419
697,6.969999999999896,3.120549185349407e-05,0.0,1.5000000000000004,-0.5288057014769824
698,6.979999999999896,3.171280408867032e-05,0.0,1.5000000000000004,-0.5290925144457806
699,6.989999999999895,3.2229682907104786e-05,0.0,1.5000000000000009,-0.529380055366729
700,6.999999999999895,3.275611450764609e-05,0.0,1.5000000000000004,-0.5296682089251592
701,7.009999999999895,3.329208420211e-05,0.0,1.5,-0.5299568643856566
702,7.019999999999895,3.383757641506951e-05,0.0,1.5000000000000002,-0.530245915502218
703,7.0299999999998946,3.4392574683727396e-05,0.0,1.5,-0.5305352604224818
704,7.039999999999894,3.495706165787153e-05,0.0,1.4999999999999996,-0.5308248015869915
705,7.049999999999894,3.5531019099913324e-05,0.0,1.4999999999999996,-0.5311144456243134
706,7.059999999999894,3.611442788500904e-05,0.0,1.5000000000000004,-0.531404103242858
707,7.069999999999894,3.6707268001264504e-05,0.0,1.4999999999999996,-0.5316936891201527
708,7.0799999999998935,3.7309518550023075e-05,0.0,1.5000000000000002,-0.5319831217901809
709,7.089999999999893,3.7921157746237234e-05,0.0,1.4999999999999996,-0.532272323529437
710,7.099999999999893,3.854216291892363e-05,0.0,1.4999999999999993,-0.5325612202422628
711,7.109999999999893,3.917251051170203e-05,0.0,1.4999999999999991,-0.5328497413459518
712,7.119999999999893,3.981217608341792e-05,0.0,1.4999999999999991,-0.5331378196560296
713,7.129999999999892,4.0461134308849244e-05,0.0,1.4999999999999987,-0.5334253912721796
714,7.139999999999892,4.111935897949695e-05,0.0,1.5000000000000002,-0.5337123954651225
715,7.149999999999892,4.178682300445983e-05,0.0,1.4999999999999991,-0.5339987745647424
716,7.159999999999892,4.2463498411393364e-05,0.0,1.4999999999999991,-0.5342844738497861
717,7.169999999999892,4.314935634755295e-05,0.0,1.4999999999999991,-0.5345694414393395
718,7.179999999999891,4.384436708092133e-05,0.0,1.4999999999999991,-0.5348536281862444
719,7.189999999999891,4.454850000142045e-05,0.0,1.499999999999999,-0.5351369875727325
720,7.199999999999891,4.5261723622207666e-05,0.0,1.4999999999999996,-0.5354194756082824
721,7.209999999999891,4.598400558105633e-05,0.0,1.499999999999999,-0.5357010507299441
722,7.2199999999998905,4.671531264182099e-05,0.0,1.4999999999999991,-0.5359816737051525
723,7.22999999999989,4.745561069598689e-05,0.0,1.4999999999999987,-0.5362613075370951
724,7.23999999999989,4.820486476430407e-05,0.0,1.4999999999999991,-0.5365399173727626
725,7.24999999999989,4.896303899850588e-05,0.0,1.4999999999999991,-0.5368174704136445
726,7.25999999999989,4.9730096683112085e-05,0.0,1.499999999999999,-0.5370939358291177
727,7.269999999999889,5.050600023731635e-05,0.0,1.4999999999999987,-0.5373692846725696
728,7.279999999999889,5.129071121695821e-05,0.0,1.4999999999999984,-0.5376434898001909
729,7.289999999999889,5.208419031657947e-05,0.0,1.4999999999999987,-0.5379165257924955
730,7.299999999999889,5.2886397371564996e-05,0.0,1.499999999999998,-0.5381883688784809
731,7.309999999999889,5.3697291360367905e-05,0.0,1.4999999999999982,-0.5384589968624518
732,7.319999999999888,5.451683040681889e-05,0.0,1.4999999999999996,-0.5387283890534329
733,7.329999999999888,5.534497178251998e-05,0.0,1.4999999999999982,-0.5389965261971532
734,7.339999999999888,5.618167190932239e-05,0.0,1.4999999999999991,-0.5392633904105304
735,7.349999999999888,5.7026886361888385e-05,0.0,1.4999999999999987,-0.5395289651186425
736,7.3599999999998875,5.788056987033728e-05,0.0,1.499999999999999,-0.5397932349940697
737,7.369999999999887,5.8742676322975245e-05,0.0,1.4999999999999991,-0.5400561858986137
738,7.379999999999887,5.9613158769109025e-05,0.0,1.4999999999999993,-0.5403178048272986
739,7.389999999999887,6.049196942194332e-05,0.0,1.4999999999999991,-0.5405780798545845
740,7.399999999999887,6.137905966156175e-05,0.0,1.4999999999999978,-0.5408370000827576
741,7.4099999999998865,6.227438003799132e-05,0.0,1.4999999999999991,-0.541094555592414
742,7.419999999999886,6.317788027435017e-05,0.0,1.4999999999999991,-0.5413507373949796
743,7.429999999999886,6.40895092700786e-05,0.0,1.4999999999999996,-0.5416055373871733
744,7.439999999999886,6.500921510425314e-05,0.0,1.499999999999999,-0.541858948307437
745,7.449999999999886,6.593694503898338e-05,0.0,1.4999999999999982,-0.5421109636941207
746,7.459999999999885,6.687264552289172e-05,0.0,1.4999999999999991,-0.542361577845513
747,7.469999999999885,6.78162621946756e-05,0.0,1.4999999999999991,-0.5426107857815609
748,7.479999999999885,6.876773988675203e-05,0.0,1.4999999999999984,-0.5428585832072295
749,7.489999999999885,6.972702262898441e-05,0.0,1.4999999999999996,-0.5431049664774692
750,7.4999999999998845,7.069405365249136e-05,0.0,1.4999999999999987,-0.5433499325637103
751,7.509999999999884,7.166877539353724e-05,0.0,1.4999999999999987,-0.5435934790218367
752,7.519999999999884,7.265112949750433e-05,0.0,1.4999999999999982,-0.5438356039615541
753,7.529999999999884,7.364105682294634e-05,0.0,1.5,-0.5440763060171482
754,7.539999999999884,7.463849744572308e-05,0.0,1.4999999999999996,-0.5443155843195499
755,7.5499999999998835,7.564339066321596e-05,0.0,1.4999999999999996,-0.544553438469625
756,7.559999999999883,7.665567499862423e-05,0.0,1.5,-0.544789868512706
757,7.569999999999883,7.767528820534147e-05,0.0,1.4999999999999991,-0.54502487491426
758,7.579999999999883,7.870216727141247e-05,0.0,1.499999999999999,-0.545258458536652
759,7.589999999999883,7.973624842406962e-05,0.0,1.4999999999999991,-0.5454906206170297
760,7.599999999999882,8.077746713434934e-05,0.0,1.5,-0.545721362746139
761,7.609999999999882,8.182575812178735e-05,0.0,1.4999999999999991,-0.5459506868482035
762,7.619999999999882,8.288105535919334e-05,0.0,1.4999999999999996,-0.5461785951616531
763,7.629999999999882,8.394329207750414e-05,0.0,1.4999999999999996,-0.5464050902208235
764,7.6399999999998816,8.501240077071542e-05,0.0,1.4999999999999996,-0.5466301748384652
765,7.649999999999881,8.608831320089128e-05,0.0,1.4999999999999996,-0.5468538520890759
766,7.659999999999881,8.717096040325206e-05,0.0,1.4999999999999993,-0.5470761252930306
767,7.669999999999881,8.826027269133888e-05,0.0,1.4999999999999996,-0.5472969980014684
768,7.679999999999881,8.935617966225612e-05,0.0,1.4999999999999998,-0.5475164739818487
769,7.6899999999998805,9.045861020198988e-05,0.0,1.4999999999999998,-0.5477345572042491
770,7.69999999999988,9.15674924908034e-05,0.0,1.499999999999999,-0.547951251828305
771,7.70999999999988,9.268275400870822e-05,0.0,1.4999999999999996,-0.5481665621907097
772,7.71999999999988,9.380432154101106e-05,0.0,1.5,-0.548380492793439
773,7.72999999999988,9.493212118393609e-05,0.0,1.4999999999999996,-0.5485930482924221
774,7.739999999999879,9.606607835032197e-05,0.0,1.4999999999999996,-0.5488042334868193
775,7.749999999999879,9.720611777539349e-05,0.0,1.4999999999999996,-0.5490140533088207
776,7.759999999999879,9.835216352260722e-05,0.0,1.4999999999999996,-0.5492225128139255
777,7.769999999999879,9.9504138989571e-05,0.0,1.4999999999999996,-0.5494296171717108
778,7.779999999999879,0.00010066196691403663,0.0,1.5000000000000002,-0.5496353716570267
779,7.789999999999878,0.00010182556937996526,0.0,1.499999999999999,-0.549839781641673
780,7.799999999999878,0.0001029948678236656,0.0,1.5,-0.5500428525864325
781,7.809999999999878,0.00010416978304000367,0.0,1.4999999999999991,-0.5502445900335364
782,7.819999999999878,0.00010535023518868443,0.0,1.5,-0.5504449995995001
783,7.8299999999998775,0.00010653614380060436,0.0,1.4999999999999996,-0.5506440869682998
784,7.839999999999877,0.00010772742778427451,0.0,1.4999999999999991,-0.5508418578849279
785,7.849999999999877,0.00010892400543231403,0.0,1.4999999999999987,-0.5510383181492144
786,7.859999999999877,0.00011012579442801315,0.0,1.4999999999999991,-0.551233473610038
787,7.869999999999877,0.00011133271185196535,0.0,1.499999999999999,-0.5514273301597653
788,7.879999999999876,0.00011254467418876838,0.0,1.5000000000000002,-0.5516198937290198
789,7.889999999999876,0.00011376159733379325,0.0,1.4999999999999996,-0.551811170281684
790,7.899999999999876,0.00011498339660002118,0.0,1.4999999999999996,-0.552001165810208
791,7.909999999999876,0.00011620998672494761,0.0,1.5,-0.5521898863311031
792,7.919999999999876,0.00011744128187755266,0.0,1.4999999999999987,-0.5523773378807271
793,7.929999999999875,0.00011867719566533829,0.0,1.4999999999999996,-0.5525635265112457
794,7.939999999999875,0.00011991764114143035,0.0,1.4999999999999996,-0.552748458286852
795,7.949999999999875,0.00012116253081174612,0.0,1.5,-0.5529321392801486
796,7.959999999999875,0.0001224117766422265,0.0,1.4999999999999996,-0.5531145755687442
797,7.9699999999998745,0.00012366529006613156,0.0,1.4999999999999991,-0.5532957732320359
798,7.979999999999874,0.00012492298199140008,0.0,1.4999999999999998,-0.55347573834816
799,7.989999999999874,0.00012618476280807167,0.0,1.4999999999999996,-0.5536544769911109
800,7.999999999999874,0.000127450542395771,0.0,1.5000000000000004,-0.553831995228019
801,8.009999999999874,0.00012872023013125387,0.0,1.5,-0.554008299116598
802,8.019999999999873,0.00012999373489601428,0.0,1.4999999999999996,-0.5541833947027007
803,8.029999999999873,0.00013127096508395205,0.0,1.4999999999999996,-0.5543572880180554
804,8.039999999999873,0.00013255182860910007,0.0,1.5,-0.5545299850780879
805,8.049999999999873,0.00013383623291341118,0.0,1.5,-0.5547014918799296
806,8.059999999999873,0.00013512408497460328,0.0,1.4999999999999991,-0.5548718144004737
807,8.069999999999872,0.00013641529131406258,0.0,1.5000000000000002,-0.555040958594594
808,8.079999999999872,0.00013770975800480456,0.0,1.4999999999999993,-0.5552089303934771
809,8.089999999999872,0.00013900739067949122,0.0,1.5000000000000002,-0.5553757357029987
810,8.099999999999872,0.00014030809453850448,0.0,1.4999999999999993,-0.5555413804022792
811,8.109999999999872,0.00014161177435807545,0.0,1.4999999999999996,-0.5557058703422557
812,8.119999999999871,0.00014291833449846795,0.0,1.4999999999999987,-0.5558692113444147
813,8.129999999999871,0.00014422767891221654,0.0,1.5,-0.5560314091995384
814,8.139999999999871,0.0001455397111524177,0.0,1.4999999999999996,-0.5561924696665865
815,8.14999999999987,0.00014685433438107405,0.0,1.5,-0.5563523984716339
816,8.15999999999987,0.0001481714513774907,0.0,1.4999999999999991,-0.5565112013068747
817,8.16999999999987,0.00014949096454672275,0.0,1.4999999999999993,-0.5566688838297011
818,8.17999999999987,0.00015081277592807362,0.0,1.4999999999999993,-0.5568254516618647
819,8.18999999999987,0.00015213678720364343,0.0,1.499999999999999,-0.5569809103886679
820,8.19999999999987,0.00015346289970692684,0.0,1.4999999999999996,-0.5571352655582312
821,8.20999999999987,0.0001547910144314592,0.0,1.4999999999999996,-0.5572885226808362
822,8.21999999999987,0.00015612103203951075,0.0,1.5000000000000002,-0.5574406872282931
823,8.229999999999869,0.00015745285287082793,0.0,1.4999999999999996,-0.5575917646333622
824,8.239999999999869,0.00015878637695142118,0.0,1.5000000000000009,-0.5577417602892506
825,8.249999999999869,0.00016012150400239835,0.0,1.5,-0.5578906795491231
826,8.259999999999868,0.00016145813344884321,0.0,1.5000000000000002,-0.5580385277256761
827,8.269999999999868,0.00016279616442873787,0.0,1.5000000000000004,-0.5581853100907419
828,8.279999999999868,0.000164135495801929,0.0,1.4999999999999996,-0.5583310318749489
829,8.289999999999868,0.00016547602615913666,0.0,1.5,-0.5584756982673993
830,8.299999999999867,0.00016681765383100473,0.0,1.5000000000000004,-0.5586193144153965
831,8.309999999999867,0.00016816027689719315,0.0,1.5000000000000004,-0.5587618854241935
832,8.319999999999867,0.00016950379319550978,0.0,1.4999999999999991,-0.5589034163567974
833,8.329999999999867,0.00017084810033108266,0.0,1.5000000000000004,-0.5590439122337733
834,8.339999999999867,0.00017219309568557056,0.0,1.5000000000000009,-0.5591833780330907
835,8.349999999999866,0.00017353867642641167,0.0,1.5,-0.5593218186900144
836,8.359999999999866,0.0001748847395161098,0.0,1.5000000000000002,-0.5594592390969841
837,8.369999999999866,0.00017623118172155653,0.0,1.5000000000000009,-0.5595956441035551
838,8.379999999999866,0.00017757789962338983,0.0,1.4999999999999993,-0.5597310385163397
839,8.389999999999866,0.00017892478962538646,0.0,1.5000000000000009,-0.5598654270989801
840,8.399999999999865,0.00018027174796388925,0.0,1.5,-0.5599988145721246
841,8.409999999999865,0.0001816186707172673,0.0,1.5,-0.5601312056134631
842,8.419999999999865,0.00018296545381540853,0.0,1.4999999999999996,-0.5602626048577342
843,8.429999999999865,0.00018431199304924374,0.0,1.5000000000000007,-0.5603930168967781
844,8.439999999999864,0.00018565818408030157,0.0,1.5000000000000002,-0.5605224462795979
845,8.449999999999864,0.00018700392245029316,0.0,1.500000000000001,-0.5606508975124398
846,8.459999999999864,0.0001883491035907261,0.0,1.5,-0.5607783750588814
847,8.469999999999864,0.00018969362283254634,0.0,1.4999999999999996,-0.560904883339941
848,8.479999999999864,0.00019103737541580767,0.0,1.5000000000000007,-0.5610304267341935
849,8.489999999999863,0.00019238025649936767,0.0,1.5000000000000004,-0.5611550095779027
850,8.499999999999863,0.00019372216117060894,0.0,1.5,-0.5612786361651664
851,8.509999999999863,0.00019506298445518588,0.0,1.5,-0.5614013107480581
852,8.519999999999863,0.00019640262132679452,0.0,1.5000000000000004,-0.5615230375368042
853,8.529999999999863,0.0001977409667169663,0.0,1.5,-0.5616438206999592
854,8.539999999999862,0.0001990779155248831,0.0,1.5,-0.5617636643645606
855,8.549999999999862,0.00020041336262721448,0.0,1.5,-0.561882572616348
856,8.559999999999862,0.00020174720288797463,0.0,1.4999999999999998,-0.562000549499952
857,8.569999999999862,0.00020307933116839932,0.0,1.5,-0.5621175990190833
858,8.579999999999862,0.00020440964233684128,0.0,1.5000000000000007,-0.5622337251367704
859,8.589999999999861,0.00020573803127868354,0.0,1.5000000000000004,-0.5623489317755527
860,8.599999999999861,0.00020706439290626934,0.0,1.5000000000000004,-0.562463222817714
861,8.60999999999986,0.00020838862216884845,0.0,1.5000000000000009,-0.562576602105508
862,8.61999999999986,0.00020971061406253812,0.0,1.5000000000000004,-0.5626890734414008
863,8.62999999999986,0.00021103026364029863,0.0,1.5000000000000004,-0.5628006405883001
864,8.63999999999986,0.00021234746602192162,0.0,1.5000000000000004,-0.5629113072697899
865,8.64999999999986,0.00021366211640403153,0.0,1.5000000000000009,-0.5630210771703904
866,8.65999999999986,0.00021497411007009764,0.0,1.5000000000000009,-0.5631299539358045
867,8.66999999999986,0.0002162833424004571,0.0,1.5000000000000004,-0.5632379411731657
868,8.67999999999986,0.0002175897088823478,0.0,1.5000000000000004,-0.5633450424512841
869,8.68999999999986,0.00021889310511994937,0.0,1.5,-0.5634512613009309
870,8.699999999999859,0.0002201934268444325,0.0,1.5000000000000009,-0.5635566012150702
871,8.709999999999859,0.00022149056992401466,0.0,1.5000000000000004,-0.5636610656491442
872,8.719999999999859,0.0002227844303740222,0.0,1.5000000000000007,-0.5637646580213148
873,8.729999999999858,0.00022407490436695713,0.0,1.5000000000000007,-0.5638673817127428
874,8.739999999999858,0.00022536188824256786,0.0,1.5000000000000004,-0.5639692400678592
875,8.749999999999858,0.00022664527851792388,0.0,1.5000000000000013,-0.5640702363946245
876,8.759999999999858,0.00022792497189749126,0.0,1.5000000000000007,-0.5641703739647963
877,8.769999999999857,0.0002292008652832109,0.0,1.5000000000000004,-0.5642696560142121
878,8.779999999999857,0.00023047285578457603,0.0,1.5000000000000004,-0.5643680857430365
879,8.789999999999857,0.0002317408407287095,0.0,1.500000000000001,-0.5644656663160511
880,8.799999999999857,0.00023300471767043966,0.0,1.5000000000000002,-0.5645624008629375
881,8.809999999999857,0.00023426438440237335,0.0,1.5000000000000004,-0.5646582924785059
882,8.819999999999856,0.00023551973896496578,0.0,1.5000000000000004,-0.5647533442230098
883,8.829999999999856,0.00023677067965658608,0.0,1.5000000000000004,-0.5648475591223888
884,8.839999999999856,0.00023801710504357682,0.0,1.5000000000000004,-0.5649409401685627
885,8.849999999999856,0.0002392589139703083,0.0,1.5000000000000004,-0.5650334903196861
886,8.859999999999856,0.0002404960055692247,0.0,1.5000000000000004,-0.5651252125004228
887,8.869999999999855,0.0002417282792708825,0.0,1.5000000000000002,-0.5652161096022025
888,8.879999999999855,0.00024295563481397948,0.0,1.5000000000000009,-0.5653061844835237
889,8.889999999999855,0.00024417797225537413,0.0,1.5,-0.5653954399701892
890,8.899999999999855,0.0002453951919800931,0.0,1.5000000000000009,-0.5654838788555796
891,8.909999999999854,0.0002466071947113278,0.0,1.5000000000000009,-0.5655715039009468
892,8.919999999999854,0.00024781388152041693,0.0,1.5000000000000004,-0.5656583178356321
893,8.929999999999854,0.0002490151538368157,0.0,1.5000000000000007,-0.5657443233573661
894,8.939999999999854,0.00025021091345805004,0.0,1.5000000000000009,-0.5658295231325284
895,8.949999999999854,0.0002514010625596552,0.0,1.5000000000000009,-0.5659139197963948
896,8.959999999999853,0.0002525855037050971,0.0,1.5000000000000007,-0.565997515953408
897,8.969999999999853,0.00025376413985567605,0.0,1.5000000000000002,-0.566080314177439
898,8.979999999999853,0.0002549368743804122,0.0,1.5000000000000007,-0.566162317012039
899,8.989999999999853,0.00025610361106591053,0.0,1.5000000000000007,-0.5662435269707065
900,8.999999999999853,0.0002572642541262064,0.0,1.500000000000001,-0.5663239465371178
901,9.009999999999852,0.00025841870821258797,0.0,1.5000000000000009,-0.5664035781654122
902,9.019999999999852,0.0002595668784233973,0.0,1.5000000000000004,-0.566482424280433
903,9.029999999999852,0.0002607086703138076,0.0,1.5000000000000016,-0.5665604872779703
904,9.039999999999852,0.00026184398990557585,0.0,1.500000000000001,-0.5666377695250151
905,9.049999999999851,0.00026297274369677,0.0,1.5000000000000009,-0.5667142733600105
906,9.059999999999851,0.00026409483867147025,0.0,1.500000000000001,-0.5667900010930931
907,9.069999999999851,0.0002652101823094425,0.0,1.5000000000000009,-0.5668649550063467
908,9.07999999999985,0.0002663186825957836,0.0,1.500000000000001,-0.5669391373540315
909,9.08999999999985,0.0002674202480305377,0.0,1.5000000000000009,-0.5670125503628389
910,9.09999999999985,0.00026851478763828215,0.0,1.5000000000000013,-0.5670851962321202
911,9.10999999999985,0.00026960221097768213,0.0,1.5000000000000016,-0.5671570771341337
912,9.11999999999985,0.0002706824281510137,0.0,1.5000000000000013,-0.567228195214279
913,9.12999999999985,0.00027175534981365297,0.0,1.500000000000001,-0.5672985525913183
914,9.13999999999985,0.0002728208871835326,0.0,1.5000000000000018,-0.5673681513576385
915,9.14999999999985,0.00027387895205056194,0.0,1.5000000000000018,-0.5674369935794528
916,9.15999999999985,0.00027492945678601226,0.0,1.5000000000000007,-0.5675050812970486
917,9.169999999999849,0.00027597231435186467,0.0,1.5000000000000009,-0.567572416525005
918,9.179999999999849,0.00027700743831012074,0.0,1.5000000000000013,-0.5676390012524322
919,9.189999999999849,0.0002780347428320739,0.0,1.5000000000000013,-0.5677048374431864
920,9.199999999999848,0.0002790541427075416,0.0,1.5000000000000004,-0.5677699270360923
921,9.209999999999848,0.0002800655533540568,0.0,1.500000000000002,-0.5678342719451722
922,9.219999999999848,0.00028106889082601786,0.0,1.5000000000000007,-0.5678978740598538
923,9.229999999999848,0.00028206407182379626,0.0,1.5000000000000013,-0.5679607352452063
924,9.239999999999847,0.0002830510137028003,0.0,1.5000000000000013,-0.5680228573421415
925,9.249999999999847,0.00028402963448249556,0.0,1.5000000000000016,-0.5680842421676308
926,9.259999999999847,0.0002849998528553793,0.0,1.5000000000000009,-0.568144891514933
927,9.269999999999847,0.0002859615881959088,0.0,1.500000000000001,-0.5682048071537936
928,9.279999999999847,0.00028691476056938334,0.0,1.5000000000000013,-0.5682639908306469
929,9.289999999999846,0.0002878592907407773,0.0,1.5000000000000013,-0.5683224442688521
930,9.299999999999846,0.00028879510018352484,0.0,1.5000000000000007,-0.5683801691688716
931,9.309999999999846,0.0002897221110882549,0.0,1.500000000000001,-0.5684371672084969
932,9.319999999999846,0.00029064024637147525,0.0,1.5000000000000004,-0.568493440043046
933,9.329999999999846,0.00029154942968420515,0.0,1.500000000000001,-0.5685489893055686
934,9.339999999999845,0.0002924495854205548,0.0,1.5000000000000013,-0.5686038166070403
935,9.349999999999845,0.000293340638726253,0.0,1.500000000000001,-0.5686579235365737
936,9.359999999999845,0.00029422251550711824,0.0,1.500000000000001,-0.568711311661617
937,9.369999999999845,0.00029509514243747695,0.0,1.5000000000000007,-0.568763982528137
938,9.379999999999844,0.0002959584469685234,0.0,1.5000000000000007,-0.568815937660833
939,9.389999999999844,0.00029681235733662495,0.0,1.500000000000001,-0.5688671785633281
940,9.399999999999844,0.0002976568025715672,0.0,1.5000000000000013,-0.5689177067183532
941,9.409999999999844,0.0002984917125047423,0.0,1.500000000000002,-0.568967523587951
942,9.419999999999844,0.0002993170177772761,0.0,1.5000000000000018,-0.569016630613661
943,9.429999999999843,0.0003001326498480963,0.0,1.5000000000000007,-0.5690650292167119
944,9.439999999999843,0.00030093854100193807,0.0,1.5000000000000013,-0.5691127207982093
945,9.449999999999843,0.00030173462435728805,0.0,1.5000000000000018,-0.569159706739333
946,9.459999999999843,0.0003025208338742653,0.0,1.500000000000001,-0.5692059884015055
947,9.469999999999843,0.00030329710436243797,0.0,1.5000000000000013,-0.5692515671265955
948,9.479999999999842,0.0003040633714885759,0.0,1.5000000000000009,-0.5692964442370924
949,9.489999999999842,0.0003048195717843367,0.0,1.5000000000000016,-0.5693406210363006
950,9.499999999999842,0.0003055656426538866,0.0,1.500000000000002,-0.5693840988085097
951,9.509999999999842,0.00030630152238145237,0.0,1.5000000000000013,-0.5694268788191841
952,9.519999999999841,0.0003070271501388072,0.0,1.500000000000001,-0.5694689623151419
953,9.529999999999841,0.0003077424659926857,0.0,1.5000000000000024,-0.569510350524743
954,9.539999999999841,0.0003084474109121304,0.0,1.5000000000000018,-0.5695510446580568
955,9.54999999999984,0.00030914192677576727,0.0,1.5000000000000018,-0.5695910459070498
956,9.55999999999984,0.00030982595637900985,0.0,1.5000000000000016,-0.5696303554457602
957,9.56999999999984,0.0003104994434411914,0.0,1.5000000000000022,-0.5696689744304745
958,9.57999999999984,0.0003111623326126238,0.0,1.5000000000000013,-0.5697069039999146
959,9.58999999999984,0.0003118145694815826,0.0,1.500000000000001,-0.5697441452753954
960,9.59999999999984,0.0003124561005812184,0.0,1.5000000000000022,-0.5697806993610144
961,9.60999999999984,0.00031308687339639174,0.0,1.5000000000000018,-0.569816567343828
962,9.61999999999984,0.00031370683637043224,0.0,1.5000000000000013,-0.5698517502940187
963,9.62999999999984,0.00031431593891182124,0.0,1.5000000000000018,-0.5698862492650798
964,9.639999999999839,0.00031491413140079667,0.0,1.5000000000000022,-0.5699200652939681
965,9.649999999999839,0.00031550136519587884,0.0,1.5000000000000009,-0.5699531994013072
966,9.659999999999838,0.0003160775926403181,0.0,1.5000000000000009,-0.5699856525915368
967,9.669999999999838,0.0003166427670684615,0.0,1.5000000000000013,-0.5700174258530991
968,9.679999999999838,0.0003171968428120399,0.0,1.500000000000001,-0.5700485201586104
969,9.689999999999838,0.0003177397752063727,0.0,1.5000000000000013,-0.5700789364650208
970,9.699999999999838,0.00031827152059649117,0.0,1.5000000000000018,-0.5701086757138146
971,9.709999999999837,0.0003187920363431783,0.0,1.500000000000002,-0.5701377388311466
972,9.719999999999837,0.0003193012808289257,0.0,1.5000000000000022,-0.570166126728052
973,9.729999999999837,0.00031979921346380567,0.0,1.5000000000000016,-0.5701938403005896
974,9.739999999999837,0.0003202857946912588,0.0,1.5000000000000018,-0.5702208804300232
975,9.749999999999837,0.00032076098599379525,0.0,1.5000000000000013,-0.5702472479830182
976,9.759999999999836,0.00032122474989861055,0.0,1.5000000000000022,-0.5702729438117662
977,9.769999999999836,0.0003216770499831134,0.0,1.5000000000000013,-0.570297968754207
978,9.779999999999836,0.00032211785088036635,0.0,1.500000000000002,-0.570322323634173
979,9.789999999999836,0.00032254711828443787,0.0,1.5000000000000016,-0.5703460092615774
980,9.799999999999836,0.00032296481895566546,0.0,1.500000000000002,-0.5703690264325731
981,9.809999999999835,0.00032337092072582855,0.0,1.500000000000002,-0.5703913759297533
982,9.819999999999835,0.0003237653925032321,0.0,1.5000000000000009,-0.5704130585222923
983,9.829999999999835,0.0003241482042776981,0.0,1.5000000000000016,-0.5704340749661679
984,9.839999999999835,0.00032451932712546577,0.0,1.5000000000000016,-0.570454426004277
985,9.849999999999834,0.0003248787332139998,0.0,1.5000000000000009,-0.5704741123666734
986,9.859999999999834,0.0003252263958067054,0.0,1.5000000000000016,-0.5704931347707111
987,9.869999999999834,0.00032556228926754974,0.0,1.500000000000002,-0.5705114939212332
988,9.879999999999834,0.0003258863890655898,0.0,1.5000000000000018,-0.5705291905107529
989,9.889999999999834,0.00032619867177940455,0.0,1.5000000000000016,-0.5705462252196166
990,9.899999999999833,0.00032649911510143306,0.0,1.500000000000003,-0.5705625987162312
991,9.909999999999833,0.00032678769784221575,0.0,1.5000000000000013,-0.5705783116571853
992,9.919999999999833,0.0003270643999345396,0.0,1.5000000000000016,-0.5705933646874912
993,9.929999999999833,0.00032732920243748654,0.0,1.5000000000000013,-0.570607758440728
994,9.939999999999833,0.00032758208754038345,0.0,1.5000000000000018,-0.5706214935392545
995,9.949999999999832,0.00032782303856665544,0.0,1.5000000000000016,-0.57063457059438
996,9.959999999999832,0.0003280520399775786,0.0,1.5000000000000016,-0.570646990206569
997,9.969999999999832,0.00032826907737593575,0.0,1.5000000000000018,-0.5706587529656206
998,9.979999999999832,0.00032847413750957023,0.0,1.5000000000000016,-0.5706698594508635
999,9.989999999999831,0.0003286672082748413,0.0,1.5000000000000018,-0.5706803102313579
1000,9.999999999999831,0.0003288482787199777,0.0,1.5000000000000016,-0.5706901058660779
1001,10.009999999999831,0.00032901733904833007,0.0,1.5000000000000022,-0.5706992469041269
1002,10.01999999999983,0.00032917438062152253,0.0,1.5000000000000022,-0.5707077338849254
1003,10.02999999999983,0.00032931939596250075,0.0,1.5000000000000022,-0.5707155673384002
1004,10.03999999999983,0.0003294523787584781,0.0,1.5000000000000016,-0.570722747785235
1005,10.04999999999983,0.0003295733238637787,0.0,1.5000000000000013,-0.5707292757370089
1006,10.05999999999983,0.0003296822273025764,0.0,1.5000000000000018,-0.5707351516964635
1007,10.06999999999983,0.0003297790862715303,0.0,1.5000000000000024,-0.5707403761576797
1008,10.07999999999983,0.0003298638991423151,0.0,1.5000000000000016,-0.5707449496063162
1009,10.08999999999983,0.0003299366654640468,0.0,1.5000000000000024,-0.5707488725197933
1010,10.09999999999983,0.0003299973859656033,0.0,1.5000000000000016,-0.5707521453675407
1011,10.109999999999829,0.0003300460625578394,0.0,1.5000000000000018,-0.5707547686111909
1012,10.119999999999829,0.0003300826983356946,0.0,1.5000000000000016,-0.570756742704838
1013,10.129999999999828,0.0003301072975801954,0.0,1.5000000000000013,-0.5707580680952334
1014,10.139999999999828,0.0003301198657603504,0.0,1.5000000000000016,-0.5707587452220254
1015,10.149999999999828,0.0003301204095349377,0.0,1.500000000000002,-0.5707587745179957
1016,10.159999999999828,0.0003301089367541852,0.0,1.5000000000000018,-0.5707581564092931
1017,10.169999999999828,0.00033008545646134245,0.0,1.500000000000002,-0.570756891315673
1018,10.179999999999827,0.0003300499788941445,0.0,1.5000000000000013,-0.5707549796507333
1019,10.189999999999827,0.00033000251548616615,0.0,1.500000000000002,-0.5707524218221829
1020,10.199999999999827,0.0003299430788680686,0.0,1.5000000000000016,-0.5707492182320608
1021,10.209999999999827,0.00032987168286873565,0.0,1.5000000000000018,-0.5707453692770122
1022,10.219999999999827,0.00032978834251630007,0.0,1.5000000000000018,-0.5707408753485353
1023,10.229999999999826,0.0003296930740390614,0.0,1.5000000000000013,-0.570735736833249
1024,10.239999999999826,0.0003295858948662916,0.0,1.500000000000002,-0.5707299541131592
1025,10.249999999999826,0.00032946682362893165,0.0,1.500000000000002,-0.5707235275659215
1026,10.259999999999826,0.00032933588016017704,0.0,1.5000000000000013,-0.5707164575651238
1027,10.269999999999825,0.00032919308549595155,0.0,1.5000000000000016,-0.5707087444805724
1028,10.279999999999825,0.00032903846187526994,0.0,1.5000000000000018,-0.5707003886785454
1029,10.289999999999825,0.0003288720327404901,0.0,1.5000000000000016,-0.5706913905221163
1030,10.299999999999825,0.000328693822737452,0.0,1.5000000000000018,-0.5706817503714281
1031,10.309999999999825,0.00032850385771550556,0.0,1.5000000000000027,-0.5706714685840039
1032,10.319999999999824,0.00032830216472742597,0.0,1.500000000000002,-0.5706605455150358
1033,10.329999999999824,0.0003280887720292161,0.0,1.5000000000000018,-0.5706489815177085
1034,10.339999999999824,0.000327863709079798,0.0,1.5000000000000016,-0.5706367769435075
1035,10.349999999999824,0.0003276270065405897,0.0,1.5000000000000018,-0.5706239321425329
1036,10.359999999999824,0.0003273786962749698,0.0,1.500000000000002,-0.5706104474638508
1037,10.369999999999823,0.00032711881134762954,0.0,1.5000000000000018,-0.5705963232557922
1038,10.379999999999823,0.00032684738602381064,0.0,1.500000000000002,-0.5705815598663189
1039,10.389999999999823,0.0003265644557684303,0.0,1.5000000000000018,-0.5705661576433493
1040,10.399999999999823,0.000326270057245093,0.0,1.500000000000002,-0.5705501169351271
1041,10.409999999999823,0.00032596422831498756,0.0,1.5000000000000018,-0.5705334380905687
1042,10.419999999999822,0.0003256470080356718,0.0,1.500000000000001,-0.5705161214596263
1043,10.429999999999822,0.00032531843665974244,0.0,1.5000000000000016,-0.5704981673936774
1044,10.439999999999822,0.00032497855563339126,0.0,1.5000000000000013,-0.5704795762458726
1045,10.449999999999822,0.00032462740759484765,0.0,1.5000000000000013,-0.5704603483715628
1046,10.459999999999821,0.0003242650363727066,0.0,1.5000000000000016,-0.5704404841286642
1047,10.469999999999821,0.0003238914869841432,0.0,1.5000000000000013,-0.5704199838780655
1048,10.479999999999821,0.0003235068056330117,0.0,1.5000000000000013,-0.5703988479840514
1049,10.48999999999982,0.00032311103970783224,0.0,1.5000000000000016,-0.5703770768147075
1050,10.49999999999982,0.0003227042377796618,0.0,1.5000000000000016,-0.5703546707423602
1051,10.50999999999982,0.0003222864495998518,0.0,1.5000000000000004,-0.5703316301439965
1052,10.51999999999982,0.0003218577260976907,0.0,1.500000000000002,-0.5703079554017233
1053,10.52999999999982,0.0003214181193779335,0.0,1.5000000000000018,-0.5702836469032178
1054,10.53999999999982,0.00032096768271821596,0.0,1.500000000000002,-0.5702587050421929
1055,10.54999999999982,0.00032050647056635533,0.0,1.5000000000000013,-0.5702331302188531
1056,10.55999999999982,0.00032003453853753625,0.0,1.5000000000000013,-0.5702069228404123
1057,10.569999999999819,0.00031955194341138363,0.0,1.5000000000000018,-0.5701800833215509
1058,10.579999999999819,0.0003190587431289207,0.0,1.5000000000000018,-0.5701526120849351
1059,10.589999999999819,0.0003185549967894133,0.0,1.500000000000002,-0.5701245095617397
1060,10.599999999999818,0.00031804076464710026,0.0,1.5000000000000018,-0.5700957761921529
1061,10.609999999999818,0.00031751610810781014,0.0,1.5000000000000022,-0.5700664124259316
1062,10.619999999999818,0.000316981089725465,0.0,1.500000000000002,-0.5700364187229316
1063,10.629999999999818,0.0003164357731984687,0.0,1.5000000000000016,-0.5700057955536776
1064,10.639999999999818,0.00031588022336598407,0.0,1.5000000000000022,-0.5699745433999329
1065,10.649999999999817,0.0003153145062040953,0.0,1.500000000000002,-0.5699426627552735
1066,10.659999999999817,0.000314738688821858,0.0,1.5000000000000016,-0.5699101541257054
1067,10.669999999999817,0.0003141528394572355,0.0,1.500000000000001,-0.569877018030236
1068,10.679999999999817,0.00031355702747292347,0.0,1.5000000000000024,-0.5698432550015416
1069,10.689999999999817,0.0003129513233520607,0.0,1.5000000000000022,-0.5698088655865594
1070,10.699999999999816,0.0003123357986938288,0.0,1.5000000000000013,-0.5697738503471633
1071,10.709999999999816,0.0003117105262089382,0.0,1.500000000000001,-0.5697382098608157
1072,10.719999999999816,0.0003110755797150038,0.0,1.500000000000001,-0.5697019447212535
1073,10.729999999999816,0.00031043103413180704,0.0,1.5000000000000016,-0.569665055539162
1074,10.739999999999815,0.00030977696547644824,0.0,1.500000000000002,-0.5696275429429012
1075,10.749999999999815,0.0003091134508583865,0.0,1.5000000000000013,-0.5695894075792136
1076,10.759999999999815,0.0003084405684743685,0.0,1.5000000000000016,-0.5695506501139728
1077,10.769999999999815,0.0003077583976032475,0.0,1.5000000000000022,-0.569511271232928
1078,10.779999999999815,0.00030706701860069125,0.0,1.5000000000000018,-0.5694712716424782
1079,10.789999999999814,0.00030636651289377934,0.0,1.5000000000000016,-0.5694306520704633
1080,10.799999999999814,0.00030565696297549136,0.0,1.5000000000000009,-0.5693894132669604
1081,10.809999999999814,0.00030493845239908503,0.0,1.5000000000000016,-0.56934755600511
1082,10.819999999999814,0.0003042110657723656,0.0,1.500000000000001,-0.5693050810819482
1083,10.829999999999814,0.0003034748887518458,0.0,1.5000000000000016,-0.5692619893192884
1084,10.839999999999813,0.0003027300080367972,0.0,1.5000000000000009,-0.5692182815645671
1085,10.849999999999813,0.0003019765113631939,0.0,1.5000000000000018,-0.5691739586917505
1086,10.859999999999813,0.0003012144874975478,0.0,1.5000000000000016,-0.5691290216022628
1087,10.869999999999813,0.0003004440262306369,0.0,1.5000000000000009,-0.5690834712258999
1088,10.879999999999812,0.00029966521837112577,0.0,1.5000000000000007,-0.5690373085218091
1089,10.889999999999812,0.0002988781557390804,0.0,1.5000000000000013,-0.5689905344794406
1090,10.899999999999812,0.00029808293115937587,0.0,1.5000000000000013,-0.5689431501195638
1091,10.909999999999812,0.00029727963845499835,0.0,1.5000000000000009,-0.5688951564952696
1092,10.919999999999812,0.0002964683724402421,0.0,1.5000000000000009,-0.5688465546930334
1093,10.929999999999811,0.00029564922891380115,0.0,1.5000000000000004,-0.5687973458337524
1094,10.939999999999811,0.0002948223046517561,0.0,1.5000000000000009,-0.5687475310738598
1095,10.949999999999811,0.00029398769740045775,0.0,1.5000000000000007,-0.5686971116064142
1096,10.95999999999981,0.0002931455058693065,0.0,1.5000000000000016,-0.5686460886622389
1097,10.96999999999981,0.00029229582972342834,0.0,1.500000000000001,-0.5685944635110903
1098,10.97999999999981,0.0002914387695762491,0.0,1.500000000000001,-0.5685422374628161
1099,10.98999999999981,0.0002905744269819661,0.0,1.5000000000000016,-0.5684894118686007
1100,10.99999999999981,0.0002897029044279176,0.0,1.5000000000000009,-0.5684359881221689
1101,11.00999999999981,0.00028882430532685296,0.0,1.5000000000000009,-0.5683819676610559
1102,11.01999999999981,0.00028793873400909976,0.0,1.5000000000000007,-0.568327351967904
1103,11.02999999999981,0.0002870462957146331,0.0,1.5000000000000013,-0.568272142571757
1104,11.039999999999809,0.0002861470965850445,0.0,1.500000000000002,-0.568216341049424
1105,11.049999999999809,0.0002852412436554117,0.0,1.5000000000000013,-0.568159949026843
1106,11.059999999999809,0.0002843288448460711,0.0,1.5000000000000009,-0.5681029681804656
1107,11.069999999999808,0.00028341000895429135,0.0,1.5000000000000016,-0.5680454002387159
1108,11.079999999999808,0.0002824848456458507,0.0,1.5000000000000009,-0.5679872469834154
1109,11.089999999999808,0.0002815534654465175,0.0,1.500000000000002,-0.5679285102513035
1110,11.099999999999808,0.0002806159797334348,0.0,1.5000000000000016,-0.5678691919355312
1111,11.109999999999808,0.00027967250072640984,0.0,1.5000000000000018,-0.5678092939872281
1112,11.119999999999807,0.00027872314147910885,0.0,1.5000000000000007,-0.5677488184170765
1113,11.129999999999807,0.0002777680158701578,0.0,1.500000000000001,-0.5676877672969424
1114,11.139999999999807,0.0002768072385941501,0.0,1.500000000000001,-0.5676261427614935
1115,11.149999999999807,0.0002758409251525612,0.0,1.5000000000000007,-0.5675639470099116
1116,11.159999999999807,0.00027486919184457176,0.0,1.5000000000000013,-0.56750118230759
1117,11.169999999999806,0.00027389215575779926,0.0,1.500000000000001,-0.5674378509878916
1118,11.179999999999806,0.000272909934758939,0.0,1.5000000000000007,-0.5673739554539241
1119,11.189999999999806,0.0002719226474843153,0.0,1.5000000000000009,-0.5673094981803772
1120,11.199999999999806,0.0002709304133303438,0.0,1.5000000000000013,-0.5672444817153489
1121,11.209999999999805,0.0002699333524439045,0.0,1.5000000000000009,-0.5671789086822732
1122,11.219999999999805,0.00026893158571262833,0.0,1.500000000000001,-0.567112781781818
1123,11.229999999999805,0.0002679252347550959,0.0,1.5000000000000013,-0.5670461037938724
1124,11.239999999999805,0.0002669144219109503,0.0,1.500000000000001,-0.5669788775795326
1125,11.249999999999805,0.00026589927023092433,0.0,1.5000000000000013,-0.5669111060831649
1126,11.259999999999804,0.0002648799034667837,0.0,1.5000000000000004,-0.566842792334457
1127,11.269999999999804,0.0002638564460611853,0.0,1.5000000000000016,-0.5667739394505696
1128,11.279999999999804,0.00026282902313745356,0.0,1.5000000000000013,-0.5667045506382669
1129,11.289999999999804,0.00026179776048927363,0.0,1.500000000000001,-0.5666346291961313
1130,11.299999999999804,0.0002607627845703035,0.0,1.5000000000000016,-0.5665641785167973
1131,11.309999999999803,0.0002597242224837057,0.0,1.5000000000000004,-0.566493202089225
1132,11.319999999999803,0.00025868220197159856,0.0,1.5000000000000007,-0.5664217035010294
1133,11.329999999999803,0.00025763685140442905,0.0,1.5000000000000018,-0.5663496864408268
1134,11.339999999999803,0.00025658829977026756,0.0,1.5000000000000013,-0.5662771547006495
1135,11.349999999999802,0.0002555366766640248,0.0,1.5000000000000009,-0.5662041121783815
1136,11.359999999999802,0.00025448211227659275,0.0,1.5000000000000009,-0.5661305628802384
1137,11.369999999999802,0.0002534247373839101,0.0,1.5000000000000018,-0.5660565109233139
1138,11.379999999999802,0.00025236468333595313,0.0,1.5000000000000004,-0.5659819605381169
1139,11.389999999999802,0.00025130208204565224,0.0,1.500000000000001,-0.5659069160712074
1140,11.399999999999801,0.0002502370659777364,0.0,1.5000000000000018,-0.5658313819878348
1141,11.409999999999801,0.0002491697681375052,0.0,1.5000000000000007,-0.5657553628746474
1142,11.419999999999801,0.0002481003220595299,0.0,1.5000000000000016,-0.5656788634424065
1143,11.4299999999998,0.0002470288617962846,0.0,1.5000000000000009,-0.565601888528788
1144,11.4399999999998,0.00024595552190670797,0.0,1.5000000000000013,-0.5655244431011845
1145,11.4499999999998,0.00024488043744469695,0.0,1.5000000000000013,-0.5654465322595715
1146,11.4599999999998,0.00024380374394753298,0.0,1.500000000000001,-0.5653681612394368
1147,11.4699999999998,0.00024272557742424213,0.0,1.5000000000000018,-0.5652893354146727
1148,11.4799999999998,0.00024164607434388986,0.0,1.5000000000000007,-0.5652100603006245
1149,11.4899999999998,0.00024056537162381103,0.0,1.500000000000001,-0.5651303415570538
1150,11.4999999999998,0.00023948360661777698,0.0,1.5000000000000018,-0.5650501849912535
1151,11.509999999999799,0.00023840091710409996,0.0,1.5000000000000018,-0.5649695965611276
1152,11.519999999999799,0.0002373174412736762,0.0,1.5000000000000007,-0.5648885823783434
1153,11.529999999999799,0.00023623331771796836,0.0,1.500000000000001,-0.5648071487115068
1154,11.539999999999798,0.0002351486854169291,0.0,1.5000000000000018,-0.5647253019893848
1155,11.549999999999798,0.0002340636837268656,0.0,1.5000000000000016,-0.564643048804162
1156,11.559999999999798,0.00023297845236824736,0.0,1.5000000000000022,-0.564560395914726
1157,11.569999999999798,0.00023189313141345707,0.0,1.5000000000000007,-0.5644773502499891
1158,11.579999999999798,0.00023080786127448682,0.0,1.500000000000002,-0.5643939189122468
1159,11.589999999999797,0.00022972278269057942,0.0,1.5000000000000013,-0.5643101091805685
1160,11.599999999999797,0.0002286380367158172,0.0,1.500000000000001,-0.5642259285142105
1161,11.609999999999797,0.0002275537647066582,0.0,1.5000000000000009,-0.5641413845560589
1162,11.619999999999797,0.0002264701083094215,0.0,1.5000000000000013,-0.5640564851361064
1163,11.629999999999797,0.00022538720944772266,0.0,1.5000000000000007,-0.5639712382749404
1164,11.639999999999796,0.00022430521030986008,0.0,1.5000000000000013,-0.5638856521872879
1165,11.649999999999796,0.00022322425333615363,0.0,1.5000000000000013,-0.5637997352855061
1166,11.659999999999796,0.00022214448120623677,0.0,1.5000000000000007,-0.5637134961831927
1167,11.669999999999796,0.00022106603682630274,0.0,1.500000000000002,-0.5636269436987189
1168,11.679999999999795,0.0002199890633163065,0.0,1.5000000000000013,-0.5635400868588489
1169,11.689999999999795,0.00021891370399712296,0.0,1.5000000000000018,-0.5634529349023085
1170,11.699999999999795,0.00021784010237766354,0.0,1.5000000000000016,-0.5633654972834143
1171,11.709999999999795,0.00021676840214195114,0.0,1.5000000000000013,-0.5632777836756522
1172,11.719999999999795,0.00021569874713615487,0.0,1.5000000000000004,-0.5631898039753289
1173,11.729999999999794,0.00021463128135558663,0.0,1.5000000000000004,-0.5631015683051367
1174,11.739999999999794,0.0002135661489316595,0.0,1.5000000000000013,-0.563013087017785
1175,11.749999999999794,0.00021250349411880954,0.0,1.5000000000000016,-0.5629243706995667
1176,11.759999999999794,0.0002114434612813822,0.0,1.5000000000000013,-0.5628354301739639
1177,11.769999999999794,0.00021038619488048487,0.0,1.500000000000001,-0.5627462765051718
1178,11.779999999999793,0.0002093318394608056,0.0,1.5000000000000004,-0.5626569210016614
1179,11.789999999999793,0.00020828053963740058,0.0,1.5000000000000016,-0.5625673752196743
1180,11.799999999999793,0.00020723244008245047,0.0,1.5000000000000004,-0.5624776509666827
1181,11.809999999999793,0.00020618768551198738,0.0,1.500000000000001,-0.5623877603048562
1182,11.819999999999792,0.00020514642067259327,0.0,1.5000000000000016,-0.5622977155544147
1183,11.829999999999792,0.00020410879032807148,0.0,1.5000000000000007,-0.5622075292969975
1184,11.839999999999792,0.00020307493924609168,0.0,1.5000000000000009,-0.562117214378937
1185,11.849999999999792,0.00020204501218481098,0.0,1.5000000000000013,-0.5620267839144819
1186,11.859999999999792,0.00020101915387947032,0.0,1.5000000000000004,-0.5619362512889519
1187,11.869999999999791,0.00019999750902896936,0.0,1.5000000000000009,-0.5618456301618118
1188,11.879999999999791,0.00019898022228241987,0.0,1.5000000000000013,-0.5617549344696777
1189,11.889999999999791,0.0001979674382256792,0.0,1.5000000000000013,-0.5616641784292101
1190,11.89999999999979,0.00019695930136786477,0.0,1.5000000000000009,-0.5615733765399232
1191,11.90999999999979,0.00019595595612785171,0.0,1.5000000000000016,-0.5614825435869016
1192,11.91999999999979,0.00019495754682075355,0.0,1.500000000000001,-0.5613916946433628
1193,11.92999999999979,0.00019396421764438833,0.0,1.5000000000000016,-0.5613008450731375
1194,11.93999999999979,0.0001929761126657305,0.0,1.5000000000000016,-0.561210010533003
1195,11.94999999999979,0.0001919933758073508,0.0,1.5000000000000009,-0.5611192069748742
1196,11.95999999999979,0.00019101615083384424,0.0,1.5000000000000016,-0.5610284506478271
1197,11.96999999999979,0.00019004458133824862,0.0,1.5000000000000009,-0.5609377581000261
1198,11.979999999999789,0.0001890788107284535,0.0,1.5000000000000016,-0.5608471461803738
1199,11.989999999999789,0.00018811898221360253,0.0,1.5000000000000016,-0.5607566320401021
1200,11.999999999999789,0.00018716523879048854,0.0,1.500000000000001,-0.5606662331340917
1201,12.009999999999788,0.00018621772322994424,0.0,1.5000000000000016,-0.560575967221997
1202,12.019999999999788,0.0001852765780632289,0.0,1.5000000000000009,-0.5604858523692006
1203,12.029999999999788,0.00018434194556841247,0.0,1.5000000000000009,-0.5603959069475065
1204,12.039999999999788,0.00018341396775675857,0.0,1.5000000000000004,-0.5603061496356112
1205,12.049999999999788,0.0001824927863591075,0.0,1.5000000000000016,-0.5602165994193379
1206,12.059999999999787,0.0001815785428122603,0.0,1.5000000000000018,-0.5601272755915787
1207,12.069999999999787,0.0001806713782453658,0.0,1.5000000000000013,-0.5600381977520172
1208,12.079999999999787,0.0001797714334663113,0.0,1.5000000000000018,-0.5599493858065203
1209,12.089999999999787,0.00017887884894811817,0.0,1.5000000000000016,-0.5598608599662667
1210,12.099999999999786,0.00017799376481534432,0.0,1.5000000000000016,-0.5597726407465603
1211,12.109999999999786,0.00017711632083049369,0.0,1.500000000000002,-0.5596847489652983
1212,12.119999999999786,0.00017624665638043586,0.0,1.5000000000000013,-0.559597205741155
1213,12.129999999999786,0.00017538491046283446,0.0,1.500000000000002,-0.559510032491369
1214,12.139999999999786,0.00017453122167258828,0.0,1.500000000000001,-0.5594232509292172
1215,12.149999999999785,0.00017368572818828466,0.0,1.500000000000001,-0.5593368830610784
1216,12.159999999999785,0.00017284856775866722,0.0,1.500000000000001,-0.559250951183142
1217,12.169999999999785,0.00017201987768911895,0.0,1.5000000000000024,-0.5591654778776997
1218,12.179999999999785,0.00017119979482816194,0.0,1.5000000000000016,-0.5590804860090492
1219,12.189999999999785,0.00017038845555397523,0.0,1.5000000000000016,-0.5589959987189671
1220,12.199999999999784,0.000169585995760932,0.0,1.5000000000000024,-0.5589120394217271
1221,12.209999999999784,0.00016879255084615706,0.0,1.5000000000000022,-0.5588286317987162
1222,12.219999999999784,0.0001680082556961066,0.0,1.5000000000000016,-0.5587457997925604
1223,12.229999999999784,0.00016723324467317094,0.0,1.500000000000002,-0.5586635676007897
1224,12.239999999999783,0.00016646765160230177,0.0,1.5000000000000016,-0.558581959669041
1225,12.249999999999783,0.00016571160975766496,0.0,1.500000000000001,-0.5585010006837534
1226,12.259999999999783,0.0001649652518493209,0.0,1.5000000000000018,-0.5584207155643549
1227,12.269999999999783,0.00016422871000993308,0.0,1.5000000000000009,-0.558341129454986
1228,12.279999999999783,0.00016350211578150558,0.0,1.5000000000000018,-0.5582622677156551
1229,12.289999999999782,0.00016278560010215295,0.0,1.5000000000000022,-0.5581841559128952
1230,12.299999999999782,0.00016207929329290074,0.0,1.5000000000000013,-0.5581068198098903
1231,12.309999999999782,0.00016138332504452086,0.0,1.500000000000002,-0.5580302853560449
1232,12.319999999999782,0.00016069782440440115,0.0,1.5000000000000018,-0.5579545786760401
1233,12.329999999999782,0.0001600229197634509,0.0,1.5000000000000013,-0.5578797260583085
1234,12.339999999999781,0.00015935873884304449,0.0,1.500000000000002,-0.5578057539429717
1235,12.349999999999781,0.00015870540868200312,0.0,1.5000000000000027,-0.5577326889092242
1236,12.359999999999781,0.00015806305562361653,0.0,1.500000000000002,-0.5576605576621574
1237,12.36999999999978,0.00015743180530270655,0.0,1.5000000000000016,-0.5575893870190218
1238,12.37999999999978,0.00015681178263273263,0.0,1.5000000000000009,-0.5575192038949576
1239,12.38999999999978,0.00015620311179294144,0.0,1.500000000000002,-0.557450035288125
1240,12.39999999999978,0.00015560591621556176,0.0,1.5000000000000022,-0.5573819082643199
1241,12.40999999999978,0.00015502031857304562,0.0,1.5000000000000024,-0.5573148499410601
1242,12.41999999999978,0.00015444644076535694,0.0,1.5000000000000022,-0.5572488874710702
1243,12.42999999999978,0.0001538844039073096,0.0,1.5000000000000027,-0.5571840480253003
1244,12.43999999999978,0.00015333432831595543,0.0,1.500000000000001,-0.5571203587753888
1245,12.449999999999779,0.00015279633349802354,0.0,1.5000000000000029,-0.5570578468756187
1246,12.459999999999779,0.00015227053813741316,0.0,1.5000000000000018,-0.5569965394443946
1247,12.469999999999779,0.00015175706008273954,0.0,1.500000000000002,-0.5569364635452111
1248,12.479999999999778,0.00015125601633493598,0.0,1.5000000000000013,-0.5568776461671698
1249,12.489999999999778,0.0001507675230349121,0.0,1.5000000000000016,-0.5568201142050481
1250,12.499999999999778,0.00015029169545126975,0.0,1.5000000000000013,-0.5567638944389426
1251,12.509999999999778,0.00014982864796807854,0.0,1.500000000000002,-0.5567090135134909
1252,12.519999999999778,0.0001493784940727112,0.0,1.5000000000000027,-0.556655497916721
1253,12.529999999999777,0.00014894134634374072,0.0,1.5000000000000027,-0.5566033739585393
1254,12.539999999999777,0.00014851731643890045,0.0,1.5000000000000022,-0.556552667748895
1255,12.549999999999777,0.00014810651508310806,0.0,1.5000000000000022,-0.5565034051756236
1256,12.559999999999777,0.00014770905205655497,0.0,1.500000000000002,-0.5564556118820415
1257,12.569999999999776,0.00014732503618286222,0.0,1.500000000000002,-0.5564093132442733
1258,12.579999999999776,0.0001469545753173043,0.0,1.5000000000000027,-0.5563645343484026
1259,12.589999999999776,0.0001465977763351017,0.0,1.5000000000000024,-0.5563212999674287
1260,12.599999999999776,0.0001462547451197839,0.0,1.5000000000000027,-0.5562796345380948
1261,12.609999999999776,0.00014592558655162377,0.0,1.5000000000000033,-0.5562395621376336
1262,12.619999999999775,0.00014561040449614465,0.0,1.500000000000003,-0.5562011064604406
1263,12.629999999999775,0.00014530930179270122,0.0,1.500000000000003,-0.5561642907947365
1264,12.639999999999775,0.00014502238024313545,0.0,1.5000000000000027,-0.5561291379992781
1265,12.649999999999775,0.00014474974060050882,0.0,1.5000000000000016,-0.5560956704801026
1266,12.659999999999775,0.00014449148255791215,0.0,1.5000000000000022,-0.5560639101674218
1267,12.669999999999774,0.00014424770473735386,0.0,1.5000000000000024,-0.5560338784926726
1268,12.679999999999774,0.00014401850467872832,0.0,1.500000000000002,-0.5560055963657524
1269,12.689999999999774,0.00014380397882886493,0.0,1.500000000000003,-0.5559790841525429
1270,12.699999999999774,0.00014360422253065948,0.0,1.5000000000000024,-0.555954361652705
1271,12.709999999999773,0.00014341933001228913,0.0,1.5000000000000033,-0.5559314480778467
1272,12.719999999999773,0.00014324939437651167,0.0,1.5000000000000029,-0.5559103620300847
1273,12.729999999999773,0.00014309450759005028,0.0,1.5000000000000027,-0.5558911214810249
1274,12.739999999999773,0.0001429547604730656,0.0,1.5000000000000038,-0.5558737437512671
1275,12.749999999999773,0.00014283024268871533,0.0,1.5000000000000036,-0.5558582454904583
1276,12.759999999999772,0.00014272104273280328,0.0,1.5000000000000033,-0.555844642657875
1277,12.769999999999772,0.00014262724792351826,0.0,1.5000000000000033,-0.5558329505037011
1278,12.779999999999772,0.00014254894439126494,0.0,1.5000000000000018,-0.5558231835509521
1279,12.789999999999772,0.00014248621706858646,0.0,1.5000000000000029,-0.5558153555781206
1280,12.799999999999772,0.00014243914968018137,0.0,1.5000000000000029,-0.5558094796026016
1281,12.809999999999771,0.00014240782473301468,0.0,1.5000000000000033,-0.5558055678648921
1282,12.819999999999771,0.00014239232350652512,0.0,1.5000000000000029,-0.5558036318136858
1283,12.829999999999771,0.00014239272604292923,0.0,1.5000000000000027,-0.5558036820917985
1284,12.83999999999977,0.00014240911113762325,0.0,1.5000000000000033,-0.5558057285230441
1285,12.84999999999977,0.0001424415563296842,0.0,1.5000000000000033,-0.555809780100053
1286,12.85999999999977,0.0001424901378924712,0.0,1.500000000000003,-0.5558158449730853
1287,12.86999999999977,0.00014255493082432786,0.0,1.5000000000000029,-0.5558239304398428
1288,12.87999999999977,0.00014263600883938682,0.0,1.5000000000000027,-0.5558340429363271
1289,12.88999999999977,0.000142733444358478,0.0,1.500000000000003,-0.5558461880287848
1290,12.89999999999977,0.00014284730850014078,0.0,1.5000000000000038,-0.5558603704067034
1291,12.90999999999977,0.00014297767107174163,0.0,1.5000000000000033,-0.5558765938769368
1292,12.919999999999769,0.00014312460056069846,0.0,1.5000000000000042,-0.5558948613589556
1293,12.929999999999769,0.00014328816412581208,0.0,1.5000000000000036,-0.5559151748812061
1294,12.939999999999769,0.0001434684275887061,0.0,1.5000000000000029,-0.5559375355786527
1295,12.949999999999768,0.00014366545542537643,0.0,1.5000000000000038,-0.5559619436914264
1296,12.959999999999768,0.00014387931075785117,0.0,1.5000000000000033,-0.5559883985646815
1297,12.969999999999768,0.0001441100553459618,0.0,1.5000000000000036,-0.5560168986495474
1298,12.979999999999768,0.00014435774957922688,0.0,1.5000000000000024,-0.5560474415052855
1299,12.989999999999768,0.0001446224524688489,0.0,1.5000000000000027,-0.5560800238025543
1300,12.999999999999767,0.0001449042216398259,0.0,1.5000000000000033,-0.5561146413278444
1301,13.009999999999767,0.00014520311332317772,0.0,1.5000000000000027,-0.5561512889890162
1302,13.019999999999767,0.0001455191823482889,0.0,1.5000000000000029,-0.5561899608219614
1303,13.029999999999767,0.00014585248213536874,0.0,1.5000000000000022,-0.5562306499983427
1304,13.039999999999766,0.00014620306468802896,0.0,1.5000000000000036,-0.5562733488344281
1305,13.049999999999766,0.00014657098058598085,0.0,1.5000000000000029,-0.5563180488009594
1306,13.059999999999766,0.00014695627897785195,0.0,1.5000000000000027,-0.5563647405340486
1307,13.069999999999766,0.00014735900757412366,0.0,1.5000000000000018,-0.5564134138470632
1308,13.079999999999766,0.0001477792126401904,0.0,1.500000000000003,-0.5564640577434766
1309,13.089999999999765,0.0001482169389895414,0.0,1.5000000000000022,-0.5565166604306544
1310,13.099999999999765,0.00014867222997706558,0.0,1.500000000000004,-0.5565712093345476
1311,13.109999999999765,0.0001491451274924813,0.0,1.5000000000000027,-0.5566276911151858
1312,13.119999999999765,0.00014963567195389038,0.0,1.5000000000000038,-0.5566860916830656
1313,13.129999999999765,0.00015014390230145858,0.0,1.5000000000000022,-0.5567463962162754
1314,13.139999999999764,0.00015066985599122284,0.0,1.5000000000000029,-0.5568085891783333
1315,13.149999999999764,0.00015121356898902558,0.0,1.5000000000000027,-0.5568726543367795
1316,13.159999999999764,0.00015177507576457798,0.0,1.5000000000000027,-0.5569385747823369
1317,13.169999999999764,0.00015235440928565197,0.0,1.500000000000003,-0.5570063329487493
1318,13.179999999999763,0.00015295160101240244,0.0,1.500000000000004,-0.5570759106331252
1319,13.189999999999763,0.00015356668089181976,0.0,1.5000000000000027,-0.5571472890167759
1320,13.199999999999763,0.0001541996773523143,0.0,1.5000000000000029,-0.5572204486865797
1321,13.209999999999763,0.0001548506172984327,0.0,1.5000000000000024,-0.5572953696566981
1322,13.219999999999763,0.00015551952610570733,0.0,1.5000000000000036,-0.5573720313906566
1323,13.229999999999762,0.00015620642761563936,0.0,1.5000000000000024,-0.5574504128238046
1324,13.239999999999762,0.0001569113441308162,0.0,1.5000000000000022,-0.5575304923859523
1325,13.249999999999762,0.00015763429641016424,0.0,1.500000000000002,-0.5576122480243202
1326,13.259999999999762,0.00015837530366433702,0.0,1.5000000000000022,-0.5576956572265963
1327,13.269999999999762,0.0001591343835512401,0.0,1.5000000000000029,-0.5577806970441561
1328,13.279999999999761,0.00015991155217169335,0.0,1.5000000000000022,-0.5578673441153807
1329,13.289999999999761,0.00016070682406523038,0.0,1.5000000000000022,-0.557955574688973
1330,13.299999999999761,0.00016152021220603693,0.0,1.5000000000000022,-0.5580453646473049
1331,13.30999999999976,0.00016235172799902842,0.0,1.5000000000000022,-0.5581366895297386
1332,13.31999999999976,0.00016320138127606673,0.0,1.5000000000000024,-0.558229524555793
1333,13.32999999999976,0.00016406918029231778,0.0,1.5000000000000024,-0.5583238446482878
1334,13.33999999999976,0.00016495513172274994,0.0,1.500000000000003,-0.5584196244562452
1335,13.34999999999976,0.00016585924065877375,0.0,1.5000000000000022,-0.5585168383776357
1336,13.35999999999976,0.00016678151060502377,0.0,1.5000000000000029,-0.5586154605818815
1337,13.36999999999976,0.0001677219434762835,0.0,1.5000000000000022,-0.5587154650321133
1338,13.37999999999976,0.0001686805395945528,0.0,1.5000000000000022,-0.5588168255071123
1339,13.389999999999759,0.0001696572976862599,0.0,1.500000000000003,-0.5589195156229335
1340,13.399999999999759,0.00017065221487961676,0.0,1.5000000000000024,-0.559023508854203
1341,13.409999999999759,0.00017166528670212023,0.0,1.5000000000000027,-0.5591287785549975
1342,13.419999999999758,0.0001726965070781975,0.0,1.5000000000000024,-0.5592352979793719
1343,13.429999999999758,0.000173745868326998,0.0,1.500000000000002,-0.5593430403014216
1344,13.439999999999758,0.00017481336116033152,0.0,1.5000000000000018,-0.5594519786349206
1345,13.449999999999758,0.00017589897468075257,0.0,1.5000000000000022,-0.5595620860525164
1346,13.459999999999757,0.00017700269637979253,0.0,1.500000000000003,-0.5596733356044143
1347,13.469999999999757,0.00017812451213633908,0.0,1.5000000000000018,-0.5597857003365826
1348,13.479999999999757,0.00017926440621516353,0.0,1.5000000000000013,-0.5598991533084671
1349,13.489999999999757,0.00018042236126559685,0.0,1.5000000000000027,-0.5600136676101601
1350,13.499999999999757,0.00018159835832035463,0.0,1.500000000000002,-0.5601292163790647
1351,13.509999999999756,0.00018279237679451088,0.0,1.500000000000002,-0.5602457728160061
1352,13.519999999999756,0.00018400439448462192,0.0,1.500000000000002,-0.5603633102008106
1353,13.529999999999756,0.00018523438756799972,0.0,1.5000000000000018,-0.5604818019073378
1354,13.539999999999756,0.000186482330602136,0.0,1.5000000000000013,-0.5606012214179342
1355,13.549999999999756,0.00018774819652427668,0.0,1.5000000000000016,-0.5607215423373729
1356,13.559999999999755,0.00018903195665114753,0.0,1.5000000000000022,-0.560842738406203
1357,13.569999999999755,0.0001903335806788307,0.0,1.5000000000000009,-0.5609647835135568
1358,13.579999999999755,0.00019165303668279338,0.0,1.5000000000000013,-0.5610876517094014
1359,13.589999999999755,0.00019299029111806773,0.0,1.500000000000002,-0.5612113172162232
1360,13.599999999999755,0.00019434530881958325,0.0,1.5000000000000018,-0.5613357544401848
1361,13.609999999999754,0.00019571805300265145,0.0,1.5000000000000027,-0.561460937981723
1362,13.619999999999754,0.00019710848526360288,0.0,1.5000000000000016,-0.5615868426456051
1363,13.629999999999754,0.00019851656558057742,0.0,1.5000000000000013,-0.5617134434504546
1364,13.639999999999754,0.00019994225231446716,0.0,1.5000000000000018,-0.5618407156377381
1365,13.649999999999753,0.00020138550221001278,0.0,1.5000000000000027,-0.5619686346802766
1366,13.659999999999753,0.00020284627039705294,0.0,1.5000000000000016,-0.562097176290178
1367,13.669999999999753,0.00020432451039192794,0.0,1.500000000000002,-0.5622263164263158
1368,13.679999999999753,0.00020582017409903633,0.0,1.500000000000002,-0.5623560313013125
1369,13.689999999999753,0.00020733321181254578,0.0,1.5000000000000009,-0.5624862973880314
1370,13.699999999999752,0.00020886357221825812,0.0,1.5000000000000022,-0.5626170914255701
1371,13.709999999999752,0.0002104112023956278,0.0,1.500000000000001,-0.5627483904248652
1372,13.719999999999752,0.00021197604781993525,0.0,1.5000000000000022,-0.5628801716737675
1373,13.729999999999752,0.0002135580523646143,0.0,1.5000000000000016,-0.5630124127417488
1374,13.739999999999752,0.00021515715830373362,0.0,1.5000000000000022,-0.5631450914841172
1375,13.749999999999751,0.00021677330631463297,0.0,1.500000000000002,-0.5632781860458991
1376,13.759999999999751,0.00021840643548071373,0.0,1.5000000000000018,-0.5634116748652359
1377,13.76999999999975,0.00022005648329438386,0.0,1.5000000000000013,-0.5635455366764669
1378,13.77999999999975,0.00022172338566015735,0.0,1.5000000000000018,-0.5636797505127844
1379,13.78999999999975,0.0002234070768979082,0.0,1.5000000000000018,-0.5638142957085577
1380,13.79999999999975,0.00022510748974627874,0.0,1.5000000000000016,-0.5639491519012998
1381,13.80999999999975,0.00022682455536624253,0.0,1.500000000000001,-0.5640842990332883
1382,13.81999999999975,0.0002285582033448214,0.0,1.5000000000000009,-0.564219717352868
1383,13.82999999999975,0.00023030836169895714,0.0,1.5000000000000013,-0.5643553874154579
1384,13.83999999999975,0.000232074956879537,0.0,1.5000000000000018,-0.5644912900842143
1385,13.84999999999975,0.00023385791377557384,0.0,1.5000000000000013,-0.5646274065304852
1386,13.859999999999749,0.00023565715571853972,0.0,1.5000000000000018,-0.5647637182338914
1387,13.869999999999749,0.00023747260448685398,0.0,1.5000000000000009,-0.5649002069822334
1388,13.879999999999749,0.00023930418031052478,0.0,1.5000000000000018,-0.5650368548711027
1389,13.889999999999748,0.00024115180187594447,0.0,1.5000000000000013,-0.5651736443032501
1390,13.899999999999748,0.000243015386330838,0.0,1.500000000000001,-0.5653105579877731
1391,13.909999999999748,0.0002448948492893654,0.0,1.5000000000000016,-0.5654475789390117
1392,13.919999999999748,0.00024679010483737667,0.0,1.500000000000001,-0.5655846904753339
1393,13.929999999999747,0.00024870106553781974,0.0,1.5000000000000007,-0.5657218762176379
1394,13.939999999999747,0.00025062764243630143,0.0,1.5000000000000004,-0.5658591200877315
1395,13.949999999999747,0.00025256974506680037,0.0,1.500000000000001,-0.565996406306502
1396,13.959999999999747,0.0002545272814575326,0.0,1.5000000000000007,-0.5661337193919737
1397,13.969999999999747,0.00025650015813696864,0.0,1.5000000000000013,-0.5662710441571331
1398,13.979999999999746,0.0002584882801400022,0.0,1.5000000000000013,-0.5664083657076934
1399,13.989999999999746,0.000260491551014271,0.0,1.5000000000000018,-0.5665456694396722
1400,13.999999999999746,0.0002625098728266275,0.0,1.5000000000000009,-0.5666829410368512
1401,14.009999999999746,0.0002645431461697612,0.0,1.500000000000001,-0.5668201664681568
1402,14.019999999999746,0.00026659127016897096,0.0,1.5000000000000009,-0.5669573319848621
1403,14.029999999999745,0.00026865414248908727,0.0,1.5000000000000013,-0.5670944241177596
1404,14.039999999999745,0.00027073165934154444,0.0,1.5000000000000009,-0.567231429674212
1405,14.049999999999745,0.0002728237154916018,0.0,1.5000000000000009,-0.5673683357351037
1406,14.059999999999745,0.0002749302042657137,0.0,1.5000000000000013,-0.5675051296517287
1407,14.069999999999744,0.0002770510175590488,0.0,1.5000000000000018,-0.5676417990426218
1408,14.079999999999744,0.00027918604584315583,0.0,1.5000000000000018,-0.5677783317903048
1409,14.089999999999744,0.0002813351781737783,0.0,1.5000000000000018,-0.5679147160379707
1410,14.099999999999744,0.0002834983021988161,0.0,1.5000000000000016,-0.5680509401861482
1411,14.109999999999744,0.00028567530416643275,0.0,1.5000000000000009,-0.5681869928892862
1412,14.119999999999743,0.0002878660689333105,0.0,1.5000000000000009,-0.5683228630523182
1413,14.129999999999743,0.00029007047997304955,0.0,1.5000000000000022,-0.5684585398271853
1414,14.139999999999743,0.0002922884193847133,0.0,1.5000000000000013,-0.5685940126093189
1415,14.149999999999743,0.00029451976790151785,0.0,1.5000000000000018,-0.5687292710341393
1416,14.159999999999743,0.0002967644048996663,0.0,1.5000000000000013,-0.5688643049734727
1417,14.169999999999742,0.000299022208407325,0.0,1.5000000000000018,-0.5689991045320086
1418,14.179999999999742,0.0003012930551137448,0.0,1.5000000000000018,-0.5691336600437149
1419,14.189999999999742,0.0003035768203785229,0.0,1.5000000000000018,-0.5692679620682478
1420,14.199999999999742,0.0003058733782410074,0.0,1.5000000000000016,-0.5694020013873804
1421,14.209999999999742,0.0003081826014298431,0.0,1.5000000000000018,-0.5695357690013941
1422,14.219999999999741,0.0003105043613726569,0.0,1.5000000000000013,-0.5696692561255158
1423,14.229999999999741,0.00031283852820588427,0.0,1.5000000000000016,-0.5698024541863272
1424,14.23999999999974,0.00031518497078473394,0.0,1.500000000000002,-0.5699353548182023
1425,14.24999999999974,0.0003175435566932916,0.0,1.5000000000000016,-0.5700679498597414
1426,14.25999999999974,0.0003199141522547617,0.0,1.5000000000000018,-0.5702002313502581
1427,14.26999999999974,0.0003222966225418457,0.0,1.500000000000001,-0.5703321915262259
1428,14.27999999999974,0.0003246908313872572,0.0,1.5000000000000013,-0.570463822817793
1429,14.28999999999974,0.00032709664139437297,0.0,1.500000000000001,-0.5705951178452996
1430,14.29999999999974,0.00032951391394801853,0.0,1.500000000000001,-0.5707260694158288
1431,14.30999999999974,0.00033194250922538804,0.0,1.5000000000000013,-0.5708566705197585
1432,14.31999999999974,0.0003343822862070979,0.0,1.5000000000000016,-0.5709869143273842
1433,14.329999999999739,0.0003368331026883725,0.0,1.500000000000002,-0.5711167941855284
1434,14.339999999999739,0.0003392948152903624,0.0,1.500000000000002,-0.5712463036142099
1435,14.349999999999739,0.0003417672794715932,0.0,1.5000000000000016,-0.5713754363033156
1436,14.359999999999738,0.00034425034953954454,0.0,1.5000000000000013,-0.5715041861093758
1437,14.369999999999738,0.00034674387866235847,0.0,1.5000000000000009,-0.571632547052257
1438,14.379999999999738,0.00034924771888067706,0.0,1.5000000000000013,-0.5717605133120142
1439,14.389999999999738,0.00035176172111960665,0.0,1.5000000000000007,-0.5718880792256898
1440,14.399999999999737,0.00035428573520080906,0.0,1.500000000000001,-0.572015239284213
1441,14.409999999999737,0.0003568196098547195,0.0,1.500000000000002,-0.5721419881292709
1442,14.419999999999737,0.0003593631927328886,0.0,1.5000000000000016,-0.5722683205503026
1443,14.429999999999737,0.0003619163304204483,0.0,1.5000000000000018,-0.5723942314814547
1444,14.439999999999737,0.0003644788684487023,0.0,1.5000000000000009,-0.572519715998628
1445,14.449999999999736,0.0003670506513078363,0.0,1.500000000000001,-0.5726447693165423
1446,14.459999999999736,0.00036963152245975204,0.0,1.500000000000001,-0.5727693867858367
1447,14.469999999999736,0.0003722213243510197,0.0,1.5000000000000022,-0.5728935638902576
1448,14.479999999999736,0.0003748198984259501,0.0,1.5000000000000016,-0.5730172962438097
1449,14.489999999999736,0.0003774270851397856,0.0,1.5000000000000009,-0.5731405795880251
1450,14.499999999999735,0.0003800427239720073,0.0,1.5000000000000022,-0.5732634097892376
1451,14.509999999999735,0.0003826666534397595,0.0,1.5000000000000013,-0.5733857828358839
1452,14.519999999999735,0.0003852987111113883,0.0,1.5000000000000013,-0.5735076948359066
1453,14.529999999999735,0.0003879387336200952,0.0,1.5000000000000024,-0.5736291420141185
1454,14.539999999999734,0.0003905865566777029,0.0,1.500000000000001,-0.573750120709687
1455,14.549999999999734,0.0003932420150885341,0.0,1.5000000000000018,-0.5738706273736053
1456,14.559999999999734,0.0003959049427633998,0.0,1.5000000000000016,-0.5739906585662282
1457,14.569999999999734,0.00039857517273369873,0.0,1.5000000000000013,-0.5741102109548699
1458,14.579999999999734,0.00040125253716562486,0.0,1.5000000000000016,-0.574229281311379
1459,14.589999999999733,0.00040393686737448206,0.0,1.500000000000001,-0.5743478665098424
1460,14.599999999999733,0.00040662799383910596,0.0,1.500000000000001,-0.5744659635242585
1461,14.609999999999733,0.00040932574621639064,0.0,1.5000000000000018,-0.5745835694263002
1462,14.619999999999733,0.0004120299533559192,0.0,1.5000000000000009,-0.5747006813830656
1463,14.629999999999733,0.0004147404433146974,0.0,1.5000000000000013,-0.57481729665494
1464,14.639999999999732,0.00041745704337198947,0.0,1.5000000000000018,-0.5749334125934266
1465,14.649999999999732,0.0004201795800442539,0.0,1.5000000000000009,-0.5750490266390742
1466,14.659999999999732,0.0004229078791001788,0.0,1.5000000000000013,-0.5751641363194004
1467,14.669999999999732,0.00042564176557581513,0.0,1.5000000000000013,-0.5752787392468882
1468,14.679999999999731,0.0004283810637898071,0.0,1.5000000000000013,-0.5753928331170016
1469,14.689999999999731,0.000431125597358718,0.0,1.5000000000000016,-0.5755064157062416
1470,14.699999999999731,0.00043387518921245063,0.0,1.5000000000000007,-0.57561948487024
1471,14.70999999999973,0.0004366296616097607,0.0,1.500000000000002,-0.5757320385419046
1472,14.71999999999973,0.00043938883615386146,0.0,1.5000000000000018,-0.575844074729579
1473,14.72999999999973,0.00044215253380812045,0.0,1.5000000000000013,-0.5759555915152464
1474,14.73999999999973,0.0004449205749118434,0.0,1.5000000000000009,-0.5760665870527854
1475,14.74999999999973,0.00044769277919614816,0.0,1.5000000000000009,-0.5761770595662432
1476,14.75999999999973,0.00045046896579992374,0.0,1.5000000000000009,-0.576287007348142
1477,14.76999999999973,0.00045324895328587505,0.0,1.5000000000000022,-0.5763964287578307
1478,14.77999999999973,0.0004560325596566519,0.0,1.5000000000000024,-0.5765053222198661
1479,14.78999999999973,0.0004588196023710603,0.0,1.5000000000000013,-0.5766136862224328
1480,14.799999999999729,0.00046160989836035516,0.0,1.5000000000000016,-0.5767215193157881
1481,14.809999999999729,0.0004644032640446125,0.0,1.5000000000000013,-0.5768288201107354
1482,14.819999999999729,0.0004671995153491809,0.0,1.5000000000000018,-0.5769355872771418
1483,14.829999999999728,0.0004699984677212088,0.0,1.5000000000000016,-0.5770418195424843
1484,14.839999999999728,0.00047279993614624894,0.0,1.5000000000000018,-0.5771475156904264
1485,14.849999999999728,0.000475603735164936,0.0,1.5000000000000013,-0.5772526745594099
1486,14.859999999999728,0.00047840967888973746,0.0,1.5000000000000013,-0.5773572950413114
1487,14.869999999999727,0.0004812175810217761,0.0,1.5000000000000016,-0.5774613760800821
1488,14.879999999999727,0.0004840272548677217,0.0,1.5000000000000013,-0.5775649166704612
1489,14.889999999999727,0.0004868385133567528,0.0,1.5000000000000016,-0.5776679158566822
1490,14.899999999999727,0.0004896511690575836,0.0,1.5000000000000013,-0.577770372731244
1491,14.909999999999727,0.0004924650341955587,0.0,1.5000000000000013,-0.5778722864336568
1492,14.919999999999726,0.000495279920669809,0.0,1.500000000000002,-0.5779736561492843
1493,14.929999999999726,0.0004980956400704737,0.0,1.500000000000002,-0.5780744811081402
1494,14.939999999999726,0.0005009120036959809,0.0,1.5000000000000016,-0.5781747605837619
1495,14.949999999999726,0.0005037288225703889,0.0,1.5000000000000022,-0.5782744938920876
1496,14.959999999999726,0.0005065459074607856,0.0,1.5000000000000016,-0.5783736803903817
1497,14.969999999999725,0.0005093630688947446,0.0,1.5000000000000009,-0.5784723194761301
1498,14.979999999999725,0.0005121801171778354,0.0,1.5000000000000018,-0.5785704105860324
1499,14.989999999999725,0.0005149968624111893,0.0,1.5000000000000018,-0.5786679531949589
1500,14.999999999999725,0.0005178131145091153,0.0,1.5000000000000016,-0.5787649468149624
1501,15.009999999999724,0.0005206286832167671,0.0,1.5000000000000016,-0.5788613909943088
1502,15.019999999999724,0.00052344337812786,0.0,1.5000000000000018,-0.5789572853165255
1503,15.029999999999724,0.0005262570087024331,0.0,1.5000000000000024,-0.5790526293994482
1504,15.039999999999724,0.0005290693842846603,0.0,1.5000000000000016,-0.5791474228943514
1505,15.049999999999724,0.0005318803141207017,0.0,1.5000000000000018,-0.5792416654850236
1506,15.059999999999723,0.0005346896073766012,0.0,1.5000000000000018,-0.5793353568869318
1507,15.069999999999723,0.0005374970731562235,0.0,1.5000000000000018,-0.5794284968463589
1508,15.079999999999723,0.0005403025205192305,0.0,1.500000000000002,-0.5795210851395745
1509,15.089999999999723,0.0005431057584990949,0.0,1.5000000000000024,-0.5796131215720361
1510,15.099999999999723,0.0005459065961211521,0.0,1.5000000000000022,-0.5797046059776122
1511,15.109999999999722,0.0005487048424206852,0.0,1.5000000000000024,-0.5797955382177911
1512,15.119999999999722,0.0005515003064610424,0.0,1.5000000000000013,-0.5798859181809334
1513,15.129999999999722,0.0005542927973517875,0.0,1.5000000000000009,-0.5799757457815674
1514,15.139999999999722,0.0005570821242668787,0.0,1.5000000000000024,-0.5800650209596337
1515,15.149999999999721,0.0005598680964628759,0.0,1.5000000000000022,-0.5801537436798112
1516,15.159999999999721,0.0005626505232971753,0.0,1.5000000000000013,-0.5802419139308472
1517,15.169999999999721,0.0005654292142462668,0.0,1.5000000000000018,-0.5803295317248666
1518,15.17999999999972,0.000568203978924016,0.0,1.5000000000000013,-0.5804165970967358
1519,15.18999999999972,0.0005709746270999682,0.0,1.5000000000000022,-0.580503110103433
1520,15.19999999999972,0.0005737409687176697,0.0,1.500000000000002,-0.5805890708234348
1521,15.20999999999972,0.0005765028139130099,0.0,1.5000000000000022,-0.5806744793560998
1522,15.21999999999972,0.0005792599730325788,0.0,1.5000000000000013,-0.5807593358211081
1523,15.22999999999972,0.000582012256652038,0.0,1.5000000000000016,-0.5808436403578597
1524,15.23999999999972,0.0005847594755945066,0.0,1.5000000000000016,-0.5809273931249441
1525,15.24999999999972,0.0005875014409489582,0.0,1.5000000000000018,-0.5810105942995667
1526,15.25999999999972,0.0005902379640886256,0.0,1.5000000000000027,-0.5810932440770638
1527,15.269999999999719,0.0005929688566894168,0.0,1.5000000000000016,-0.5811753426703316
1528,15.279999999999719,0.0005956939307483338,0.0,1.5000000000000013,-0.5812568903093793
1529,15.289999999999718,0.0005984129986018983,0.0,1.5000000000000018,-0.5813378872407866
1530,15.299999999999718,0.0006011258729445792,0.0,1.5000000000000027,-0.5814183337272696
1531,15.309999999999718,0.0006038323668472214,0.0,1.5000000000000022,-0.5814982300471933
1532,15.319999999999718,0.0006065322937754742,0.0,1.5000000000000009,-0.5815775764941106
1533,15.329999999999718,0.0006092254676082171,0.0,1.5000000000000024,-0.5816563733763545
1534,15.339999999999717,0.0006119117026559819,0.0,1.5000000000000016,-0.5817346210165749
1535,15.349999999999717,0.0006145908136793686,0.0,1.500000000000001,-0.5818123197513304
1536,15.359999999999717,0.0006172626159074536,0.0,1.5000000000000016,-0.5818894699306932
1537,15.369999999999717,0.0006199269250561899,0.0,1.500000000000001,-0.5819660719178386
1538,15.379999999999717,0.0006225835573467945,0.0,1.500000000000002,-0.5820421260886687
1539,15.389999999999716,0.0006252323295241249,0.0,1.500000000000001,-0.5821176328314345
1540,15.399999999999716,0.0006278730588750393,0.0,1.5000000000000022,-0.5821925925463648
1541,15.409999999999716,0.0006305055632467428,0.0,1.5000000000000022,-0.5822670056453232
1542,15.419999999999716,0.0006331296610651133,0.0,1.500000000000001,-0.5823408725514598
1543,15.429999999999715,0.0006357451713530092,0.0,1.5000000000000022,-0.5824141936988604
1544,15.439999999999715,0.0006383519137485558,0.0,1.5000000000000013,-0.5824869695322578
1545,15.449999999999715,0.0006409497085234072,0.0,1.5000000000000013,-0.5825592005066628
1546,15.459999999999715,0.0006435383766009847,0.0,1.5000000000000016,-0.5826308870871048
1547,15.469999999999715,0.000646117739574688,0.0,1.5000000000000018,-0.582702029748309
1548,15.479999999999714,0.0006486876197260771,0.0,1.5000000000000018,-0.5827726289744057
1549,15.489999999999714,0.0006512478400430259,0.0,1.5000000000000018,-0.5828426852586626
1550,15.499999999999714,0.000653798224237842,0.0,1.5000000000000024,-0.5829121991031966
1551,15.509999999999714,0.0006563385967653541,0.0,1.5000000000000018,-0.5829811710187165
1552,15.519999999999714,0.0006588687828409627,0.0,1.5000000000000018,-0.5830496015242576
1553,15.529999999999713,0.0006613886084586554,0.0,1.5000000000000022,-0.5831174911469491
1554,15.539999999999713,0.0006638979004089818,0.0,1.5000000000000027,-0.5831848404217566
1555,15.549999999999713,0.0006663964862969882,0.0,1.5000000000000024,-0.5832516498912497
1556,15.559999999999713,0.0006688841945601094,0.0,1.5000000000000013,-0.5833179201053922
1557,15.569999999999713,0.0006713608544860176,0.0,1.500000000000001,-0.5833836516212966
1558,15.579999999999712,0.000673826296230424,0.0,1.5000000000000018,-0.5834488450030224
1559,15.589999999999712,0.0006762803508348328,0.0,1.5000000000000016,-0.5835135008213835
1560,15.599999999999712,0.0006787228502442478,0.0,1.5000000000000018,-0.5835776196537285
1561,15.609999999999712,0.0006811536273248243,0.0,1.5000000000000027,-0.5836412020837604
1562,15.619999999999711,0.0006835725158814716,0.0,1.5000000000000013,-0.5837042487013512
1563,15.629999999999711,0.0006859793506753981,0.0,1.5000000000000022,-0.5837667601023611
1564,15.639999999999711,0.0006883739674416018,0.0,1.5000000000000016,-0.5838287368884565
1565,15.64999999999971,0.0006907562029063021,0.0,1.5000000000000013,-0.5838901796669561
1566,15.65999999999971,0.0006931258948043118,0.0,1.5000000000000018,-0.5839510890506716
1567,15.66999999999971,0.0006954828818963463,0.0,1.5000000000000016,-0.5840114656577293
1568,15.67999999999971,0.0006978270039862722,0.0,1.5000000000000018,-0.5840713101114603
1569,15.68999999999971,0.0007001581019382881,0.0,1.500000000000002,-0.5841306230402175
1570,15.69999999999971,0.0007024760176940396,0.0,1.5000000000000018,-0.5841894050772706
1571,15.70999999999971,0.0007047805942896669,0.0,1.5000000000000016,-0.584247656860636
1572,15.71999999999971,0.00070707167587278,0.0,1.5000000000000024,-0.584305379033001
1573,15.729999999999709,0.0007093491077193643,0.0,1.5000000000000009,-0.5843625722415524
1574,15.739999999999709,0.00071161273625061,0.0,1.5000000000000018,-0.5844192371378968
1575,15.749999999999709,0.0007138624090496692,0.0,1.500000000000001,-0.584475374377922
1576,15.759999999999708,0.0007160979748783327,0.0,1.500000000000002,-0.5845309846217148
1577,15.769999999999708,0.0007183192836936309,0.0,1.5000000000000016,-0.5845860685334506
1578,15.779999999999708,0.0007205261866643519,0.0,1.5000000000000018,-0.5846406267812807
1579,15.789999999999708,0.0007227185361874792,0.0,1.5000000000000022,-0.5846946600372676
1580,15.799999999999708,0.0007248961859045444,0.0,1.500000000000001,-0.5847481689772843
1581,15.809999999999707,0.0007270589907178956,0.0,1.5000000000000013,-0.584801154280932
1582,15.819999999999707,0.0007292068068068767,0.0,1.5000000000000024,-0.584853616631467
1583,15.829999999999707,0.0007313394916439204,0.0,1.500000000000002,-0.5849055567157246
1584,15.839999999999707,0.0007334569040105476,0.0,1.5000000000000022,-0.5849569752240503
1585,15.849999999999707,0.0007355589040132782,0.0,1.5000000000000022,-0.5850078728502333
1586,15.859999999999706,0.0007376453530994443,0.0,1.5000000000000016,-0.5850582502914587
1587,15.869999999999706,0.0007397161140729106,0.0,1.5000000000000018,-0.5851081082482328
1588,15.879999999999706,0.0007417710511096969,0.0,1.5000000000000016,-0.5851574474243473
1589,15.889999999999706,0.0007438100297735012,0.0,1.500000000000002,-0.5852062685268167
1590,15.899999999999705,0.0007458329170311234,0.0,1.500000000000002,-0.5852545722658541
1591,15.909999999999705,0.0007478395812677858,0.0,1.5000000000000018,-0.585302359354811
1592,15.919999999999705,0.000749829892302351,0.0,1.5000000000000016,-0.5853496305101618
1593,15.929999999999705,0.0007518037214024338,0.0,1.500000000000001,-0.5853963864514521
1594,15.939999999999705,0.0007537609412994071,0.0,1.5000000000000018,-0.5854426279012812
1595,15.949999999999704,0.000755701426203298,0.0,1.5000000000000013,-0.5854883555852856
1596,15.959999999999704,0.0007576250518175752,0.0,1.500000000000001,-0.5855335702321012
1597,15.969999999999704,0.0007595316953538233,0.0,1.5000000000000013,-0.5855782725733536
1598,15.979999999999704,0.0007614212355463052,0.0,1.5000000000000018,-0.585622463343652
1599,15.989999999999704,0.0007632935526664097,0.0,1.500000000000001,-0.5856661432805726
1600,15.999999999999703,0.0007651485285369812,0.0,1.500000000000001,-0.5857093131246477
1601,16.009999999999703,0.0007669860465465332,0.0,1.5000000000000022,-0.5857519736193784
1602,16.019999999999705,0.0007688059916633414,0.0,1.5000000000000018,-0.5857941255112201
1603,16.029999999999706,0.0007706082504494159,0.0,1.500000000000001,-0.5858357695495932
1604,16.039999999999708,0.0007723927110743514,0.0,1.5000000000000016,-0.5858769064868888
1605,16.04999999999971,0.0007741592633290527,0.0,1.5000000000000007,-0.5859175370784867
1606,16.05999999999971,0.0007759077986393354,0.0,1.500000000000001,-0.5859576620827588
1607,16.069999999999713,0.0007776382100793979,0.0,1.5000000000000013,-0.5859972822610964
1608,16.079999999999714,0.0007793503923851679,0.0,1.5000000000000013,-0.586036398377923
1609,16.089999999999716,0.0007810442419675152,0.0,1.5000000000000022,-0.586075011200725
1610,16.099999999999717,0.0007827196569253359,0.0,1.500000000000002,-0.5861131215000841
1611,16.10999999999972,0.0007843765370585021,0.0,1.5000000000000016,-0.5861507300496867
1612,16.11999999999972,0.0007860147838806777,0.0,1.5000000000000016,-0.5861878376263754
1613,16.129999999999722,0.0007876343006319983,0.0,1.5000000000000007,-0.5862244450101929
1614,16.139999999999723,0.0007892349922916133,0.0,1.5000000000000009,-0.5862605529843936
1615,16.149999999999725,0.0007908167655900905,0.0,1.5000000000000009,-0.5862961623355248
1616,16.159999999999727,0.0007923795290216793,0.0,1.500000000000001,-0.5863312738534312
1617,16.169999999999728,0.0007939231928564324,0.0,1.500000000000002,-0.5863658883313421
1618,16.17999999999973,0.0007954476691521854,0.0,1.5000000000000007,-0.5864000065658993
1619,16.18999999999973,0.000796952871766392,0.0,1.500000000000002,-0.5864336293572185
1620,16.199999999999733,0.0007984387163678129,0.0,1.5000000000000007,-0.5864667575089572
1621,16.209999999999734,0.0007999051204480566,0.0,1.5000000000000016,-0.5864993918283592
1622,16.219999999999736,0.0008013520033329758,0.0,1.5000000000000007,-0.5865315331263328
1623,16.229999999999738,0.0008027792861939086,0.0,1.500000000000002,-0.586563182217518
1624,16.23999999999974,0.0008041868920587734,0.0,1.5000000000000009,-0.5865943399203447
1625,16.24999999999974,0.0008055747458230076,0.0,1.5000000000000016,-0.5866250070571154
1626,16.259999999999742,0.0008069427742603561,0.0,1.500000000000001,-0.5866551844540794
1627,16.269999999999744,0.0008082909060335025,0.0,1.5000000000000009,-0.5866848729415128
1628,16.279999999999745,0.0008096190717045438,0.0,1.500000000000001,-0.5867140733538037
1629,16.289999999999747,0.0008109272037453094,0.0,1.5000000000000007,-0.5867427865295314
1630,16.29999999999975,0.000812215236547521,0.0,1.5000000000000016,-0.5867710133115444
1631,16.30999999999975,0.0008134831064327896,0.0,1.500000000000001,-0.5867987545470869
1632,16.31999999999975,0.000814730751662456,0.0,1.5000000000000013,-0.5868260110878498
1633,16.329999999999753,0.0008159581124472649,0.0,1.500000000000002,-0.5868527837900975
1634,16.339999999999755,0.000817165130956877,0.0,1.5000000000000013,-0.5868790735147518
1635,16.349999999999756,0.0008183517513292163,0.0,1.500000000000001,-0.5869048811274952
1636,16.359999999999758,0.0008195179196796509,0.0,1.5000000000000013,-0.5869302074988987
1637,16.36999999999976,0.0008206635841100061,0.0,1.5000000000000009,-0.5869550535044848
1638,16.37999999999976,0.0008217886947174116,0.0,1.5000000000000016,-0.5869794200248907
1639,16.389999999999763,0.000822893203602976,0.0,1.5000000000000009,-0.5870033079459459
1640,16.399999999999764,0.0008239770648802915,0.0,1.5000000000000016,-0.5870267181588061
1641,16.409999999999766,0.00082504023468377,0.0,1.5000000000000013,-0.5870496515600675
1642,16.419999999999767,0.0008260826711768015,0.0,1.5000000000000004,-0.5870721090518876
1643,16.42999999999977,0.0008271043345597419,0.0,1.5000000000000009,-0.587094091542124
1644,16.43999999999977,0.0008281051870777254,0.0,1.5000000000000013,-0.5871155999444385
1645,16.449999999999772,0.0008290851930282993,0.0,1.5000000000000013,-0.5871366351784676
1646,16.459999999999773,0.0008300443187688844,0.0,1.5000000000000009,-0.5871571981699102
1647,16.469999999999775,0.0008309825327240543,0.0,1.5000000000000018,-0.587177289850713
1648,16.479999999999777,0.000831899805392638,0.0,1.5000000000000013,-0.5871969111591654
1649,16.489999999999778,0.0008327961093546419,0.0,1.5000000000000013,-0.5872160630400828
1650,16.49999999999978,0.0008336714192779889,0.0,1.5000000000000016,-0.5872347464449312
1651,16.50999999999978,0.0008345257119250788,0.0,1.5000000000000018,-0.5872529623319785
1652,16.519999999999783,0.0008353589661591627,0.0,1.5000000000000013,-0.5872707116664608
1653,16.529999999999784,0.0008361711629505353,0.0,1.5000000000000002,-0.5872879954207217
1654,16.539999999999786,0.0008369622853825411,0.0,1.5000000000000007,-0.5873048145743746
1655,16.549999999999788,0.0008377323186573966,0.0,1.5000000000000013,-0.5873211701144854
1656,16.55999999999979,0.0008384812501018247,0.0,1.5000000000000013,-0.5873370630356963
1657,16.56999999999979,0.0008392090691725005,0.0,1.5000000000000016,-0.5873524943404445
1658,16.579999999999792,0.0008399157674613118,0.0,1.5000000000000018,-0.5873674650390864
1659,16.589999999999794,0.0008406013387004276,0.0,1.500000000000001,-0.587381976150108
1660,16.599999999999795,0.0008412657787671784,0.0,1.5000000000000018,-0.5873960287002756
1661,16.609999999999797,0.0008419090856887447,0.0,1.500000000000002,-0.5874096237248376
1662,16.6199999999998,0.000842531259646654,0.0,1.5000000000000009,-0.5874227622677
1663,16.6299999999998,0.0008431323029810864,0.0,1.500000000000001,-0.5874354453815994
1664,16.6399999999998,0.0008437122201949856,0.0,1.5000000000000018,-0.5874476741283263
1665,16.649999999999803,0.0008442710179579775,0.0,1.5000000000000016,-0.5874594495788887
1666,16.659999999999805,0.0008448087051100923,0.0,1.5000000000000022,-0.5874707728137114
1667,16.669999999999806,0.0008453252926652948,0.0,1.500000000000002,-0.5874816449228569
1668,16.679999999999808,0.0008458207938148145,0.0,1.5000000000000009,-0.5874920670062077
1669,16.68999999999981,0.0008462952239302812,0.0,1.500000000000001,-0.5875020401736885
1670,16.69999999999981,0.0008467486005666642,0.0,1.5000000000000018,-0.5875115655454543
1671,16.709999999999813,0.0008471809434650118,0.0,1.5000000000000013,-0.5875206442521329
1672,16.719999999999814,0.000847592274554993,0.0,1.5000000000000009,-0.5875292774350107
1673,16.729999999999816,0.0008479826179572398,0.0,1.5000000000000016,-0.5875374662462849
1674,16.739999999999817,0.0008483519999854907,0.0,1.5000000000000016,-0.5875452118492528
1675,16.74999999999982,0.0008487004491485317,0.0,1.500000000000001,-0.5875525154185688
1676,16.75999999999982,0.0008490279961519392,0.0,1.5000000000000007,-0.5875593781404534
1677,16.769999999999822,0.0008493346738996193,0.0,1.500000000000001,-0.587565801212927
1678,16.779999999999824,0.0008496205174951463,0.0,1.5000000000000018,-0.5875717858460767
1679,16.789999999999825,0.0008498855642428986,0.0,1.5000000000000009,-0.5875773332622481
1680,16.799999999999827,0.0008501298536489914,0.0,1.5000000000000013,-0.587582444696336
1681,16.809999999999828,0.0008503534274220068,0.0,1.5000000000000013,-0.5875871213959996
1682,16.81999999999983,0.0008505563294735181,0.0,1.5000000000000013,-0.587591364621926
1683,16.82999999999983,0.0008507386059184127,0.0,1.5000000000000013,-0.5875951756480926
1684,16.839999999999833,0.0008509003050750091,0.0,1.5000000000000013,-0.587598555762002
1685,16.849999999999834,0.0008510414774649677,0.0,1.5000000000000009,-0.5876015062649723
1686,16.859999999999836,0.0008511621758129984,0.0,1.500000000000002,-0.5876040284723786
1687,16.869999999999838,0.0008512624550463601,0.0,1.5000000000000016,-0.5876061237139413
1688,16.87999999999984,0.0008513423722941566,0.0,1.500000000000001,-0.5876077933339753
1689,16.88999999999984,0.0008514019868864245,0.0,1.500000000000001,-0.5876090386916893
1690,16.899999999999842,0.0008514413603530147,0.0,1.500000000000001,-0.5876098611614626
1691,16.909999999999844,0.0008514605564222668,0.0,1.5000000000000016,-0.5876102621331053
1692,16.919999999999845,0.0008514596410194777,0.0,1.5000000000000009,-0.5876102430121795
1693,16.929999999999847,0.0008514386822651597,0.0,1.5000000000000013,-0.5876098052202648
1694,16.93999999999985,0.0008513977504730948,0.0,1.5000000000000016,-0.5876089501952629
1695,16.94999999999985,0.0008513369181481781,0.0,1.5000000000000018,-0.5876076793917016
1696,16.95999999999985,0.0008512562599840541,0.0,1.5000000000000013,-0.5876059942810147
1697,16.969999999999853,0.0008511558528605456,0.0,1.5000000000000016,-0.5876038963518811
1698,16.979999999999855,0.0008510357758408729,0.0,1.5000000000000013,-0.5876013871105131
1699,16.989999999999856,0.0008508961101686655,0.0,1.5000000000000016,-0.587598468080972
1700,16.999999999999858,0.0008507369392647651,0.0,1.5000000000000013,-0.5875951408054821
1701,17.00999999999986,0.0008505583487238184,0.0,1.5000000000000009,-0.5875914068447783
1702,17.01999999999986,0.0008503604263106648,0.0,1.5000000000000009,-0.5875872677783862
1703,17.029999999999863,0.0008501432619565099,0.0,1.5000000000000007,-0.5875827252049892
1704,17.039999999999864,0.0008499069477548966,0.0,1.5000000000000009,-0.5875777807427466
1705,17.049999999999866,0.0008496515779574613,0.0,1.5000000000000007,-0.5875724360296247
1706,17.059999999999867,0.0008493772489694849,0.0,1.5000000000000016,-0.5875666927237567
1707,17.06999999999987,0.0008490840593452351,0.0,1.5000000000000013,-0.5875605525037633
1708,17.07999999999987,0.0008487721097830978,0.0,1.5000000000000004,-0.5875540170691057
1709,17.089999999999872,0.000848441503120501,0.0,1.5000000000000016,-0.5875470881404624
1710,17.099999999999874,0.0008480923443286315,0.0,1.5000000000000013,-0.5875397674600504
1711,17.109999999999875,0.0008477247405069397,0.0,1.500000000000001,-0.5875320567920043
1712,17.119999999999877,0.0008473388008774405,0.0,1.5000000000000009,-0.5875239579227388
1713,17.129999999999878,0.0008469346367788021,0.0,1.5000000000000013,-0.5875154726613043
1714,17.13999999999988,0.000846512361660229,0.0,1.5000000000000013,-0.5875066028397801
1715,17.14999999999988,0.0008460720910751362,0.0,1.500000000000001,-0.5874973503136258
1716,17.159999999999883,0.0008456139426746166,0.0,1.5000000000000007,-0.5874877169620635
1717,17.169999999999884,0.0008451380362007,0.0,1.5000000000000016,-0.5874777046884824
1718,17.179999999999886,0.0008446444934794065,0.0,1.5000000000000016,-0.5874673154207901
1719,17.189999999999888,0.0008441334384135903,0.0,1.500000000000001,-0.5874565511118454
1720,17.19999999999989,0.0008436049969755809,0.0,1.5000000000000007,-0.5874454137398059
1721,17.20999999999989,0.0008430592971996136,0.0,1.5000000000000013,-0.5874339053085526
1722,17.219999999999892,0.0008424964691740579,0.0,1.5000000000000016,-0.5874220278480875
1723,17.229999999999894,0.0008419166450334371,0.0,1.500000000000001,-0.587409783414937
1724,17.239999999999895,0.0008413199589502458,0.0,1.5000000000000018,-0.5873971740925596
1725,17.249999999999897,0.0008407065471265594,0.0,1.5000000000000013,-0.5873842019917453
1726,17.2599999999999,0.0008400765477854417,0.0,1.5000000000000013,-0.5873708692510552
1727,17.2699999999999,0.0008394301011621469,0.0,1.5000000000000016,-0.5873571780372183
1728,17.2799999999999,0.0008387673494951191,0.0,1.500000000000001,-0.5873431305455656
1729,17.289999999999903,0.0008380884370167874,0.0,1.5000000000000016,-0.5873287290004537
1730,17.299999999999905,0.0008373935099441599,0.0,1.500000000000001,-0.5873139756556823
1731,17.309999999999906,0.0008366827164692141,0.0,1.5000000000000016,-0.5872988727949446
1732,17.319999999999908,0.0008359562067490871,0.0,1.5000000000000009,-0.5872834227322532
1733,17.32999999999991,0.0008352141328960641,0.0,1.5000000000000016,-0.5872676278123747
1734,17.33999999999991,0.0008344566489673657,0.0,1.5000000000000013,-0.5872514904112717
1735,17.349999999999913,0.0008336839109547361,0.0,1.5000000000000007,-0.5872350129365558
1736,17.359999999999914,0.0008328960767738335,0.0,1.5000000000000009,-0.5872181978279236
1737,17.369999999999916,0.0008320933062534175,0.0,1.5000000000000009,-0.5872010475576219
1738,17.379999999999917,0.0008312757611243437,0.0,1.5000000000000009,-0.58718356463088
1739,17.38999999999992,0.0008304436050083575,0.0,1.500000000000001,-0.5871657515863852
1740,17.39999999999992,0.0008295970034066917,0.0,1.5000000000000016,-0.587147610996723
1741,17.409999999999922,0.0008287361236884697,0.0,1.5000000000000016,-0.5871291454688532
1742,17.419999999999924,0.0008278611350789113,0.0,1.500000000000001,-0.5871103576445644
1743,17.429999999999925,0.0008269722086473463,0.0,1.5000000000000009,-0.5870912502009401
1744,17.439999999999927,0.000826069517295031,0.0,1.5000000000000016,-0.5870718258508277
1745,17.44999999999993,0.0008251532357427774,0.0,1.5000000000000009,-0.5870520873433082
1746,17.45999999999993,0.0008242235405183825,0.0,1.5000000000000007,-0.5870320374641642
1747,17.46999999999993,0.0008232806099438736,0.0,1.5000000000000007,-0.5870116790363501
1748,17.479999999999933,0.0008223246241225585,0.0,1.5000000000000007,-0.586991014920488
1749,17.489999999999934,0.000821355764925888,0.0,1.5000000000000016,-0.5869700480153113
1750,17.499999999999936,0.0008203742159801289,0.0,1.5000000000000009,-0.5869487812581625
1751,17.509999999999938,0.0008193801626528494,0.0,1.5000000000000016,-0.5869272176254694
1752,17.51999999999994,0.0008183737920392179,0.0,1.5000000000000016,-0.5869053601332314
1753,17.52999999999994,0.0008173552929481148,0.0,1.5000000000000013,-0.5868832118374658
1754,17.539999999999942,0.0008163248558880598,0.0,1.5000000000000009,-0.5868607758347515
1755,17.549999999999944,0.0008152826730529559,0.0,1.5000000000000013,-0.58683805526265
1756,17.559999999999945,0.000814228938307649,0.0,1.5000000000000009,-0.5868150533002091
1757,17.569999999999947,0.0008131638471733063,0.0,1.5000000000000018,-0.5867917731684661
1758,17.57999999999995,0.0008120875968126129,0.0,1.500000000000001,-0.5867682181308972
1759,17.58999999999995,0.0008110003860147886,0.0,1.500000000000001,-0.5867443914939153
1760,17.59999999999995,0.0008099024151804275,0.0,1.5000000000000004,-0.5867202966073566
1761,17.609999999999953,0.0008087938863061563,0.0,1.5000000000000009,-0.5866959368649444
1762,17.619999999999955,0.0008076750029691191,0.0,1.500000000000001,-0.5866713157047773
1763,17.629999999999956,0.0008065459703112852,0.0,1.5000000000000009,-0.5866464366098184
1764,17.639999999999958,0.0008054069950235813,0.0,1.500000000000001,-0.586621303108354
1765,17.64999999999996,0.0008042582853298535,0.0,1.5000000000000004,-0.586595918774472
1766,17.65999999999996,0.0008031000509706539,0.0,1.5000000000000009,-0.5865702872285472
1767,17.669999999999963,0.0008019325031868582,0.0,1.5000000000000004,-0.5865444121376988
1768,17.679999999999964,0.000800755854703113,0.0,1.5000000000000004,-0.586518297216258
1769,17.689999999999966,0.0007995703197111143,0.0,1.5000000000000004,-0.5864919462262486
1770,17.699999999999967,0.0007983761138527197,0.0,1.5000000000000002,-0.586465362977827
1771,17.70999999999997,0.0007971734542028939,0.0,1.5000000000000004,-0.5864385513297626
1772,17.71999999999997,0.0007959625592524891,0.0,1.500000000000001,-0.5864115151898681
1773,17.729999999999972,0.0007947436488908638,0.0,1.5000000000000004,-0.5863842585154733
1774,17.739999999999974,0.000793516944388337,0.0,1.5000000000000013,-0.5863567853138513
1775,17.749999999999975,0.0007922826683784843,0.0,1.5,-0.5863290996426768
1776,17.759999999999977,0.0007910410448402728,0.0,1.5000000000000004,-0.5863012056104449
1777,17.76999999999998,0.0007897922990800388,0.0,1.5000000000000009,-0.5862731073769222
1778,17.77999999999998,0.0007885366577133089,0.0,1.500000000000001,-0.5862448091535388
1779,17.78999999999998,0.0007872743486464657,0.0,1.5000000000000007,-0.5862163152038311
1780,17.799999999999983,0.0007860056010582602,0.0,1.5000000000000004,-0.5861876298438592
1781,17.809999999999985,0.0007847306453811713,0.0,1.5000000000000004,-0.5861587574425754
1782,17.819999999999986,0.0007834497132826149,0.0,1.5000000000000009,-0.5861297024222537
1783,17.829999999999988,0.0007821630376460039,0.0,1.5000000000000013,-0.5861004692588595
1784,17.83999999999999,0.0007808708525516591,0.0,1.5000000000000007,-0.5860710624824342
1785,17.84999999999999,0.0007795733932575758,0.0,1.5000000000000013,-0.5860414866774646
1786,17.859999999999992,0.0007782708961800432,0.0,1.5000000000000004,-0.5860117464832446
1787,17.869999999999994,0.0007769635988741234,0.0,1.5,-0.5859818465942148
1788,17.879999999999995,0.0007756517400139856,0.0,1.5000000000000009,-0.5859517917603205
1789,17.889999999999997,0.0007743355593731016,0.0,1.5,-0.5859215867873228
1790,17.9,0.0007730152978043042,0.0,1.5000000000000004,-0.5858912365371292
1791,17.91,0.0007716911972197058,0.0,1.5000000000000013,-0.5858607459280849
1792,17.92,0.0007703635005704842,0.0,1.5000000000000009,-0.5858301199352836
1793,17.930000000000003,0.0007690324518265326,0.0,1.5000000000000009,-0.5857993635908219
1794,17.940000000000005,0.0007676982959559794,0.0,1.5000000000000002,-0.5857684819840928
1795,17.950000000000006,0.0007663612789045773,0.0,1.5000000000000007,-0.5857374802620157
1796,17.960000000000008,0.0007650216475749625,0.0,1.5000000000000009,-0.5857063636292775
1797,17.97000000000001,0.0007636796498057884,0.0,1.5,-0.5856751373485578
1798,17.98000000000001,0.000762335534350733,0.0,1.5000000000000004,-0.5856438067407301
1799,17.990000000000013,0.0007609895508573838,0.0,1.5000000000000002,-0.5856123771850517
1800,18.000000000000014,0.0007596419498460005,0.0,1.4999999999999998,-0.5855808541193306
1801,18.010000000000016,0.000758292982688157,0.0,1.5000000000000009,-0.5855492430400913
1802,18.020000000000017,0.0007569429015852664,0.0,1.5000000000000002,-0.5855175495026747
1803,18.03000000000002,0.0007555919595469885,0.0,1.500000000000001,-0.5854857791213934
1804,18.04000000000002,0.0007542404103695239,0.0,1.4999999999999996,-0.5854539375696093
1805,18.050000000000022,0.0007528885086137943,0.0,1.5000000000000009,-0.5854220305798001
1806,18.060000000000024,0.0007515365095835107,0.0,1.5000000000000002,-0.5853900639436116
1807,18.070000000000025,0.0007501846693031359,0.0,1.5000000000000004,-0.5853580435119149
1808,18.080000000000027,0.0007488332444957371,0.0,1.5,-0.5853259751947704
1809,18.09000000000003,0.0007474824925607325,0.0,1.5000000000000002,-0.5852938649614595
1810,18.10000000000003,0.0007461326715515364,0.0,1.5,-0.5852617188404117
1811,18.11000000000003,0.0007447840401531028,0.0,1.5000000000000004,-0.5852295429191401
1812,18.120000000000033,0.0007434368576593664,0.0,1.4999999999999996,-0.5851973433441822
1813,18.130000000000035,0.0007420913839505889,0.0,1.5000000000000004,-0.5851651263209491
1814,18.140000000000036,0.000740747879470608,0.0,1.5000000000000004,-0.5851328981135994
1815,18.150000000000038,0.0007394066052039934,0.0,1.5000000000000007,-0.5851006650448702
1816,18.16000000000004,0.0007380678226531091,0.0,1.5000000000000009,-0.5850684334958615
1817,18.17000000000004,0.0007367317938150878,0.0,1.4999999999999996,-0.5850362099058266
1818,18.180000000000042,0.0007353987811587168,0.0,1.4999999999999993,-0.5850040007719041
1819,18.190000000000044,0.0007340690476012367,0.0,1.5,-0.5849718126488257
1820,18.200000000000045,0.000732742856485057,0.0,1.5000000000000009,-0.5849396521486027
1821,18.210000000000047,0.000731420471554391,0.0,1.5000000000000009,-0.5849075259401595
1822,18.22000000000005,0.0007301021569318083,0.0,1.4999999999999996,-0.5848754407489697
1823,18.23000000000005,0.0007287881770947113,0.0,1.5000000000000004,-0.5848434033566152
1824,18.24000000000005,0.0007274787968517351,0.0,1.5000000000000009,-0.5848114206003389
1825,18.250000000000053,0.0007261742813190746,0.0,1.4999999999999998,-0.584779499372554
1826,18.260000000000055,0.000724874895896738,0.0,1.5000000000000004,-0.5847476466203331
1827,18.270000000000056,0.0007235809062447335,0.0,1.5000000000000009,-0.5847158693448221
1828,18.280000000000058,0.0007222925782591854,0.0,1.500000000000001,-0.584684174600647
1829,18.29000000000006,0.0007210101780483875,0.0,1.5000000000000002,-0.5846525694952958
1830,18.30000000000006,0.000719733971908792,0.0,1.5000000000000004,-0.5846210611884161
1831,18.310000000000063,0.000718464226300937,0.0,1.5000000000000002,-0.5845896568911152
1832,18.320000000000064,0.0007172012078253163,0.0,1.5000000000000013,-0.5845583638652048
1833,18.330000000000066,0.0007159451831981903,0.0,1.5,-0.5845271894223953
1834,18.340000000000067,0.0007146964192273452,0.0,1.5,-0.5844961409234634
1835,18.35000000000007,0.0007134551827877963,0.0,1.5000000000000013,-0.5844652257773646
1836,18.36000000000007,0.0007122217407974438,0.0,1.5000000000000007,-0.5844344514403322
1837,18.370000000000072,0.0007109963601926782,0.0,1.4999999999999998,-0.5844038254148808
1838,18.380000000000074,0.0007097793079039417,0.0,1.4999999999999993,-0.584373355248819
1839,18.390000000000075,0.000708570850831245,0.0,1.4999999999999998,-0.5843430485341938
1840,18.400000000000077,0.0007073712558196417,0.0,1.5,-0.5843129129061667
1841,18.41000000000008,0.0007061807896346646,0.0,1.5000000000000004,-0.5842829560419134
1842,18.42000000000008,0.0007049997189377248,0.0,1.5000000000000002,-0.5842531856593893
1843,18.43000000000008,0.000703828310261475,0.0,1.5000000000000004,-0.5842236095161224
1844,18.440000000000083,0.000702666829985141,0.0,1.5000000000000009,-0.5841942354079157
1845,18.450000000000085,0.0007015155443098225,0.0,1.5,-0.5841650711675207
1846,18.460000000000086,0.0007003747192337656,0.0,1.5000000000000009,-0.5841361246632606
1847,18.470000000000088,0.0006992446205276101,0.0,1.5000000000000002,-0.5841074037976046
1848,18.48000000000009,0.0006981255137096121,0.0,1.5000000000000009,-0.5840789165056905
1849,18.49000000000009,0.0006970176640208464,0.0,1.5000000000000007,-0.5840506707538052
1850,18.500000000000092,0.0006959213364003886,0.0,1.5000000000000004,-0.5840226745378096
1851,18.510000000000094,0.0006948367954604819,0.0,1.4999999999999998,-0.5839949358815327
1852,18.520000000000095,0.000693764305461688,0.0,1.5000000000000009,-0.5839674628350815
1853,18.530000000000097,0.0006927041302880267,0.0,1.5000000000000004,-0.5839402634731481
1854,18.5400000000001,0.0006916565334221056,0.0,1.5000000000000004,-0.5839133458932165
1855,18.5500000000001,0.0006906217779202411,0.0,1.5000000000000002,-0.5838867182137848
1856,18.5600000000001,0.000689600126387576,0.0,1.5000000000000016,-0.5838603885724546
1857,18.570000000000103,0.0006885918409531929,0.0,1.5000000000000009,-0.5838343651240542
1858,18.580000000000105,0.0006875971832452266,0.0,1.5,-0.5838086560386705
1859,18.590000000000106,0.0006866164143659792,0.0,1.500000000000001,-0.5837832694996274
1860,18.600000000000108,0.0006856497948670392,0.0,1.5,-0.5837582137014381
1861,18.61000000000011,0.0006846975847244064,0.0,1.5000000000000002,-0.5837334968476984
1862,18.62000000000011,0.0006837600433136251,0.0,1.5000000000000004,-0.583709127148929
1863,18.630000000000113,0.0006828374293849295,0.0,1.4999999999999998,-0.5836851128203888
1864,18.640000000000114,0.0006819300010384021,0.0,1.5000000000000007,-0.5836614620798088
1865,18.650000000000116,0.000681038015699147,0.0,1.5000000000000009,-0.583638183145124
1866,18.660000000000117,0.0006801617300924825,0.0,1.5000000000000009,-0.5836152842321115
1867,18.67000000000012,0.0006793014002191536,0.0,1.5000000000000002,-0.5835927735520321
1868,18.68000000000012,0.0006784572813305662,0.0,1.5000000000000002,-0.5835706593091906
1869,18.690000000000122,0.0006776296279040492,0.0,1.5000000000000004,-0.5835489496984717
1870,18.700000000000124,0.0006768186936181408,0.0,1.5,-0.5835276529028322
1871,18.710000000000125,0.0006760247313279077,0.0,1.5000000000000009,-0.5835067770907537
1872,18.720000000000127,0.0006752479930402938,0.0,1.5000000000000004,-0.5834863304136388
1873,18.73000000000013,0.0006744887298895053,0.0,1.5000000000000004,-0.5834663210031897
1874,18.74000000000013,0.0006737471921124329,0.0,1.5000000000000007,-0.5834467569687485
1875,18.75000000000013,0.0006730236290241117,0.0,1.500000000000001,-0.5834276463945831
1876,18.760000000000133,0.0006723182889932246,0.0,1.5000000000000013,-0.5834089973371446
1877,18.770000000000135,0.0006716314194176486,0.0,1.5000000000000009,-0.5833908178223137
1878,18.780000000000136,0.0006709632667000476,0.0,1.500000000000001,-0.5833731158425697
1879,18.790000000000138,0.0006703140762235147,0.0,1.5000000000000002,-0.583355899354187
1880,18.80000000000014,0.0006696840923272651,0.0,1.5000000000000009,-0.5833391762743262
1881,18.81000000000014,0.0006690735582823832,0.0,1.5000000000000009,-0.5833229544781966
1882,18.820000000000142,0.0006684827162676241,0.0,1.5000000000000004,-0.5833072417960952
1883,18.830000000000144,0.0006679118073452751,0.0,1.500000000000001,-0.5832920460104775
1884,18.840000000000146,0.0006673610714370767,0.0,1.5000000000000007,-0.5832773748530071
1885,18.850000000000147,0.000666830747300208,0.0,1.5000000000000002,-0.583263236001556
1886,18.86000000000015,0.0006663210725033347,0.0,1.500000000000001,-0.5832496370771916
1887,18.87000000000015,0.000665832283402728,0.0,1.5000000000000007,-0.5832365856412024
1888,18.88000000000015,0.0006653646151184519,0.0,1.5000000000000013,-0.5832240891920165
1889,18.890000000000153,0.0006649183015106223,0.0,1.5000000000000009,-0.583212155162185
1890,18.900000000000155,0.0006644935751557433,0.0,1.5000000000000009,-0.583200790915325
1891,18.910000000000156,0.0006640906673231178,0.0,1.5000000000000007,-0.583190003743047
1892,18.920000000000158,0.0006637098079513395,0.0,1.5000000000000004,-0.5831798008619123
1893,18.93000000000016,0.000663351225624866,0.0,1.5000000000000002,-0.5831701894103353
1894,18.94000000000016,0.0006630151475506767,0.0,1.500000000000001,-0.5831611764455354
1895,18.950000000000163,0.0006627017995350154,0.0,1.5000000000000009,-0.5831527689404822
1896,18.960000000000164,0.0006624114059602248,0.0,1.5000000000000007,-0.5831449737807983
1897,18.970000000000166,0.000662144189761669,0.0,1.5,-0.5831377977617279
1898,18.980000000000167,0.0006619003724047525,0.0,1.5000000000000009,-0.583131247585112
1899,18.99000000000017,0.0006616801738620318,0.0,1.5000000000000004,-0.5831253298563259
1900,19.00000000000017,0.0006614838125904277,0.0,1.5000000000000007,-0.5831200510812728
1901,19.010000000000172,0.0006613115055085375,0.0,1.5000000000000009,-0.5831154176634038
1902,19.020000000000174,0.000661163467974049,0.0,1.5000000000000007,-0.5831114359007269
1903,19.030000000000175,0.0006610399137612611,0.0,1.5000000000000004,-0.5831081119828598
1904,19.040000000000177,0.0006609410550387092,0.0,1.5000000000000004,-0.5831054519881045
1905,19.05000000000018,0.0006608671023469043,0.0,1.5,-0.5831034618805536
1906,19.06000000000018,0.0006608182645761798,0.0,1.5000000000000007,-0.5831021475072241
1907,19.07000000000018,0.0006607947489446553,0.0,1.500000000000001,-0.5831015145952264
1908,19.080000000000183,0.000660796760976316,0.0,1.5000000000000002,-0.5831015687489789
1909,19.090000000000185,0.0006608245044792099,0.0,1.500000000000002,-0.58310231544745
1910,19.100000000000186,0.0006608781815237688,0.0,1.5000000000000007,-0.5831037600414695
1911,19.110000000000188,0.0006609579924212488,0.0,1.5000000000000007,-0.5831059077510338
1912,19.12000000000019,0.0006610641357022994,0.0,1.5000000000000009,-0.5831087636627124
1913,19.13000000000019,0.0006611968080956589,0.0,1.5000000000000013,-0.5831123327271034
1914,19.140000000000192,0.0006613562045069803,0.0,1.5000000000000013,-0.5831166197562974
1915,19.150000000000194,0.0006615425179977889,0.0,1.5000000000000004,-0.5831216294214334
1916,19.160000000000196,0.0006617559397645741,0.0,1.500000000000001,-0.5831273662503228
1917,19.170000000000197,0.0006619966591180193,0.0,1.5000000000000013,-0.5831338346251113
1918,19.1800000000002,0.0006622648634623692,0.0,1.5000000000000013,-0.5831410387800053
1919,19.1900000000002,0.0006625607382749377,0.0,1.5000000000000002,-0.5831489827991003
1920,19.200000000000202,0.0006628844670857611,0.0,1.5000000000000009,-0.5831576706142205
1921,19.210000000000203,0.0006632362314573945,0.0,1.5000000000000016,-0.5831671060028937
1922,19.220000000000205,0.0006636162109648566,0.0,1.5000000000000013,-0.5831772925863452
1923,19.230000000000206,0.0006640245831757237,0.0,1.5000000000000018,-0.5831882338276145
1924,19.240000000000208,0.0006644615236303766,0.0,1.5000000000000009,-0.5831999330297144
1925,19.25000000000021,0.0006649272058224,0.0,1.5000000000000007,-0.5832123933338856
1926,19.26000000000021,0.0006654218011791387,0.0,1.500000000000001,-0.5832256177179441
1927,19.270000000000213,0.0006659454790424122,0.0,1.5000000000000013,-0.583239608994699
1928,19.280000000000214,0.0006664984066493888,0.0,1.5000000000000007,-0.583254369810447
1929,19.290000000000216,0.0006670807491136217,0.0,1.5000000000000009,-0.5832699026435948
1930,19.300000000000217,0.0006676926694062514,0.0,1.5000000000000018,-0.5832862098033224
1931,19.31000000000022,0.0006683343283373725,0.0,1.500000000000001,-0.5833032934283713
1932,19.32000000000022,0.00066900588453757,0.0,1.5000000000000024,-0.5833211554859183
1933,19.330000000000222,0.000669707494439626,0.0,1.500000000000001,-0.5833397977705342
1934,19.340000000000224,0.0006704393122603987,0.0,1.5000000000000022,-0.5833592219032436
1935,19.350000000000225,0.0006712014899828767,0.0,1.5000000000000013,-0.5833794293306906
1936,19.360000000000227,0.0006719941773384083,0.0,1.500000000000001,-0.5834004213243781
1937,19.37000000000023,0.0006728175217891117,0.0,1.500000000000002,-0.5834221989800437
1938,19.38000000000023,0.0006736716685104645,0.0,1.5000000000000027,-0.5834447632170945
1939,19.39000000000023,0.0006745567603740742,0.0,1.5000000000000007,-0.5834681147781542
1940,19.400000000000233,0.0006754729379306362,0.0,1.500000000000002,-0.5834922542287488
1941,19.410000000000235,0.0006764203393930763,0.0,1.500000000000001,-0.5835171819570116
1942,19.420000000000236,0.0006773991006198818,0.0,1.5000000000000009,-0.5835428981735845
1943,19.430000000000238,0.0006784093550986224,0.0,1.5000000000000016,-0.5835694029115569
1944,19.44000000000024,0.0006794512339296653,0.0,1.500000000000002,-0.5835966960264998
1945,19.45000000000024,0.0006805248658100807,0.0,1.500000000000002,-0.5836247771966752
1946,19.460000000000242,0.0006816303770177467,0.0,1.5000000000000018,-0.583653645923252
1947,19.470000000000244,0.0006827678913956499,0.0,1.5000000000000016,-0.5836833015306885
1948,19.480000000000246,0.0006839375303363864,0.0,1.500000000000001,-0.5837137431671938
1949,19.490000000000247,0.0006851394127668628,0.0,1.5000000000000013,-0.5837449698052914
1950,19.50000000000025,0.0006863736551332027,0.0,1.5000000000000024,-0.5837769802424637
1951,19.51000000000025,0.0006876403713858566,0.0,1.5000000000000016,-0.5838097731019388
1952,19.520000000000252,0.0006889396729649182,0.0,1.5000000000000013,-0.5838433468335318
1953,19.530000000000253,0.0006902716687856498,0.0,1.5000000000000016,-0.5838776997145864
1954,19.540000000000255,0.0006916364652242187,0.0,1.500000000000001,-0.5839128298510591
1955,19.550000000000257,0.0006930341661036441,0.0,1.5000000000000013,-0.5839487351786355
1956,19.560000000000258,0.0006944648726799584,0.0,1.5000000000000018,-0.5839854134639714
1957,19.57000000000026,0.0006959286836285838,0.0,1.5000000000000016,-0.584022862306025
1958,19.58000000000026,0.0006974256950309263,0.0,1.5000000000000009,-0.5840610791374806
1959,19.590000000000263,0.0006989560003611868,0.0,1.5000000000000018,-0.5841000612262367
1960,19.600000000000264,0.0007005196904733954,0.0,1.5000000000000016,-0.5841398056770158
1961,19.610000000000266,0.0007021168535886641,0.0,1.5000000000000013,-0.5841803094330387
1962,19.620000000000267,0.0007037475752826657,0.0,1.5000000000000018,-0.5842215692777731
1963,19.63000000000027,0.0007054119384733376,0.0,1.5000000000000004,-0.5842635818367842
1964,19.64000000000027,0.0007071100234088104,0.0,1.5000000000000016,-0.584306343579658
1965,19.650000000000272,0.0007088419076555668,0.0,1.5000000000000018,-0.5843498508219788
1966,19.660000000000274,0.000710607666086829,0.0,1.5000000000000016,-0.5843940997274181
1967,19.670000000000275,0.0007124073708711781,0.0,1.500000000000002,-0.5844390863098587
1968,19.680000000000277,0.0007142410914614063,0.0,1.5000000000000018,-0.5844848064356318
1969,19.69000000000028,0.0007161088945836024,0.0,1.5000000000000013,-0.5845312558257562
1970,19.70000000000028,0.0007180108442264744,0.0,1.5000000000000018,-0.5845784300583141
1971,19.71000000000028,0.0007199470016309074,0.0,1.5000000000000027,-0.5846263245708564
1972,19.720000000000283,0.0007219174252797629,0.0,1.5000000000000018,-0.5846749346628151
1973,19.730000000000285,0.0007239221708879142,0.0,1.5000000000000024,-0.584724255498101
1974,19.740000000000286,0.0007259612913925273,0.0,1.5000000000000016,-0.5847742821076212
1975,19.750000000000288,0.0007280348369435806,0.0,1.500000000000002,-0.5848250093919294
1976,19.76000000000029,0.0007301428548946323,0.0,1.5000000000000016,-0.5848764321238897
1977,19.77000000000029,0.0007322853897938295,0.0,1.500000000000001,-0.5849285449514073
1978,19.780000000000292,0.0007344624833751668,0.0,1.5000000000000022,-0.5849813424001842
1979,19.790000000000294,0.0007366741745499915,0.0,1.5000000000000024,-0.5850348188765254
1980,19.800000000000296,0.0007389204993987579,0.0,1.5000000000000007,-0.5850889686701897
1981,19.810000000000297,0.0007412014911630328,0.0,1.5000000000000018,-0.5851437859572536
1982,19.8200000000003,0.0007435171802377516,0.0,1.5000000000000018,-0.5851992648030199
1983,19.8300000000003,0.0007458675941637281,0.0,1.5000000000000022,-0.5852553991649696
1984,19.840000000000302,0.0007482527576204172,0.0,1.5000000000000009,-0.5853121828957168
1985,19.850000000000303,0.0007506726924189343,0.0,1.5000000000000013,-0.5853696097459888
1986,19.860000000000305,0.0007531274174953291,0.0,1.5000000000000018,-0.5854276733676476
1987,19.870000000000307,0.0007556169489041186,0.0,1.5000000000000018,-0.5854863673167183
1988,19.880000000000308,0.0007581412998120763,0.0,1.5000000000000022,-0.5855456850564192
1989,19.89000000000031,0.0007607004804922833,0.0,1.5000000000000018,-0.5856056199602268
1990,19.90000000000031,0.0007632944983184388,0.0,1.5000000000000018,-0.5856661653149356
1991,19.910000000000313,0.000765923357759431,0.0,1.5000000000000022,-0.5857273143237337
1992,19.920000000000314,0.0007685870603741725,0.0,1.5000000000000016,-0.5857890601092887
1993,19.930000000000316,0.000771285604806699,0.0,1.5000000000000022,-0.5858513957168129
1994,19.940000000000317,0.0007740189867815299,0.0,1.5000000000000024,-0.5859143141171471
1995,19.95000000000032,0.0007767871990992988,0.0,1.5000000000000013,-0.5859778082098498
1996,19.96000000000032,0.0007795902316326447,0.0,1.500000000000002,-0.5860418708262577
1997,19.970000000000322,0.0007824280713223761,0.0,1.5000000000000018,-0.5861064947325602
1998,19.980000000000324,0.0007853007021738987,0.0,1.5000000000000013,-0.5861716726328448
1999,19.990000000000325,0.000788208105253914,0.0,1.500000000000001,-0.5862373971721552
