loop_index,completed_steps,physical_time,k,energy,mode_count,direct_energy,spectrum_energy_sum,relative_energy_consistency_error,dominant_shell,dominant_shell_energy,k1_energy,k2_energy,k3_energy,k4_energy,low_k_fraction_k_le_4,middle_k_fraction_5_le_k_le_9,high_k_fraction_k_ge_10,tail_fraction_k_gt_4,finite_shell_count,nonzero_shell_count,minimum_spectral_value,maximum_spectral_value
0,1,0.005,1,2.327352108194028e-28,8,3.162144516939324e-11,3.162144516939323e-11,4.087320172087207e-16,3,2.7527671261414998e-11,2.327352108194028e-28,8.484345953695851e-28,2.7527671261414998e-11,4.0937739079782334e-12,1.0000000000000002,3.256188444112059e-17,1.0465732133220663e-32,3.25618844411206e-17,45,45,2.1129587807314567e-48,2.7527671261414998e-11
0,1,0.005,2,8.484345953695851e-28,12,3.162144516939324e-11,3.162144516939323e-11,4.087320172087207e-16,3,2.7527671261414998e-11,2.327352108194028e-28,8.484345953695851e-28,2.7527671261414998e-11,4.0937739079782334e-12,1.0000000000000002,3.256188444112059e-17,1.0465732133220663e-32,3.25618844411206e-17,45,45,2.1129587807314567e-48,2.7527671261414998e-11
0,1,0.005,3,2.7527671261414998e-11,16,3.162144516939324e-11,3.162144516939323e-11,4.087320172087207e-16,3,2.7527671261414998e-11,2.327352108194028e-28,8.484345953695851e-28,2.7527671261414998e-11,4.0937739079782334e-12,1.0000000000000002,3.256188444112059e-17,1.0465732133220663e-32,3.25618844411206e-17,45,45,2.1129587807314567e-48,2.7527671261414998e-11
0,1,0.005,4,4.0937739079782334e-12,32,3.162144516939324e-11,3.162144516939323e-11,4.087320172087207e-16,3,2.7527671261414998e-11,2.327352108194028e-28,8.484345953695851e-28,2.7527671261414998e-11,4.0937739079782334e-12,1.0000000000000002,3.256188444112059e-17,1.0465732133220663e-32,3.25618844411206e-17,45,45,2.1129587807314567e-48,2.7527671261414998e-11
0,1,0.005,5,2.623936752240193e-28,28,3.162144516939324e-11,3.162144516939323e-11,4.087320172087207e-16,3,2.7527671261414998e-11,2.327352108194028e-28,8.484345953695851e-28,2.7527671261414998e-11,4.0937739079782334e-12,1.0000000000000002,3.256188444112059e-17,1.0465732133220663e-32,3.25618844411206e-17,45,45,2.1129587807314567e-48,2.7527671261414998e-11
0,1,0.005,6,6.314253137331068e-28,40,3.162144516939324e-11,3.162144516939323e-11,4.087320172087207e-16,3,2.7527671261414998e-11,2.327352108194028e-28,8.484345953695851e-28,2.7527671261414998e-11,4.0937739079782334e-12,1.0000000000000002,3.256188444112059e-17,1.0465732133220663e-32,3.25618844411206e-17,45,45,2.1129587807314567e-48,2.7527671261414998e-11
0,1,0.005,7,1.3268914756027524e-28,40,3.162144516939324e-11,3.162144516939323e-11,4.087320172087207e-16,3,2.7527671261414998e-11,2.327352108194028e-28,8.484345953695851e-28,2.7527671261414998e-11,4.0937739079782334e-12,1.0000000000000002,3.256188444112059e-17,1.0465732133220663e-32,3.25618844411206e-17,45,45,2.1129587807314567e-48,2.7527671261414998e-11
0,1,0.005,8,3.1393982180999665e-30,48,3.162144516939324e-11,3.162144516939323e-11,4.087320172087207e-16,3,2.7527671261414998e-11,2.327352108194028e-28,8.484345953695851e-28,2.7527671261414998e-11,4.0937739079782334e-12,1.0000000000000002,3.256188444112059e-17,1.0465732133220663e-32,3.25618844411206e-17,45,45,2.1129587807314567e-48,2.7527671261414998e-11
0,1,0.005,9,6.308731511861802e-33,68,3.162144516939324e-11,3.162144516939323e-11,4.087320172087207e-16,3,2.7527671261414998e-11,2.327352108194028e-28,8.484345953695851e-28,2.7527671261414998e-11,4.0937739079782334e-12,1.0000000000000002,3.256188444112059e-17,1.0465732133220663e-32,3.25618844411206e-17,45,45,2.1129587807314567e-48,2.7527671261414998e-11
0,1,0.005,10,4.54683282793355e-44,56,3.162144516939324e-11,3.162144516939323e-11,4.087320172087207e-16,3,2.7527671261414998e-11,2.327352108194028e-28,8.484345953695851e-28,2.7527671261414998e-11,4.0937739079782334e-12,1.0000000000000002,3.256188444112059e-17,1.0465732133220663e-32,3.25618844411206e-17,45,45,2.1129587807314567e-48,2.7527671261414998e-11
0,1,0.005,11,2.6548877140514534e-44,72,3.162144516939324e-11,3.162144516939323e-11,4.087320172087207e-16,3,2.7527671261414998e-11,2.327352108194028e-28,8.484345953695851e-28,2.7527671261414998e-11,4.0937739079782334e-12,1.0000000000000002,3.256188444112059e-17,1.0465732133220663e-32,3.25618844411206e-17,45,45,2.1129587807314567e-48,2.7527671261414998e-11
0,1,0.005,12,3.5484777299243656e-44,68,3.162144516939324e-11,3.162144516939323e-11,4.087320172087207e-16,3,2.7527671261414998e-11,2.327352108194028e-28,8.484345953695851e-28,2.7527671261414998e-11,4.0937739079782334e-12,1.0000000000000002,3.256188444112059e-17,1.0465732133220663e-32,3.25618844411206e-17,45,45,2.1129587807314567e-48,2.7527671261414998e-11
0,1,0.005,13,2.922395361142413e-44,88,3.162144516939324e-11,3.162144516939323e-11,4.087320172087207e-16,3,2.7527671261414998e-11,2.327352108194028e-28,8.484345953695851e-28,2.7527671261414998e-11,4.0937739079782334e-12,1.0000000000000002,3.256188444112059e-17,1.0465732133220663e-32,3.25618844411206e-17,45,45,2.1129587807314567e-48,2.7527671261414998e-11
0,1,0.005,14,2.57634830136946e-44,88,3.162144516939324e-11,3.162144516939323e-11,4.087320172087207e-16,3,2.7527671261414998e-11,2.327352108194028e-28,8.484345953695851e-28,2.7527671261414998e-11,4.0937739079782334e-12,1.0000000000000002,3.256188444112059e-17,1.0465732133220663e-32,3.25618844411206e-17,45,45,2.1129587807314567e-48,2.7527671261414998e-11
0,1,0.005,15,2.4709183987892756e-44,84,3.162144516939324e-11,3.162144516939323e-11,4.087320172087207e-16,3,2.7527671261414998e-11,2.327352108194028e-28,8.484345953695851e-28,2.7527671261414998e-11,4.0937739079782334e-12,1.0000000000000002,3.256188444112059e-17,1.0465732133220663e-32,3.25618844411206e-17,45,45,2.1129587807314567e-48,2.7527671261414998e-11
0,1,0.005,16,2.170912376355355e-44,112,3.162144516939324e-11,3.162144516939323e-11,4.087320172087207e-16,3,2.7527671261414998e-11,2.327352108194028e-28,8.484345953695851e-28,2.7527671261414998e-11,4.0937739079782334e-12,1.0000000000000002,3.256188444112059e-17,1.0465732133220663e-32,3.25618844411206e-17,45,45,2.1129587807314567e-48,2.7527671261414998e-11
0,1,0.005,17,2.0990155165636184e-44,112,3.162144516939324e-11,3.162144516939323e-11,4.087320172087207e-16,3,2.7527671261414998e-11,2.327352108194028e-28,8.484345953695851e-28,2.7527671261414998e-11,4.0937739079782334e-12,1.0000000000000002,3.256188444112059e-17,1.0465732133220663e-32,3.25618844411206e-17,45,45,2.1129587807314567e-48,2.7527671261414998e-11
0,1,0.005,18,2.007526016936424e-44,112,3.162144516939324e-11,3.162144516939323e-11,4.087320172087207e-16,3,2.7527671261414998e-11,2.327352108194028e-28,8.484345953695851e-28,2.7527671261414998e-11,4.0937739079782334e-12,1.0000000000000002,3.256188444112059e-17,1.0465732133220663e-32,3.25618844411206e-17,45,45,2.1129587807314567e-48,2.7527671261414998e-11
0,1,0.005,19,1.3341998726466253e-44,116,3.162144516939324e-11,3.162144516939323e-11,4.087320172087207e-16,3,2.7527671261414998e-11,2.327352108194028e-28,8.484345953695851e-28,2.7527671261414998e-11,4.0937739079782334e-12,1.0000000000000002,3.256188444112059e-17,1.0465732133220663e-32,3.25618844411206e-17,45,45,2.1129587807314567e-48,2.7527671261414998e-11
0,1,0.005,20,1.9314950133496378e-44,112,3.162144516939324e-11,3.162144516939323e-11,4.087320172087207e-16,3,2.7527671261414998e-11,2.327352108194028e-28,8.484345953695851e-28,2.7527671261414998e-11,4.0937739079782334e-12,1.0000000000000002,3.256188444112059e-17,1.0465732133220663e-32,3.25618844411206e-17,45,45,2.1129587807314567e-48,2.7527671261414998e-11
0,1,0.005,21,2.9010375705189303e-44,144,3.162144516939324e-11,3.162144516939323e-11,4.087320172087207e-16,3,2.7527671261414998e-11,2.327352108194028e-28,8.484345953695851e-28,2.7527671261414998e-11,4.0937739079782334e-12,1.0000000000000002,3.256188444112059e-17,1.0465732133220663e-32,3.25618844411206e-17,45,45,2.1129587807314567e-48,2.7527671261414998e-11
0,1,0.005,22,4.0133304170433185e-45,140,3.162144516939324e-11,3.162144516939323e-11,4.087320172087207e-16,3,2.7527671261414998e-11,2.327352108194028e-28,8.484345953695851e-28,2.7527671261414998e-11,4.0937739079782334e-12,1.0000000000000002,3.256188444112059e-17,1.0465732133220663e-32,3.25618844411206e-17,45,45,2.1129587807314567e-48,2.7527671261414998e-11
0,1,0.005,23,1.3843239914942984e-45,144,3.162144516939324e-11,3.162144516939323e-11,4.087320172087207e-16,3,2.7527671261414998e-11,2.327352108194028e-28,8.484345953695851e-28,2.7527671261414998e-11,4.0937739079782334e-12,1.0000000000000002,3.256188444112059e-17,1.0465732133220663e-32,3.25618844411206e-17,45,45,2.1129587807314567e-48,2.7527671261414998e-11
0,1,0.005,24,9.73530724837192e-46,144,3.162144516939324e-11,3.162144516939323e-11,4.087320172087207e-16,3,2.7527671261414998e-11,2.327352108194028e-28,8.484345953695851e-28,2.7527671261414998e-11,4.0937739079782334e-12,1.0000000000000002,3.256188444112059e-17,1.0465732133220663e-32,3.25618844411206e-17,45,45,2.1129587807314567e-48,2.7527671261414998e-11
0,1,0.005,25,1.624765136901756e-45,168,3.162144516939324e-11,3.162144516939323e-11,4.087320172087207e-16,3,2.7527671261414998e-11,2.327352108194028e-28,8.484345953695851e-28,2.7527671261414998e-11,4.0937739079782334e-12,1.0000000000000002,3.256188444112059e-17,1.0465732133220663e-32,3.25618844411206e-17,45,45,2.1129587807314567e-48,2.7527671261414998e-11
0,1,0.005,26,1.958503839449338e-45,164,3.162144516939324e-11,3.162144516939323e-11,4.087320172087207e-16,3,2.7527671261414998e-11,2.327352108194028e-28,8.484345953695851e-28,2.7527671261414998e-11,4.0937739079782334e-12,1.0000000000000002,3.256188444112059e-17,1.0465732133220663e-32,3.25618844411206e-17,45,45,2.1129587807314567e-48,2.7527671261414998e-11
0,1,0.005,27,9.804411185289881e-46,160,3.162144516939324e-11,3.162144516939323e-11,4.087320172087207e-16,3,2.7527671261414998e-11,2.327352108194028e-28,8.484345953695851e-28,2.7527671261414998e-11,4.0937739079782334e-12,1.0000000000000002,3.256188444112059e-17,1.0465732133220663e-32,3.25618844411206e-17,45,45,2.1129587807314567e-48,2.7527671261414998e-11
0,1,0.005,28,1.3232065139578571e-45,184,3.162144516939324e-11,3.162144516939323e-11,4.087320172087207e-16,3,2.7527671261414998e-11,2.327352108194028e-28,8.484345953695851e-28,2.7527671261414998e-11,4.0937739079782334e-12,1.0000000000000002,3.256188444112059e-17,1.0465732133220663e-32,3.25618844411206e-17,45,45,2.1129587807314567e-48,2.7527671261414998e-11
0,1,0.005,29,2.2438051997272138e-45,172,3.162144516939324e-11,3.162144516939323e-11,4.087320172087207e-16,3,2.7527671261414998e-11,2.327352108194028e-28,8.484345953695851e-28,2.7527671261414998e-11,4.0937739079782334e-12,1.0000000000000002,3.256188444112059e-17,1.0465732133220663e-32,3.25618844411206e-17,45,45,2.1129587807314567e-48,2.7527671261414998e-11
0,1,0.005,30,1.2559470416765128e-45,200,3.162144516939324e-11,3.162144516939323e-11,4.087320172087207e-16,3,2.7527671261414998e-11,2.327352108194028e-28,8.484345953695851e-28,2.7527671261414998e-11,4.0937739079782334e-12,1.0000000000000002,3.256188444112059e-17,1.0465732133220663e-32,3.25618844411206e-17,45,45,2.1129587807314567e-48,2.7527671261414998e-11
0,1,0.005,31,1.3807090385626543e-45,192,3.162144516939324e-11,3.162144516939323e-11,4.087320172087207e-16,3,2.7527671261414998e-11,2.327352108194028e-28,8.484345953695851e-28,2.7527671261414998e-11,4.0937739079782334e-12,1.0000000000000002,3.256188444112059e-17,1.0465732133220663e-32,3.25618844411206e-17,45,45,2.1129587807314567e-48,2.7527671261414998e-11
0,1,0.005,32,5.683286498187883e-46,166,3.162144516939324e-11,3.162144516939323e-11,4.087320172087207e-16,3,2.7527671261414998e-11,2.327352108194028e-28,8.484345953695851e-28,2.7527671261414998e-11,4.0937739079782334e-12,1.0000000000000002,3.256188444112059e-17,1.0465732133220663e-32,3.25618844411206e-17,45,45,2.1129587807314567e-48,2.7527671261414998e-11
0,1,0.005,33,3.947270368103305e-46,148,3.162144516939324e-11,3.162144516939323e-11,4.087320172087207e-16,3,2.7527671261414998e-11,2.327352108194028e-28,8.484345953695851e-28,2.7527671261414998e-11,4.0937739079782334e-12,1.0000000000000002,3.256188444112059e-17,1.0465732133220663e-32,3.25618844411206e-17,45,45,2.1129587807314567e-48,2.7527671261414998e-11
0,1,0.005,34,2.6019194779937067e-46,128,3.162144516939324e-11,3.162144516939323e-11,4.087320172087207e-16,3,2.7527671261414998e-11,2.327352108194028e-28,8.484345953695851e-28,2.7527671261414998e-11,4.0937739079782334e-12,1.0000000000000002,3.256188444112059e-17,1.0465732133220663e-32,3.25618844411206e-17,45,45,2.1129587807314567e-48,2.7527671261414998e-11
0,1,0.005,35,2.18774351472148e-46,104,3.162144516939324e-11,3.162144516939323e-11,4.087320172087207e-16,3,2.7527671261414998e-11,2.327352108194028e-28,8.484345953695851e-28,2.7527671261414998e-11,4.0937739079782334e-12,1.0000000000000002,3.256188444112059e-17,1.0465732133220663e-32,3.25618844411206e-17,45,45,2.1129587807314567e-48,2.7527671261414998e-11
0,1,0.005,36,1.6483663960458072e-46,88,3.162144516939324e-11,3.162144516939323e-11,4.087320172087207e-16,3,2.7527671261414998e-11,2.327352108194028e-28,8.484345953695851e-28,2.7527671261414998e-11,4.0937739079782334e-12,1.0000000000000002,3.256188444112059e-17,1.0465732133220663e-32,3.25618844411206e-17,45,45,2.1129587807314567e-48,2.7527671261414998e-11
0,1,0.005,37,1.3320059825954542e-46,76,3.162144516939324e-11,3.162144516939323e-11,4.087320172087207e-16,3,2.7527671261414998e-11,2.327352108194028e-28,8.484345953695851e-28,2.7527671261414998e-11,4.0937739079782334e-12,1.0000000000000002,3.256188444112059e-17,1.0465732133220663e-32,3.25618844411206e-17,45,45,2.1129587807314567e-48,2.7527671261414998e-11
0,1,0.005,38,1.1777055854921919e-46,68,3.162144516939324e-11,3.162144516939323e-11,4.087320172087207e-16,3,2.7527671261414998e-11,2.327352108194028e-28,8.484345953695851e-28,2.7527671261414998e-11,4.0937739079782334e-12,1.0000000000000002,3.256188444112059e-17,1.0465732133220663e-32,3.25618844411206e-17,45,45,2.1129587807314567e-48,2.7527671261414998e-11
0,1,0.005,39,7.217193617460349e-47,48,3.162144516939324e-11,3.162144516939323e-11,4.087320172087207e-16,3,2.7527671261414998e-11,2.327352108194028e-28,8.484345953695851e-28,2.7527671261414998e-11,4.0937739079782334e-12,1.0000000000000002,3.256188444112059e-17,1.0465732133220663e-32,3.25618844411206e-17,45,45,2.1129587807314567e-48,2.7527671261414998e-11
0,1,0.005,40,1.2236579548106644e-46,56,3.162144516939324e-11,3.162144516939323e-11,4.087320172087207e-16,3,2.7527671261414998e-11,2.327352108194028e-28,8.484345953695851e-28,2.7527671261414998e-11,4.0937739079782334e-12,1.0000000000000002,3.256188444112059e-17,1.0465732133220663e-32,3.25618844411206e-17,45,45,2.1129587807314567e-48,2.7527671261414998e-11
0,1,0.005,41,4.745659344976184e-47,28,3.162144516939324e-11,3.162144516939323e-11,4.087320172087207e-16,3,2.7527671261414998e-11,2.327352108194028e-28,8.484345953695851e-28,2.7527671261414998e-11,4.0937739079782334e-12,1.0000000000000002,3.256188444112059e-17,1.0465732133220663e-32,3.25618844411206e-17,45,45,2.1129587807314567e-48,2.7527671261414998e-11
0,1,0.005,42,3.4813612558014365e-47,32,3.162144516939324e-11,3.162144516939323e-11,4.087320172087207e-16,3,2.7527671261414998e-11,2.327352108194028e-28,8.484345953695851e-28,2.7527671261414998e-11,4.0937739079782334e-12,1.0000000000000002,3.256188444112059e-17,1.0465732133220663e-32,3.25618844411206e-17,45,45,2.1129587807314567e-48,2.7527671261414998e-11
0,1,0.005,43,1.323003401484041e-47,16,3.162144516939324e-11,3.162144516939323e-11,4.087320172087207e-16,3,2.7527671261414998e-11,2.327352108194028e-28,8.484345953695851e-28,2.7527671261414998e-11,4.0937739079782334e-12,1.0000000000000002,3.256188444112059e-17,1.0465732133220663e-32,3.25618844411206e-17,45,45,2.1129587807314567e-48,2.7527671261414998e-11
0,1,0.005,44,1.2564077430789065e-47,8,3.162144516939324e-11,3.162144516939323e-11,4.087320172087207e-16,3,2.7527671261414998e-11,2.327352108194028e-28,8.484345953695851e-28,2.7527671261414998e-11,4.0937739079782334e-12,1.0000000000000002,3.256188444112059e-17,1.0465732133220663e-32,3.25618844411206e-17,45,45,2.1129587807314567e-48,2.7527671261414998e-11
0,1,0.005,45,2.1129587807314567e-48,5,3.162144516939324e-11,3.162144516939323e-11,4.087320172087207e-16,3,2.7527671261414998e-11,2.327352108194028e-28,8.484345953695851e-28,2.7527671261414998e-11,4.0937739079782334e-12,1.0000000000000002,3.256188444112059e-17,1.0465732133220663e-32,3.25618844411206e-17,45,45,2.1129587807314567e-48,2.7527671261414998e-11
500,501,2.505,1,1.571833467818255e-12,8,7.744050418080202e-06,7.7440504180802e-06,2.187570848652313e-16,3,6.762437643393202e-06,1.571833467818255e-12,5.6393002434154825e-12,6.762437643393202e-06,9.815989769131766e-07,0.9999991494580027,8.505419055023648e-07,9.196429252976502e-14,8.505419974666574e-07,45,45,1.1882995163280538e-42,6.762437643393202e-06
500,501,2.505,2,5.6393002434154825e-12,12,7.744050418080202e-06,7.7440504180802e-06,2.187570848652313e-16,3,6.762437643393202e-06,1.571833467818255e-12,5.6393002434154825e-12,6.762437643393202e-06,9.815989769131766e-07,0.9999991494580027,8.505419055023648e-07,9.196429252976502e-14,8.505419974666574e-07,45,45,1.1882995163280538e-42,6.762437643393202e-06
500,501,2.505,3,6.762437643393202e-06,16,7.744050418080202e-06,7.7440504180802e-06,2.187570848652313e-16,3,6.762437643393202e-06,1.571833467818255e-12,5.6393002434154825e-12,6.762437643393202e-06,9.815989769131766e-07,0.9999991494580027,8.505419055023648e-07,9.196429252976502e-14,8.505419974666574e-07,45,45,1.1882995163280538e-42,6.762437643393202e-06
500,501,2.505,4,9.815989769131766e-07,32,7.744050418080202e-06,7.7440504180802e-06,2.187570848652313e-16,3,6.762437643393202e-06,1.571833467818255e-12,5.6393002434154825e-12,6.762437643393202e-06,9.815989769131766e-07,0.9999991494580027,8.505419055023648e-07,9.196429252976502e-14,8.505419974666574e-07,45,45,1.1882995163280538e-42,6.762437643393202e-06
500,501,2.505,5,1.7018259681090971e-12,28,7.744050418080202e-06,7.7440504180802e-06,2.187570848652313e-16,3,6.762437643393202e-06,1.571833467818255e-12,5.6393002434154825e-12,6.762437643393202e-06,9.815989769131766e-07,0.9999991494580027,8.505419055023648e-07,9.196429252976502e-14,8.505419974666574e-07,45,45,1.1882995163280538e-42,6.762437643393202e-06
500,501,2.505,6,4.032626693752974e-12,40,7.744050418080202e-06,7.7440504180802e-06,2.187570848652313e-16,3,6.762437643393202e-06,1.571833467818255e-12,5.6393002434154825e-12,6.762437643393202e-06,9.815989769131766e-07,0.9999991494580027,8.505419055023648e-07,9.196429252976502e-14,8.505419974666574e-07,45,45,1.1882995163280538e-42,6.762437643393202e-06
500,501,2.505,7,8.32621269923979e-13,40,7.744050418080202e-06,7.7440504180802e-06,2.187570848652313e-16,3,6.762437643393202e-06,1.571833467818255e-12,5.6393002434154825e-12,6.762437643393202e-06,9.815989769131766e-07,0.9999991494580027,8.505419055023648e-07,9.196429252976502e-14,8.505419974666574e-07,45,45,1.1882995163280538e-42,6.762437643393202e-06
500,501,2.505,8,1.9516447915618222e-14,48,7.744050418080202e-06,7.7440504180802e-06,2.187570848652313e-16,3,6.762437643393202e-06,1.571833467818255e-12,5.6393002434154825e-12,6.762437643393202e-06,9.815989769131766e-07,0.9999991494580027,8.505419055023648e-07,9.196429252976502e-14,8.505419974666574e-07,45,45,1.1882995163280538e-42,6.762437643393202e-06
500,501,2.505,9,4.9019198649665486e-17,68,7.744050418080202e-06,7.7440504180802e-06,2.187570848652313e-16,3,6.762437643393202e-06,1.571833467818255e-12,5.6393002434154825e-12,6.762437643393202e-06,9.815989769131766e-07,0.9999991494580027,8.505419055023648e-07,9.196429252976502e-14,8.505419974666574e-07,45,45,1.1882995163280538e-42,6.762437643393202e-06
500,501,2.505,10,5.417585460171017e-19,56,7.744050418080202e-06,7.7440504180802e-06,2.187570848652313e-16,3,6.762437643393202e-06,1.571833467818255e-12,5.6393002434154825e-12,6.762437643393202e-06,9.815989769131766e-07,0.9999991494580027,8.505419055023648e-07,9.196429252976502e-14,8.505419974666574e-07,45,45,1.1882995163280538e-42,6.762437643393202e-06
500,501,2.505,11,1.646205193919641e-19,72,7.744050418080202e-06,7.7440504180802e-06,2.187570848652313e-16,3,6.762437643393202e-06,1.571833467818255e-12,5.6393002434154825e-12,6.762437643393202e-06,9.815989769131766e-07,0.9999991494580027,8.505419055023648e-07,9.196429252976502e-14,8.505419974666574e-07,45,45,1.1882995163280538e-42,6.762437643393202e-06
500,501,2.505,12,5.788844755022884e-21,68,7.744050418080202e-06,7.7440504180802e-06,2.187570848652313e-16,3,6.762437643393202e-06,1.571833467818255e-12,5.6393002434154825e-12,6.762437643393202e-06,9.815989769131766e-07,0.9999991494580027,8.505419055023648e-07,9.196429252976502e-14,8.505419974666574e-07,45,45,1.1882995163280538e-42,6.762437643393202e-06
500,501,2.505,13,7.854060497256376e-24,88,7.744050418080202e-06,7.7440504180802e-06,2.187570848652313e-16,3,6.762437643393202e-06,1.571833467818255e-12,5.6393002434154825e-12,6.762437643393202e-06,9.815989769131766e-07,0.9999991494580027,8.505419055023648e-07,9.196429252976502e-14,8.505419974666574e-07,45,45,1.1882995163280538e-42,6.762437643393202e-06
500,501,2.505,14,2.816924597227208e-25,88,7.744050418080202e-06,7.7440504180802e-06,2.187570848652313e-16,3,6.762437643393202e-06,1.571833467818255e-12,5.6393002434154825e-12,6.762437643393202e-06,9.815989769131766e-07,0.9999991494580027,8.505419055023648e-07,9.196429252976502e-14,8.505419974666574e-07,45,45,1.1882995163280538e-42,6.762437643393202e-06
500,501,2.505,15,6.899523255443805e-26,84,7.744050418080202e-06,7.7440504180802e-06,2.187570848652313e-16,3,6.762437643393202e-06,1.571833467818255e-12,5.6393002434154825e-12,6.762437643393202e-06,9.815989769131766e-07,0.9999991494580027,8.505419055023648e-07,9.196429252976502e-14,8.505419974666574e-07,45,45,1.1882995163280538e-42,6.762437643393202e-06
500,501,2.505,16,3.0945470820351704e-27,112,7.744050418080202e-06,7.7440504180802e-06,2.187570848652313e-16,3,6.762437643393202e-06,1.571833467818255e-12,5.6393002434154825e-12,6.762437643393202e-06,9.815989769131766e-07,0.9999991494580027,8.505419055023648e-07,9.196429252976502e-14,8.505419974666574e-07,45,45,1.1882995163280538e-42,6.762437643393202e-06
500,501,2.505,17,5.985207216552366e-30,112,7.744050418080202e-06,7.7440504180802e-06,2.187570848652313e-16,3,6.762437643393202e-06,1.571833467818255e-12,5.6393002434154825e-12,6.762437643393202e-06,9.815989769131766e-07,0.9999991494580027,8.505419055023648e-07,9.196429252976502e-14,8.505419974666574e-07,45,45,1.1882995163280538e-42,6.762437643393202e-06
500,501,2.505,18,7.462673733466907e-31,112,7.744050418080202e-06,7.7440504180802e-06,2.187570848652313e-16,3,6.762437643393202e-06,1.571833467818255e-12,5.6393002434154825e-12,6.762437643393202e-06,9.815989769131766e-07,0.9999991494580027,8.505419055023648e-07,9.196429252976502e-14,8.505419974666574e-07,45,45,1.1882995163280538e-42,6.762437643393202e-06
500,501,2.505,19,1.8229576269212283e-32,116,7.744050418080202e-06,7.7440504180802e-06,2.187570848652313e-16,3,6.762437643393202e-06,1.571833467818255e-12,5.6393002434154825e-12,6.762437643393202e-06,9.815989769131766e-07,0.9999991494580027,8.505419055023648e-07,9.196429252976502e-14,8.505419974666574e-07,45,45,1.1882995163280538e-42,6.762437643393202e-06
500,501,2.505,20,1.5008004750487498e-33,112,7.744050418080202e-06,7.7440504180802e-06,2.187570848652313e-16,3,6.762437643393202e-06,1.571833467818255e-12,5.6393002434154825e-12,6.762437643393202e-06,9.815989769131766e-07,0.9999991494580027,8.505419055023648e-07,9.196429252976502e-14,8.505419974666574e-07,45,45,1.1882995163280538e-42,6.762437643393202e-06
500,501,2.505,21,5.858493126035697e-35,144,7.744050418080202e-06,7.7440504180802e-06,2.187570848652313e-16,3,6.762437643393202e-06,1.571833467818255e-12,5.6393002434154825e-12,6.762437643393202e-06,9.815989769131766e-07,0.9999991494580027,8.505419055023648e-07,9.196429252976502e-14,8.505419974666574e-07,45,45,1.1882995163280538e-42,6.762437643393202e-06
500,501,2.505,22,4.584853993465913e-37,140,7.744050418080202e-06,7.7440504180802e-06,2.187570848652313e-16,3,6.762437643393202e-06,1.571833467818255e-12,5.6393002434154825e-12,6.762437643393202e-06,9.815989769131766e-07,0.9999991494580027,8.505419055023648e-07,9.196429252976502e-14,8.505419974666574e-07,45,45,1.1882995163280538e-42,6.762437643393202e-06
500,501,2.505,23,6.965440761180537e-38,144,7.744050418080202e-06,7.7440504180802e-06,2.187570848652313e-16,3,6.762437643393202e-06,1.571833467818255e-12,5.6393002434154825e-12,6.762437643393202e-06,9.815989769131766e-07,0.9999991494580027,8.505419055023648e-07,9.196429252976502e-14,8.505419974666574e-07,45,45,1.1882995163280538e-42,6.762437643393202e-06
500,501,2.505,24,7.391744426030509e-39,144,7.744050418080202e-06,7.7440504180802e-06,2.187570848652313e-16,3,6.762437643393202e-06,1.571833467818255e-12,5.6393002434154825e-12,6.762437643393202e-06,9.815989769131766e-07,0.9999991494580027,8.505419055023648e-07,9.196429252976502e-14,8.505419974666574e-07,45,45,1.1882995163280538e-42,6.762437643393202e-06
500,501,2.505,25,4.6595586559302614e-39,168,7.744050418080202e-06,7.7440504180802e-06,2.187570848652313e-16,3,6.762437643393202e-06,1.571833467818255e-12,5.6393002434154825e-12,6.762437643393202e-06,9.815989769131766e-07,0.9999991494580027,8.505419055023648e-07,9.196429252976502e-14,8.505419974666574e-07,45,45,1.1882995163280538e-42,6.762437643393202e-06
500,501,2.505,26,3.239016522160088e-39,164,7.744050418080202e-06,7.7440504180802e-06,2.187570848652313e-16,3,6.762437643393202e-06,1.571833467818255e-12,5.6393002434154825e-12,6.762437643393202e-06,9.815989769131766e-07,0.9999991494580027,8.505419055023648e-07,9.196429252976502e-14,8.505419974666574e-07,45,45,1.1882995163280538e-42,6.762437643393202e-06
500,501,2.505,27,2.3136797497347663e-39,160,7.744050418080202e-06,7.7440504180802e-06,2.187570848652313e-16,3,6.762437643393202e-06,1.571833467818255e-12,5.6393002434154825e-12,6.762437643393202e-06,9.815989769131766e-07,0.9999991494580027,8.505419055023648e-07,9.196429252976502e-14,8.505419974666574e-07,45,45,1.1882995163280538e-42,6.762437643393202e-06
500,501,2.505,28,2.0027578750245598e-39,184,7.744050418080202e-06,7.7440504180802e-06,2.187570848652313e-16,3,6.762437643393202e-06,1.571833467818255e-12,5.6393002434154825e-12,6.762437643393202e-06,9.815989769131766e-07,0.9999991494580027,8.505419055023648e-07,9.196429252976502e-14,8.505419974666574e-07,45,45,1.1882995163280538e-42,6.762437643393202e-06
500,501,2.505,29,7.531132746619395e-40,172,7.744050418080202e-06,7.7440504180802e-06,2.187570848652313e-16,3,6.762437643393202e-06,1.571833467818255e-12,5.6393002434154825e-12,6.762437643393202e-06,9.815989769131766e-07,0.9999991494580027,8.505419055023648e-07,9.196429252976502e-14,8.505419974666574e-07,45,45,1.1882995163280538e-42,6.762437643393202e-06
500,501,2.505,30,4.527546678276623e-40,200,7.744050418080202e-06,7.7440504180802e-06,2.187570848652313e-16,3,6.762437643393202e-06,1.571833467818255e-12,5.6393002434154825e-12,6.762437643393202e-06,9.815989769131766e-07,0.9999991494580027,8.505419055023648e-07,9.196429252976502e-14,8.505419974666574e-07,45,45,1.1882995163280538e-42,6.762437643393202e-06
500,501,2.505,31,2.8943826336491158e-40,192,7.744050418080202e-06,7.7440504180802e-06,2.187570848652313e-16,3,6.762437643393202e-06,1.571833467818255e-12,5.6393002434154825e-12,6.762437643393202e-06,9.815989769131766e-07,0.9999991494580027,8.505419055023648e-07,9.196429252976502e-14,8.505419974666574e-07,45,45,1.1882995163280538e-42,6.762437643393202e-06
500,501,2.505,32,1.1274141793281032e-40,166,7.744050418080202e-06,7.7440504180802e-06,2.187570848652313e-16,3,6.762437643393202e-06,1.571833467818255e-12,5.6393002434154825e-12,6.762437643393202e-06,9.815989769131766e-07,0.9999991494580027,8.505419055023648e-07,9.196429252976502e-14,8.505419974666574e-07,45,45,1.1882995163280538e-42,6.762437643393202e-06
500,501,2.505,33,8.132345814208197e-41,148,7.744050418080202e-06,7.7440504180802e-06,2.187570848652313e-16,3,6.762437643393202e-06,1.571833467818255e-12,5.6393002434154825e-12,6.762437643393202e-06,9.815989769131766e-07,0.9999991494580027,8.505419055023648e-07,9.196429252976502e-14,8.505419974666574e-07,45,45,1.1882995163280538e-42,6.762437643393202e-06
500,501,2.505,34,9.041340461787624e-41,128,7.744050418080202e-06,7.7440504180802e-06,2.187570848652313e-16,3,6.762437643393202e-06,1.571833467818255e-12,5.6393002434154825e-12,6.762437643393202e-06,9.815989769131766e-07,0.9999991494580027,8.505419055023648e-07,9.196429252976502e-14,8.505419974666574e-07,45,45,1.1882995163280538e-42,6.762437643393202e-06
500,501,2.505,35,4.3041689020468736e-41,104,7.744050418080202e-06,7.7440504180802e-06,2.187570848652313e-16,3,6.762437643393202e-06,1.571833467818255e-12,5.6393002434154825e-12,6.762437643393202e-06,9.815989769131766e-07,0.9999991494580027,8.505419055023648e-07,9.196429252976502e-14,8.505419974666574e-07,45,45,1.1882995163280538e-42,6.762437643393202e-06
500,501,2.505,36,4.418044156480643e-41,88,7.744050418080202e-06,7.7440504180802e-06,2.187570848652313e-16,3,6.762437643393202e-06,1.571833467818255e-12,5.6393002434154825e-12,6.762437643393202e-06,9.815989769131766e-07,0.9999991494580027,8.505419055023648e-07,9.196429252976502e-14,8.505419974666574e-07,45,45,1.1882995163280538e-42,6.762437643393202e-06
500,501,2.505,37,3.1210767771831696e-41,76,7.744050418080202e-06,7.7440504180802e-06,2.187570848652313e-16,3,6.762437643393202e-06,1.571833467818255e-12,5.6393002434154825e-12,6.762437643393202e-06,9.815989769131766e-07,0.9999991494580027,8.505419055023648e-07,9.196429252976502e-14,8.505419974666574e-07,45,45,1.1882995163280538e-42,6.762437643393202e-06
500,501,2.505,38,3.3242171735018713e-41,68,7.744050418080202e-06,7.7440504180802e-06,2.187570848652313e-16,3,6.762437643393202e-06,1.571833467818255e-12,5.6393002434154825e-12,6.762437643393202e-06,9.815989769131766e-07,0.9999991494580027,8.505419055023648e-07,9.196429252976502e-14,8.505419974666574e-07,45,45,1.1882995163280538e-42,6.762437643393202e-06
500,501,2.505,39,2.504201084801811e-41,48,7.744050418080202e-06,7.7440504180802e-06,2.187570848652313e-16,3,6.762437643393202e-06,1.571833467818255e-12,5.6393002434154825e-12,6.762437643393202e-06,9.815989769131766e-07,0.9999991494580027,8.505419055023648e-07,9.196429252976502e-14,8.505419974666574e-07,45,45,1.1882995163280538e-42,6.762437643393202e-06
500,501,2.505,40,3.005802000739838e-41,56,7.744050418080202e-06,7.7440504180802e-06,2.187570848652313e-16,3,6.762437643393202e-06,1.571833467818255e-12,5.6393002434154825e-12,6.762437643393202e-06,9.815989769131766e-07,0.9999991494580027,8.505419055023648e-07,9.196429252976502e-14,8.505419974666574e-07,45,45,1.1882995163280538e-42,6.762437643393202e-06
500,501,2.505,41,7.433638655961953e-42,28,7.744050418080202e-06,7.7440504180802e-06,2.187570848652313e-16,3,6.762437643393202e-06,1.571833467818255e-12,5.6393002434154825e-12,6.762437643393202e-06,9.815989769131766e-07,0.9999991494580027,8.505419055023648e-07,9.196429252976502e-14,8.505419974666574e-07,45,45,1.1882995163280538e-42,6.762437643393202e-06
500,501,2.505,42,1.4791751263327766e-41,32,7.744050418080202e-06,7.7440504180802e-06,2.187570848652313e-16,3,6.762437643393202e-06,1.571833467818255e-12,5.6393002434154825e-12,6.762437643393202e-06,9.815989769131766e-07,0.9999991494580027,8.505419055023648e-07,9.196429252976502e-14,8.505419974666574e-07,45,45,1.1882995163280538e-42,6.762437643393202e-06
500,501,2.505,43,2.9065720016736464e-42,16,7.744050418080202e-06,7.7440504180802e-06,2.187570848652313e-16,3,6.762437643393202e-06,1.571833467818255e-12,5.6393002434154825e-12,6.762437643393202e-06,9.815989769131766e-07,0.9999991494580027,8.505419055023648e-07,9.196429252976502e-14,8.505419974666574e-07,45,45,1.1882995163280538e-42,6.762437643393202e-06
500,501,2.505,44,1.1882995163280538e-42,8,7.744050418080202e-06,7.7440504180802e-06,2.187570848652313e-16,3,6.762437643393202e-06,1.571833467818255e-12,5.6393002434154825e-12,6.762437643393202e-06,9.815989769131766e-07,0.9999991494580027,8.505419055023648e-07,9.196429252976502e-14,8.505419974666574e-07,45,45,1.1882995163280538e-42,6.762437643393202e-06
500,501,2.505,45,1.7471918368900775e-42,5,7.744050418080202e-06,7.7440504180802e-06,2.187570848652313e-16,3,6.762437643393202e-06,1.571833467818255e-12,5.6393002434154825e-12,6.762437643393202e-06,9.815989769131766e-07,0.9999991494580027,8.505419055023648e-07,9.196429252976502e-14,8.505419974666574e-07,45,45,1.1882995163280538e-42,6.762437643393202e-06
1000,1001,5.005,1,9.654481057846967e-11,8,3.0168111793907722e-05,3.0168111793907715e-05,2.246167617093898e-16,3,2.6423429904877476e-05,9.654481057846967e-11,3.3871666591960096e-10,2.6423429904877476e-05,3.743865030854089e-06,0.9999873509915947,1.2648988615829166e-05,1.978948087851688e-11,1.2649008405310043e-05,45,45,5.324054916085853e-42,2.6423429904877476e-05
1000,1001,5.005,2,3.3871666591960096e-10,12,3.0168111793907722e-05,3.0168111793907715e-05,2.246167617093898e-16,3,2.6423429904877476e-05,9.654481057846967e-11,3.3871666591960096e-10,2.6423429904877476e-05,3.743865030854089e-06,0.9999873509915947,1.2648988615829166e-05,1.978948087851688e-11,1.2649008405310043e-05,45,45,5.324054916085853e-42,2.6423429904877476e-05
1000,1001,5.005,3,2.6423429904877476e-05,16,3.0168111793907722e-05,3.0168111793907715e-05,2.246167617093898e-16,3,2.6423429904877476e-05,9.654481057846967e-11,3.3871666591960096e-10,2.6423429904877476e-05,3.743865030854089e-06,0.9999873509915947,1.2648988615829166e-05,1.978948087851688e-11,1.2649008405310043e-05,45,45,5.324054916085853e-42,2.6423429904877476e-05
1000,1001,5.005,4,3.743865030854089e-06,32,3.0168111793907722e-05,3.0168111793907715e-05,2.246167617093898e-16,3,2.6423429904877476e-05,9.654481057846967e-11,3.3871666591960096e-10,2.6423429904877476e-05,3.743865030854089e-06,0.9999873509915947,1.2648988615829166e-05,1.978948087851688e-11,1.2649008405310043e-05,45,45,5.324054916085853e-42,2.6423429904877476e-05
1000,1001,5.005,5,9.998375355639269e-11,28,3.0168111793907722e-05,3.0168111793907715e-05,2.246167617093898e-16,3,2.6423429904877476e-05,9.654481057846967e-11,3.3871666591960096e-10,2.6423429904877476e-05,3.743865030854089e-06,0.9999873509915947,1.2648988615829166e-05,1.978948087851688e-11,1.2649008405310043e-05,45,45,5.324054916085853e-42,2.6423429904877476e-05
1000,1001,5.005,6,2.3328148960422113e-10,40,3.0168111793907722e-05,3.0168111793907715e-05,2.246167617093898e-16,3,2.6423429904877476e-05,9.654481057846967e-11,3.3871666591960096e-10,2.6423429904877476e-05,3.743865030854089e-06,0.9999873509915947,1.2648988615829166e-05,1.978948087851688e-11,1.2649008405310043e-05,45,45,5.324054916085853e-42,2.6423429904877476e-05
1000,1001,5.005,7,4.7161192413108886e-11,40,3.0168111793907722e-05,3.0168111793907715e-05,2.246167617093898e-16,3,2.6423429904877476e-05,9.654481057846967e-11,3.3871666591960096e-10,2.6423429904877476e-05,3.743865030854089e-06,0.9999873509915947,1.2648988615829166e-05,1.978948087851688e-11,1.2649008405310043e-05,45,45,5.324054916085853e-42,2.6423429904877476e-05
1000,1001,5.005,8,1.1577366766268688e-12,48,3.0168111793907722e-05,3.0168111793907715e-05,2.246167617093898e-16,3,2.6423429904877476e-05,9.654481057846967e-11,3.3871666591960096e-10,2.6423429904877476e-05,3.743865030854089e-06,0.9999873509915947,1.2648988615829166e-05,1.978948087851688e-11,1.2649008405310043e-05,45,45,5.324054916085853e-42,2.6423429904877476e-05
1000,1001,5.005,9,1.1930391850711488e-14,68,3.0168111793907722e-05,3.0168111793907715e-05,2.246167617093898e-16,3,2.6423429904877476e-05,9.654481057846967e-11,3.3871666591960096e-10,2.6423429904877476e-05,3.743865030854089e-06,0.9999873509915947,1.2648988615829166e-05,1.978948087851688e-11,1.2649008405310043e-05,45,45,5.324054916085853e-42,2.6423429904877476e-05
1000,1001,5.005,10,4.574270401808912e-16,56,3.0168111793907722e-05,3.0168111793907715e-05,2.246167617093898e-16,3,2.6423429904877476e-05,9.654481057846967e-11,3.3871666591960096e-10,2.6423429904877476e-05,3.743865030854089e-06,0.9999873509915947,1.2648988615829166e-05,1.978948087851688e-11,1.2649008405310043e-05,45,45,5.324054916085853e-42,2.6423429904877476e-05
1000,1001,5.005,11,1.3428243904565386e-16,72,3.0168111793907722e-05,3.0168111793907715e-05,2.246167617093898e-16,3,2.6423429904877476e-05,9.654481057846967e-11,3.3871666591960096e-10,2.6423429904877476e-05,3.743865030854089e-06,0.9999873509915947,1.2648988615829166e-05,1.978948087851688e-11,1.2649008405310043e-05,45,45,5.324054916085853e-42,2.6423429904877476e-05
1000,1001,5.005,12,5.205789514897623e-18,68,3.0168111793907722e-05,3.0168111793907715e-05,2.246167617093898e-16,3,2.6423429904877476e-05,9.654481057846967e-11,3.3871666591960096e-10,2.6423429904877476e-05,3.743865030854089e-06,0.9999873509915947,1.2648988615829166e-05,1.978948087851688e-11,1.2649008405310043e-05,45,45,5.324054916085853e-42,2.6423429904877476e-05
1000,1001,5.005,13,9.175879749746839e-20,88,3.0168111793907722e-05,3.0168111793907715e-05,2.246167617093898e-16,3,2.6423429904877476e-05,9.654481057846967e-11,3.3871666591960096e-10,2.6423429904877476e-05,3.743865030854089e-06,0.9999873509915947,1.2648988615829166e-05,1.978948087851688e-11,1.2649008405310043e-05,45,45,5.324054916085853e-42,2.6423429904877476e-05
1000,1001,5.005,14,3.379672666544685e-21,88,3.0168111793907722e-05,3.0168111793907715e-05,2.246167617093898e-16,3,2.6423429904877476e-05,9.654481057846967e-11,3.3871666591960096e-10,2.6423429904877476e-05,3.743865030854089e-06,0.9999873509915947,1.2648988615829166e-05,1.978948087851688e-11,1.2649008405310043e-05,45,45,5.324054916085853e-42,2.6423429904877476e-05
1000,1001,5.005,15,8.211102989132993e-22,84,3.0168111793907722e-05,3.0168111793907715e-05,2.246167617093898e-16,3,2.6423429904877476e-05,9.654481057846967e-11,3.3871666591960096e-10,2.6423429904877476e-05,3.743865030854089e-06,0.9999873509915947,1.2648988615829166e-05,1.978948087851688e-11,1.2649008405310043e-05,45,45,5.324054916085853e-42,2.6423429904877476e-05
1000,1001,5.005,16,4.215944772414683e-23,112,3.0168111793907722e-05,3.0168111793907715e-05,2.246167617093898e-16,3,2.6423429904877476e-05,9.654481057846967e-11,3.3871666591960096e-10,2.6423429904877476e-05,3.743865030854089e-06,0.9999873509915947,1.2648988615829166e-05,1.978948087851688e-11,1.2649008405310043e-05,45,45,5.324054916085853e-42,2.6423429904877476e-05
1000,1001,5.005,17,8.83639986035883e-25,112,3.0168111793907722e-05,3.0168111793907715e-05,2.246167617093898e-16,3,2.6423429904877476e-05,9.654481057846967e-11,3.3871666591960096e-10,2.6423429904877476e-05,3.743865030854089e-06,0.9999873509915947,1.2648988615829166e-05,1.978948087851688e-11,1.2649008405310043e-05,45,45,5.324054916085853e-42,2.6423429904877476e-05
1000,1001,5.005,18,1.177651192464794e-25,112,3.0168111793907722e-05,3.0168111793907715e-05,2.246167617093898e-16,3,2.6423429904877476e-05,9.654481057846967e-11,3.3871666591960096e-10,2.6423429904877476e-05,3.743865030854089e-06,0.9999873509915947,1.2648988615829166e-05,1.978948087851688e-11,1.2649008405310043e-05,45,45,5.324054916085853e-42,2.6423429904877476e-05
1000,1001,5.005,19,3.31344080024834e-27,116,3.0168111793907722e-05,3.0168111793907715e-05,2.246167617093898e-16,3,2.6423429904877476e-05,9.654481057846967e-11,3.3871666591960096e-10,2.6423429904877476e-05,3.743865030854089e-06,0.9999873509915947,1.2648988615829166e-05,1.978948087851688e-11,1.2649008405310043e-05,45,45,5.324054916085853e-42,2.6423429904877476e-05
1000,1001,5.005,20,4.0030960218867496e-28,112,3.0168111793907722e-05,3.0168111793907715e-05,2.246167617093898e-16,3,2.6423429904877476e-05,9.654481057846967e-11,3.3871666591960096e-10,2.6423429904877476e-05,3.743865030854089e-06,0.9999873509915947,1.2648988615829166e-05,1.978948087851688e-11,1.2649008405310043e-05,45,45,5.324054916085853e-42,2.6423429904877476e-05
1000,1001,5.005,21,2.3108913469916504e-29,144,3.0168111793907722e-05,3.0168111793907715e-05,2.246167617093898e-16,3,2.6423429904877476e-05,9.654481057846967e-11,3.3871666591960096e-10,2.6423429904877476e-05,3.743865030854089e-06,0.9999873509915947,1.2648988615829166e-05,1.978948087851688e-11,1.2649008405310043e-05,45,45,5.324054916085853e-42,2.6423429904877476e-05
1000,1001,5.005,22,9.33191310978172e-31,140,3.0168111793907722e-05,3.0168111793907715e-05,2.246167617093898e-16,3,2.6423429904877476e-05,9.654481057846967e-11,3.3871666591960096e-10,2.6423429904877476e-05,3.743865030854089e-06,0.9999873509915947,1.2648988615829166e-05,1.978948087851688e-11,1.2649008405310043e-05,45,45,5.324054916085853e-42,2.6423429904877476e-05
1000,1001,5.005,23,1.0931816711117235e-31,144,3.0168111793907722e-05,3.0168111793907715e-05,2.246167617093898e-16,3,2.6423429904877476e-05,9.654481057846967e-11,3.3871666591960096e-10,2.6423429904877476e-05,3.743865030854089e-06,0.9999873509915947,1.2648988615829166e-05,1.978948087851688e-11,1.2649008405310043e-05,45,45,5.324054916085853e-42,2.6423429904877476e-05
1000,1001,5.005,24,8.74497603870416e-33,144,3.0168111793907722e-05,3.0168111793907715e-05,2.246167617093898e-16,3,2.6423429904877476e-05,9.654481057846967e-11,3.3871666591960096e-10,2.6423429904877476e-05,3.743865030854089e-06,0.9999873509915947,1.2648988615829166e-05,1.978948087851688e-11,1.2649008405310043e-05,45,45,5.324054916085853e-42,2.6423429904877476e-05
1000,1001,5.005,25,1.704696637622235e-34,168,3.0168111793907722e-05,3.0168111793907715e-05,2.246167617093898e-16,3,2.6423429904877476e-05,9.654481057846967e-11,3.3871666591960096e-10,2.6423429904877476e-05,3.743865030854089e-06,0.9999873509915947,1.2648988615829166e-05,1.978948087851688e-11,1.2649008405310043e-05,45,45,5.324054916085853e-42,2.6423429904877476e-05
1000,1001,5.005,26,4.50762363374389e-36,164,3.0168111793907722e-05,3.0168111793907715e-05,2.246167617093898e-16,3,2.6423429904877476e-05,9.654481057846967e-11,3.3871666591960096e-10,2.6423429904877476e-05,3.743865030854089e-06,0.9999873509915947,1.2648988615829166e-05,1.978948087851688e-11,1.2649008405310043e-05,45,45,5.324054916085853e-42,2.6423429904877476e-05
1000,1001,5.005,27,4.01304239230685e-37,160,3.0168111793907722e-05,3.0168111793907715e-05,2.246167617093898e-16,3,2.6423429904877476e-05,9.654481057846967e-11,3.3871666591960096e-10,2.6423429904877476e-05,3.743865030854089e-06,0.9999873509915947,1.2648988615829166e-05,1.978948087851688e-11,1.2649008405310043e-05,45,45,5.324054916085853e-42,2.6423429904877476e-05
1000,1001,5.005,28,4.397418223094569e-38,184,3.0168111793907722e-05,3.0168111793907715e-05,2.246167617093898e-16,3,2.6423429904877476e-05,9.654481057846967e-11,3.3871666591960096e-10,2.6423429904877476e-05,3.743865030854089e-06,0.9999873509915947,1.2648988615829166e-05,1.978948087851688e-11,1.2649008405310043e-05,45,45,5.324054916085853e-42,2.6423429904877476e-05
1000,1001,5.005,29,3.210738421578765e-39,172,3.0168111793907722e-05,3.0168111793907715e-05,2.246167617093898e-16,3,2.6423429904877476e-05,9.654481057846967e-11,3.3871666591960096e-10,2.6423429904877476e-05,3.743865030854089e-06,0.9999873509915947,1.2648988615829166e-05,1.978948087851688e-11,1.2649008405310043e-05,45,45,5.324054916085853e-42,2.6423429904877476e-05
1000,1001,5.005,30,3.1844380525756464e-39,200,3.0168111793907722e-05,3.0168111793907715e-05,2.246167617093898e-16,3,2.6423429904877476e-05,9.654481057846967e-11,3.3871666591960096e-10,2.6423429904877476e-05,3.743865030854089e-06,0.9999873509915947,1.2648988615829166e-05,1.978948087851688e-11,1.2649008405310043e-05,45,45,5.324054916085853e-42,2.6423429904877476e-05
1000,1001,5.005,31,2.736592231398224e-39,192,3.0168111793907722e-05,3.0168111793907715e-05,2.246167617093898e-16,3,2.6423429904877476e-05,9.654481057846967e-11,3.3871666591960096e-10,2.6423429904877476e-05,3.743865030854089e-06,0.9999873509915947,1.2648988615829166e-05,1.978948087851688e-11,1.2649008405310043e-05,45,45,5.324054916085853e-42,2.6423429904877476e-05
1000,1001,5.005,32,5.300096457283473e-40,166,3.0168111793907722e-05,3.0168111793907715e-05,2.246167617093898e-16,3,2.6423429904877476e-05,9.654481057846967e-11,3.3871666591960096e-10,2.6423429904877476e-05,3.743865030854089e-06,0.9999873509915947,1.2648988615829166e-05,1.978948087851688e-11,1.2649008405310043e-05,45,45,5.324054916085853e-42,2.6423429904877476e-05
1000,1001,5.005,33,2.7108082638692696e-40,148,3.0168111793907722e-05,3.0168111793907715e-05,2.246167617093898e-16,3,2.6423429904877476e-05,9.654481057846967e-11,3.3871666591960096e-10,2.6423429904877476e-05,3.743865030854089e-06,0.9999873509915947,1.2648988615829166e-05,1.978948087851688e-11,1.2649008405310043e-05,45,45,5.324054916085853e-42,2.6423429904877476e-05
1000,1001,5.005,34,2.7850121442288e-40,128,3.0168111793907722e-05,3.0168111793907715e-05,2.246167617093898e-16,3,2.6423429904877476e-05,9.654481057846967e-11,3.3871666591960096e-10,2.6423429904877476e-05,3.743865030854089e-06,0.9999873509915947,1.2648988615829166e-05,1.978948087851688e-11,1.2649008405310043e-05,45,45,5.324054916085853e-42,2.6423429904877476e-05
1000,1001,5.005,35,1.7144315188155379e-40,104,3.0168111793907722e-05,3.0168111793907715e-05,2.246167617093898e-16,3,2.6423429904877476e-05,9.654481057846967e-11,3.3871666591960096e-10,2.6423429904877476e-05,3.743865030854089e-06,0.9999873509915947,1.2648988615829166e-05,1.978948087851688e-11,1.2649008405310043e-05,45,45,5.324054916085853e-42,2.6423429904877476e-05
1000,1001,5.005,36,1.722103522135746e-40,88,3.0168111793907722e-05,3.0168111793907715e-05,2.246167617093898e-16,3,2.6423429904877476e-05,9.654481057846967e-11,3.3871666591960096e-10,2.6423429904877476e-05,3.743865030854089e-06,0.9999873509915947,1.2648988615829166e-05,1.978948087851688e-11,1.2649008405310043e-05,45,45,5.324054916085853e-42,2.6423429904877476e-05
1000,1001,5.005,37,1.2338955032118361e-40,76,3.0168111793907722e-05,3.0168111793907715e-05,2.246167617093898e-16,3,2.6423429904877476e-05,9.654481057846967e-11,3.3871666591960096e-10,2.6423429904877476e-05,3.743865030854089e-06,0.9999873509915947,1.2648988615829166e-05,1.978948087851688e-11,1.2649008405310043e-05,45,45,5.324054916085853e-42,2.6423429904877476e-05
1000,1001,5.005,38,9.200713762537199e-41,68,3.0168111793907722e-05,3.0168111793907715e-05,2.246167617093898e-16,3,2.6423429904877476e-05,9.654481057846967e-11,3.3871666591960096e-10,2.6423429904877476e-05,3.743865030854089e-06,0.9999873509915947,1.2648988615829166e-05,1.978948087851688e-11,1.2649008405310043e-05,45,45,5.324054916085853e-42,2.6423429904877476e-05
1000,1001,5.005,39,8.041577512310928e-41,48,3.0168111793907722e-05,3.0168111793907715e-05,2.246167617093898e-16,3,2.6423429904877476e-05,9.654481057846967e-11,3.3871666591960096e-10,2.6423429904877476e-05,3.743865030854089e-06,0.9999873509915947,1.2648988615829166e-05,1.978948087851688e-11,1.2649008405310043e-05,45,45,5.324054916085853e-42,2.6423429904877476e-05
1000,1001,5.005,40,1.0287823682648801e-40,56,3.0168111793907722e-05,3.0168111793907715e-05,2.246167617093898e-16,3,2.6423429904877476e-05,9.654481057846967e-11,3.3871666591960096e-10,2.6423429904877476e-05,3.743865030854089e-06,0.9999873509915947,1.2648988615829166e-05,1.978948087851688e-11,1.2649008405310043e-05,45,45,5.324054916085853e-42,2.6423429904877476e-05
1000,1001,5.005,41,5.877650250283381e-41,28,3.0168111793907722e-05,3.0168111793907715e-05,2.246167617093898e-16,3,2.6423429904877476e-05,9.654481057846967e-11,3.3871666591960096e-10,2.6423429904877476e-05,3.743865030854089e-06,0.9999873509915947,1.2648988615829166e-05,1.978948087851688e-11,1.2649008405310043e-05,45,45,5.324054916085853e-42,2.6423429904877476e-05
1000,1001,5.005,42,6.620774761874658e-41,32,3.0168111793907722e-05,3.0168111793907715e-05,2.246167617093898e-16,3,2.6423429904877476e-05,9.654481057846967e-11,3.3871666591960096e-10,2.6423429904877476e-05,3.743865030854089e-06,0.9999873509915947,1.2648988615829166e-05,1.978948087851688e-11,1.2649008405310043e-05,45,45,5.324054916085853e-42,2.6423429904877476e-05
1000,1001,5.005,43,1.7594826542234673e-41,16,3.0168111793907722e-05,3.0168111793907715e-05,2.246167617093898e-16,3,2.6423429904877476e-05,9.654481057846967e-11,3.3871666591960096e-10,2.6423429904877476e-05,3.743865030854089e-06,0.9999873509915947,1.2648988615829166e-05,1.978948087851688e-11,1.2649008405310043e-05,45,45,5.324054916085853e-42,2.6423429904877476e-05
1000,1001,5.005,44,2.2965205671840587e-41,8,3.0168111793907722e-05,3.0168111793907715e-05,2.246167617093898e-16,3,2.6423429904877476e-05,9.654481057846967e-11,3.3871666591960096e-10,2.6423429904877476e-05,3.743865030854089e-06,0.9999873509915947,1.2648988615829166e-05,1.978948087851688e-11,1.2649008405310043e-05,45,45,5.324054916085853e-42,2.6423429904877476e-05
1000,1001,5.005,45,5.324054916085853e-42,5,3.0168111793907722e-05,3.0168111793907715e-05,2.246167617093898e-16,3,2.6423429904877476e-05,9.654481057846967e-11,3.3871666591960096e-10,2.6423429904877476e-05,3.743865030854089e-06,0.9999873509915947,1.2648988615829166e-05,1.978948087851688e-11,1.2649008405310043e-05,45,45,5.324054916085853e-42,2.6423429904877476e-05
1500,1501,7.505,1,1.064559852790847e-09,8,6.620561681345464e-05,6.620561681345464e-05,0.0,3,5.815752620215491e-05,1.064559852790847e-09,3.6269828677549975e-09,5.815752620215491e-05,8.039451198481598e-06,0.9999403695594482,5.9629980664146786e-05,4.598874803647859e-10,5.963044055162716e-05,45,45,1.201476424489518e-41,5.815752620215491e-05
1500,1501,7.505,2,3.6269828677549975e-09,12,6.620561681345464e-05,6.620561681345464e-05,0.0,3,5.815752620215491e-05,1.064559852790847e-09,3.6269828677549975e-09,5.815752620215491e-05,8.039451198481598e-06,0.9999403695594482,5.9629980664146786e-05,4.598874803647859e-10,5.963044055162716e-05,45,45,1.201476424489518e-41,5.815752620215491e-05
1500,1501,7.505,3,5.815752620215491e-05,16,6.620561681345464e-05,6.620561681345464e-05,0.0,3,5.815752620215491e-05,1.064559852790847e-09,3.6269828677549975e-09,5.815752620215491e-05,8.039451198481598e-06,0.9999403695594482,5.9629980664146786e-05,4.598874803647859e-10,5.963044055162716e-05,45,45,1.201476424489518e-41,5.815752620215491e-05
1500,1501,7.505,4,8.039451198481598e-06,32,6.620561681345464e-05,6.620561681345464e-05,0.0,3,5.815752620215491e-05,1.064559852790847e-09,3.6269828677549975e-09,5.815752620215491e-05,8.039451198481598e-06,0.9999403695594482,5.9629980664146786e-05,4.598874803647859e-10,5.963044055162716e-05,45,45,1.201476424489518e-41,5.815752620215491e-05
1500,1501,7.505,5,1.0501583790013583e-09,28,6.620561681345464e-05,6.620561681345464e-05,0.0,3,5.815752620215491e-05,1.064559852790847e-09,3.6269828677549975e-09,5.815752620215491e-05,8.039451198481598e-06,0.9999403695594482,5.9629980664146786e-05,4.598874803647859e-10,5.963044055162716e-05,45,45,1.201476424489518e-41,5.815752620215491e-05
1500,1501,7.505,6,2.40853866797137e-09,40,6.620561681345464e-05,6.620561681345464e-05,0.0,3,5.815752620215491e-05,1.064559852790847e-09,3.6269828677549975e-09,5.815752620215491e-05,8.039451198481598e-06,0.9999403695594482,5.9629980664146786e-05,4.598874803647859e-10,5.963044055162716e-05,45,45,1.201476424489518e-41,5.815752620215491e-05
1500,1501,7.505,7,4.748801623902168e-10,40,6.620561681345464e-05,6.620561681345464e-05,0.0,3,5.815752620215491e-05,1.064559852790847e-09,3.6269828677549975e-09,5.815752620215491e-05,8.039451198481598e-06,0.9999403695594482,5.9629980664146786e-05,4.598874803647859e-10,5.963044055162716e-05,45,45,1.201476424489518e-41,5.815752620215491e-05
1500,1501,7.505,8,1.3770609999922618e-11,48,6.620561681345464e-05,6.620561681345464e-05,0.0,3,5.815752620215491e-05,1.064559852790847e-09,3.6269828677549975e-09,5.815752620215491e-05,8.039451198481598e-06,0.9999403695594482,5.9629980664146786e-05,4.598874803647859e-10,5.963044055162716e-05,45,45,1.201476424489518e-41,5.815752620215491e-05
1500,1501,7.505,9,4.918310813438027e-13,68,6.620561681345464e-05,6.620561681345464e-05,0.0,3,5.815752620215491e-05,1.064559852790847e-09,3.6269828677549975e-09,5.815752620215491e-05,8.039451198481598e-06,0.9999403695594482,5.9629980664146786e-05,4.598874803647859e-10,5.963044055162716e-05,45,45,1.201476424489518e-41,5.815752620215491e-05
1500,1501,7.505,10,2.3396901926491425e-14,56,6.620561681345464e-05,6.620561681345464e-05,0.0,3,5.815752620215491e-05,1.064559852790847e-09,3.6269828677549975e-09,5.815752620215491e-05,8.039451198481598e-06,0.9999403695594482,5.9629980664146786e-05,4.598874803647859e-10,5.963044055162716e-05,45,45,1.201476424489518e-41,5.815752620215491e-05
1500,1501,7.505,11,6.6826671997265e-15,72,6.620561681345464e-05,6.620561681345464e-05,0.0,3,5.815752620215491e-05,1.064559852790847e-09,3.6269828677549975e-09,5.815752620215491e-05,8.039451198481598e-06,0.9999403695594482,5.9629980664146786e-05,4.598874803647859e-10,5.963044055162716e-05,45,45,1.201476424489518e-41,5.815752620215491e-05
1500,1501,7.505,12,3.4611041618165604e-16,68,6.620561681345464e-05,6.620561681345464e-05,0.0,3,5.815752620215491e-05,1.064559852790847e-09,3.6269828677549975e-09,5.815752620215491e-05,8.039451198481598e-06,0.9999403695594482,5.9629980664146786e-05,4.598874803647859e-10,5.963044055162716e-05,45,45,1.201476424489518e-41,5.815752620215491e-05
1500,1501,7.505,13,2.0286761261925537e-17,88,6.620561681345464e-05,6.620561681345464e-05,0.0,3,5.815752620215491e-05,1.064559852790847e-09,3.6269828677549975e-09,5.815752620215491e-05,8.039451198481598e-06,0.9999403695594482,5.9629980664146786e-05,4.598874803647859e-10,5.963044055162716e-05,45,45,1.201476424489518e-41,5.815752620215491e-05
1500,1501,7.505,14,9.33264299274972e-19,88,6.620561681345464e-05,6.620561681345464e-05,0.0,3,5.815752620215491e-05,1.064559852790847e-09,3.6269828677549975e-09,5.815752620215491e-05,8.039451198481598e-06,0.9999403695594482,5.9629980664146786e-05,4.598874803647859e-10,5.963044055162716e-05,45,45,1.201476424489518e-41,5.815752620215491e-05
1500,1501,7.505,15,2.171851859538434e-19,84,6.620561681345464e-05,6.620561681345464e-05,0.0,3,5.815752620215491e-05,1.064559852790847e-09,3.6269828677549975e-09,5.815752620215491e-05,8.039451198481598e-06,0.9999403695594482,5.9629980664146786e-05,4.598874803647859e-10,5.963044055162716e-05,45,45,1.201476424489518e-41,5.815752620215491e-05
1500,1501,7.505,16,1.658232529759529e-20,112,6.620561681345464e-05,6.620561681345464e-05,0.0,3,5.815752620215491e-05,1.064559852790847e-09,3.6269828677549975e-09,5.815752620215491e-05,8.039451198481598e-06,0.9999403695594482,5.9629980664146786e-05,4.598874803647859e-10,5.963044055162716e-05,45,45,1.201476424489518e-41,5.815752620215491e-05
1500,1501,7.505,17,8.368604514861201e-22,112,6.620561681345464e-05,6.620561681345464e-05,0.0,3,5.815752620215491e-05,1.064559852790847e-09,3.6269828677549975e-09,5.815752620215491e-05,8.039451198481598e-06,0.9999403695594482,5.9629980664146786e-05,4.598874803647859e-10,5.963044055162716e-05,45,45,1.201476424489518e-41,5.815752620215491e-05
1500,1501,7.505,18,1.2359553491137853e-22,112,6.620561681345464e-05,6.620561681345464e-05,0.0,3,5.815752620215491e-05,1.064559852790847e-09,3.6269828677549975e-09,5.815752620215491e-05,8.039451198481598e-06,0.9999403695594482,5.9629980664146786e-05,4.598874803647859e-10,5.963044055162716e-05,45,45,1.201476424489518e-41,5.815752620215491e-05
1500,1501,7.505,19,5.342949517331868e-24,116,6.620561681345464e-05,6.620561681345464e-05,0.0,3,5.815752620215491e-05,1.064559852790847e-09,3.6269828677549975e-09,5.815752620215491e-05,8.039451198481598e-06,0.9999403695594482,5.9629980664146786e-05,4.598874803647859e-10,5.963044055162716e-05,45,45,1.201476424489518e-41,5.815752620215491e-05
1500,1501,7.505,20,9.864138122641619e-25,112,6.620561681345464e-05,6.620561681345464e-05,0.0,3,5.815752620215491e-05,1.064559852790847e-09,3.6269828677549975e-09,5.815752620215491e-05,8.039451198481598e-06,0.9999403695594482,5.9629980664146786e-05,4.598874803647859e-10,5.963044055162716e-05,45,45,1.201476424489518e-41,5.815752620215491e-05
1500,1501,7.505,21,7.41630346524718e-26,144,6.620561681345464e-05,6.620561681345464e-05,0.0,3,5.815752620215491e-05,1.064559852790847e-09,3.6269828677549975e-09,5.815752620215491e-05,8.039451198481598e-06,0.9999403695594482,5.9629980664146786e-05,4.598874803647859e-10,5.963044055162716e-05,45,45,1.201476424489518e-41,5.815752620215491e-05
1500,1501,7.505,22,4.096182143273826e-27,140,6.620561681345464e-05,6.620561681345464e-05,0.0,3,5.815752620215491e-05,1.064559852790847e-09,3.6269828677549975e-09,5.815752620215491e-05,8.039451198481598e-06,0.9999403695594482,5.9629980664146786e-05,4.598874803647859e-10,5.963044055162716e-05,45,45,1.201476424489518e-41,5.815752620215491e-05
1500,1501,7.505,23,4.588488897898878e-28,144,6.620561681345464e-05,6.620561681345464e-05,0.0,3,5.815752620215491e-05,1.064559852790847e-09,3.6269828677549975e-09,5.815752620215491e-05,8.039451198481598e-06,0.9999403695594482,5.9629980664146786e-05,4.598874803647859e-10,5.963044055162716e-05,45,45,1.201476424489518e-41,5.815752620215491e-05
1500,1501,7.505,24,5.795517609306397e-29,144,6.620561681345464e-05,6.620561681345464e-05,0.0,3,5.815752620215491e-05,1.064559852790847e-09,3.6269828677549975e-09,5.815752620215491e-05,8.039451198481598e-06,0.9999403695594482,5.9629980664146786e-05,4.598874803647859e-10,5.963044055162716e-05,45,45,1.201476424489518e-41,5.815752620215491e-05
1500,1501,7.505,25,2.3409996011839725e-30,168,6.620561681345464e-05,6.620561681345464e-05,0.0,3,5.815752620215491e-05,1.064559852790847e-09,3.6269828677549975e-09,5.815752620215491e-05,8.039451198481598e-06,0.9999403695594482,5.9629980664146786e-05,4.598874803647859e-10,5.963044055162716e-05,45,45,1.201476424489518e-41,5.815752620215491e-05
1500,1501,7.505,26,1.2014480538721842e-31,164,6.620561681345464e-05,6.620561681345464e-05,0.0,3,5.815752620215491e-05,1.064559852790847e-09,3.6269828677549975e-09,5.815752620215491e-05,8.039451198481598e-06,0.9999403695594482,5.9629980664146786e-05,4.598874803647859e-10,5.963044055162716e-05,45,45,1.201476424489518e-41,5.815752620215491e-05
1500,1501,7.505,27,5.6860857262788325e-33,160,6.620561681345464e-05,6.620561681345464e-05,0.0,3,5.815752620215491e-05,1.064559852790847e-09,3.6269828677549975e-09,5.815752620215491e-05,8.039451198481598e-06,0.9999403695594482,5.9629980664146786e-05,4.598874803647859e-10,5.963044055162716e-05,45,45,1.201476424489518e-41,5.815752620215491e-05
1500,1501,7.505,28,1.0003596912953113e-33,184,6.620561681345464e-05,6.620561681345464e-05,0.0,3,5.815752620215491e-05,1.064559852790847e-09,3.6269828677549975e-09,5.815752620215491e-05,8.039451198481598e-06,0.9999403695594482,5.9629980664146786e-05,4.598874803647859e-10,5.963044055162716e-05,45,45,1.201476424489518e-41,5.815752620215491e-05
1500,1501,7.505,29,2.1659598129777942e-35,172,6.620561681345464e-05,6.620561681345464e-05,0.0,3,5.815752620215491e-05,1.064559852790847e-09,3.6269828677549975e-09,5.815752620215491e-05,8.039451198481598e-06,0.9999403695594482,5.9629980664146786e-05,4.598874803647859e-10,5.963044055162716e-05,45,45,1.201476424489518e-41,5.815752620215491e-05
1500,1501,7.505,30,1.2455592911186928e-37,200,6.620561681345464e-05,6.620561681345464e-05,0.0,3,5.815752620215491e-05,1.064559852790847e-09,3.6269828677549975e-09,5.815752620215491e-05,8.039451198481598e-06,0.9999403695594482,5.9629980664146786e-05,4.598874803647859e-10,5.963044055162716e-05,45,45,1.201476424489518e-41,5.815752620215491e-05
1500,1501,7.505,31,3.508417366735664e-39,192,6.620561681345464e-05,6.620561681345464e-05,0.0,3,5.815752620215491e-05,1.064559852790847e-09,3.6269828677549975e-09,5.815752620215491e-05,8.039451198481598e-06,0.9999403695594482,5.9629980664146786e-05,4.598874803647859e-10,5.963044055162716e-05,45,45,1.201476424489518e-41,5.815752620215491e-05
1500,1501,7.505,32,1.0621006304632592e-39,166,6.620561681345464e-05,6.620561681345464e-05,0.0,3,5.815752620215491e-05,1.064559852790847e-09,3.6269828677549975e-09,5.815752620215491e-05,8.039451198481598e-06,0.9999403695594482,5.9629980664146786e-05,4.598874803647859e-10,5.963044055162716e-05,45,45,1.201476424489518e-41,5.815752620215491e-05
1500,1501,7.505,33,5.957007213938539e-40,148,6.620561681345464e-05,6.620561681345464e-05,0.0,3,5.815752620215491e-05,1.064559852790847e-09,3.6269828677549975e-09,5.815752620215491e-05,8.039451198481598e-06,0.9999403695594482,5.9629980664146786e-05,4.598874803647859e-10,5.963044055162716e-05,45,45,1.201476424489518e-41,5.815752620215491e-05
1500,1501,7.505,34,6.464026858884452e-40,128,6.620561681345464e-05,6.620561681345464e-05,0.0,3,5.815752620215491e-05,1.064559852790847e-09,3.6269828677549975e-09,5.815752620215491e-05,8.039451198481598e-06,0.9999403695594482,5.9629980664146786e-05,4.598874803647859e-10,5.963044055162716e-05,45,45,1.201476424489518e-41,5.815752620215491e-05
1500,1501,7.505,35,3.0165440866754166e-40,104,6.620561681345464e-05,6.620561681345464e-05,0.0,3,5.815752620215491e-05,1.064559852790847e-09,3.6269828677549975e-09,5.815752620215491e-05,8.039451198481598e-06,0.9999403695594482,5.9629980664146786e-05,4.598874803647859e-10,5.963044055162716e-05,45,45,1.201476424489518e-41,5.815752620215491e-05
1500,1501,7.505,36,3.720315878151674e-40,88,6.620561681345464e-05,6.620561681345464e-05,0.0,3,5.815752620215491e-05,1.064559852790847e-09,3.6269828677549975e-09,5.815752620215491e-05,8.039451198481598e-06,0.9999403695594482,5.9629980664146786e-05,4.598874803647859e-10,5.963044055162716e-05,45,45,1.201476424489518e-41,5.815752620215491e-05
1500,1501,7.505,37,3.763801711670875e-40,76,6.620561681345464e-05,6.620561681345464e-05,0.0,3,5.815752620215491e-05,1.064559852790847e-09,3.6269828677549975e-09,5.815752620215491e-05,8.039451198481598e-06,0.9999403695594482,5.9629980664146786e-05,4.598874803647859e-10,5.963044055162716e-05,45,45,1.201476424489518e-41,5.815752620215491e-05
1500,1501,7.505,38,2.939499700647935e-40,68,6.620561681345464e-05,6.620561681345464e-05,0.0,3,5.815752620215491e-05,1.064559852790847e-09,3.6269828677549975e-09,5.815752620215491e-05,8.039451198481598e-06,0.9999403695594482,5.9629980664146786e-05,4.598874803647859e-10,5.963044055162716e-05,45,45,1.201476424489518e-41,5.815752620215491e-05
1500,1501,7.505,39,1.5341333054682486e-40,48,6.620561681345464e-05,6.620561681345464e-05,0.0,3,5.815752620215491e-05,1.064559852790847e-09,3.6269828677549975e-09,5.815752620215491e-05,8.039451198481598e-06,0.9999403695594482,5.9629980664146786e-05,4.598874803647859e-10,5.963044055162716e-05,45,45,1.201476424489518e-41,5.815752620215491e-05
1500,1501,7.505,40,2.3781121400477248e-40,56,6.620561681345464e-05,6.620561681345464e-05,0.0,3,5.815752620215491e-05,1.064559852790847e-09,3.6269828677549975e-09,5.815752620215491e-05,8.039451198481598e-06,0.9999403695594482,5.9629980664146786e-05,4.598874803647859e-10,5.963044055162716e-05,45,45,1.201476424489518e-41,5.815752620215491e-05
1500,1501,7.505,41,5.683621858977784e-41,28,6.620561681345464e-05,6.620561681345464e-05,0.0,3,5.815752620215491e-05,1.064559852790847e-09,3.6269828677549975e-09,5.815752620215491e-05,8.039451198481598e-06,0.9999403695594482,5.9629980664146786e-05,4.598874803647859e-10,5.963044055162716e-05,45,45,1.201476424489518e-41,5.815752620215491e-05
1500,1501,7.505,42,7.524252394181862e-41,32,6.620561681345464e-05,6.620561681345464e-05,0.0,3,5.815752620215491e-05,1.064559852790847e-09,3.6269828677549975e-09,5.815752620215491e-05,8.039451198481598e-06,0.9999403695594482,5.9629980664146786e-05,4.598874803647859e-10,5.963044055162716e-05,45,45,1.201476424489518e-41,5.815752620215491e-05
1500,1501,7.505,43,5.406545670020042e-41,16,6.620561681345464e-05,6.620561681345464e-05,0.0,3,5.815752620215491e-05,1.064559852790847e-09,3.6269828677549975e-09,5.815752620215491e-05,8.039451198481598e-06,0.9999403695594482,5.9629980664146786e-05,4.598874803647859e-10,5.963044055162716e-05,45,45,1.201476424489518e-41,5.815752620215491e-05
1500,1501,7.505,44,2.4849448864513364e-41,8,6.620561681345464e-05,6.620561681345464e-05,0.0,3,5.815752620215491e-05,1.064559852790847e-09,3.6269828677549975e-09,5.815752620215491e-05,8.039451198481598e-06,0.9999403695594482,5.9629980664146786e-05,4.598874803647859e-10,5.963044055162716e-05,45,45,1.201476424489518e-41,5.815752620215491e-05
1500,1501,7.505,45,1.201476424489518e-41,5,6.620561681345464e-05,6.620561681345464e-05,0.0,3,5.815752620215491e-05,1.064559852790847e-09,3.6269828677549975e-09,5.815752620215491e-05,8.039451198481598e-06,0.9999403695594482,5.9629980664146786e-05,4.598874803647859e-10,5.963044055162716e-05,45,45,1.201476424489518e-41,5.815752620215491e-05
2000,2001,10.005,1,5.823502833545575e-09,8,0.00011485043329506907,0.00011485043329506904,2.3600306533019694e-16,3,0.0001011773674902574,5.823502833545575e-09,1.9116184796676167e-08,0.0001011773674902574,1.3628003537431511e-05,0.9998247931751533,0.00017520213349846785,4.691348422471546e-09,0.00017520682484689035,45,45,2.0392974985272067e-41,0.0001011773674902574
2000,2001,10.005,2,1.9116184796676167e-08,12,0.00011485043329506907,0.00011485043329506904,2.3600306533019694e-16,3,0.0001011773674902574,5.823502833545575e-09,1.9116184796676167e-08,0.0001011773674902574,1.3628003537431511e-05,0.9998247931751533,0.00017520213349846785,4.691348422471546e-09,0.00017520682484689035,45,45,2.0392974985272067e-41,0.0001011773674902574
2000,2001,10.005,3,0.0001011773674902574,16,0.00011485043329506907,0.00011485043329506904,2.3600306533019694e-16,3,0.0001011773674902574,5.823502833545575e-09,1.9116184796676167e-08,0.0001011773674902574,1.3628003537431511e-05,0.9998247931751533,0.00017520213349846785,4.691348422471546e-09,0.00017520682484689035,45,45,2.0392974985272067e-41,0.0001011773674902574
2000,2001,10.005,4,1.3628003537431511e-05,32,0.00011485043329506907,0.00011485043329506904,2.3600306533019694e-16,3,0.0001011773674902574,5.823502833545575e-09,1.9116184796676167e-08,0.0001011773674902574,1.3628003537431511e-05,0.9998247931751533,0.00017520213349846785,4.691348422471546e-09,0.00017520682484689035,45,45,2.0392974985272067e-41,0.0001011773674902574
2000,2001,10.005,5,5.447890350872803e-09,28,0.00011485043329506907,0.00011485043329506904,2.3600306533019694e-16,3,0.0001011773674902574,5.823502833545575e-09,1.9116184796676167e-08,0.0001011773674902574,1.3628003537431511e-05,0.9998247931751533,0.00017520213349846785,4.691348422471546e-09,0.00017520682484689035,45,45,2.0392974985272067e-41,0.0001011773674902574
2000,2001,10.005,6,1.2232516140511406e-08,40,0.00011485043329506907,0.00011485043329506904,2.3600306533019694e-16,3,0.0001011773674902574,5.823502833545575e-09,1.9116184796676167e-08,0.0001011773674902574,1.3628003537431511e-05,0.9998247931751533,0.00017520213349846785,4.691348422471546e-09,0.00017520682484689035,45,45,2.0392974985272067e-41,0.0001011773674902574
2000,2001,10.005,7,2.3412811267288955e-09,40,0.00011485043329506907,0.00011485043329506904,2.3600306533019694e-16,3,0.0001011773674902574,5.823502833545575e-09,1.9116184796676167e-08,0.0001011773674902574,1.3628003537431511e-05,0.9998247931751533,0.00017520213349846785,4.691348422471546e-09,0.00017520682484689035,45,45,2.0392974985272067e-41,0.0001011773674902574
2000,2001,10.005,8,9.339125580444104e-11,48,0.00011485043329506907,0.00011485043329506904,2.3600306533019694e-16,3,0.0001011773674902574,5.823502833545575e-09,1.9116184796676167e-08,0.0001011773674902574,1.3628003537431511e-05,0.9998247931751533,0.00017520213349846785,4.691348422471546e-09,0.00017520682484689035,45,45,2.0392974985272067e-41,0.0001011773674902574
2000,2001,10.005,9,6.9620726020179995e-12,68,0.00011485043329506907,0.00011485043329506904,2.3600306533019694e-16,3,0.0001011773674902574,5.823502833545575e-09,1.9116184796676167e-08,0.0001011773674902574,1.3628003537431511e-05,0.9998247931751533,0.00017520213349846785,4.691348422471546e-09,0.00017520682484689035,45,45,2.0392974985272067e-41,0.0001011773674902574
2000,2001,10.005,10,4.122966631529765e-13,56,0.00011485043329506907,0.00011485043329506904,2.3600306533019694e-16,3,0.0001011773674902574,5.823502833545575e-09,1.9116184796676167e-08,0.0001011773674902574,1.3628003537431511e-05,0.9998247931751533,0.00017520213349846785,4.691348422471546e-09,0.00017520682484689035,45,45,2.0392974985272067e-41,0.0001011773674902574
2000,2001,10.005,11,1.167062057615503e-13,72,0.00011485043329506907,0.00011485043329506904,2.3600306533019694e-16,3,0.0001011773674902574,5.823502833545575e-09,1.9116184796676167e-08,0.0001011773674902574,1.3628003537431511e-05,0.9998247931751533,0.00017520213349846785,4.691348422471546e-09,0.00017520682484689035,45,45,2.0392974985272067e-41,0.0001011773674902574
2000,2001,10.005,12,8.79029621084564e-15,68,0.00011485043329506907,0.00011485043329506904,2.3600306533019694e-16,3,0.0001011773674902574,5.823502833545575e-09,1.9116184796676167e-08,0.0001011773674902574,1.3628003537431511e-05,0.9998247931751533,0.00017520213349846785,4.691348422471546e-09,0.00017520682484689035,45,45,2.0392974985272067e-41,0.0001011773674902574
2000,2001,10.005,13,9.296743723145743e-16,88,0.00011485043329506907,0.00011485043329506904,2.3600306533019694e-16,3,0.0001011773674902574,5.823502833545575e-09,1.9116184796676167e-08,0.0001011773674902574,1.3628003537431511e-05,0.9998247931751533,0.00017520213349846785,4.691348422471546e-09,0.00017520682484689035,45,45,2.0392974985272067e-41,0.0001011773674902574
2000,2001,10.005,14,6.476081127259392e-17,88,0.00011485043329506907,0.00011485043329506904,2.3600306533019694e-16,3,0.0001011773674902574,5.823502833545575e-09,1.9116184796676167e-08,0.0001011773674902574,1.3628003537431511e-05,0.9998247931751533,0.00017520213349846785,4.691348422471546e-09,0.00017520682484689035,45,45,2.0392974985272067e-41,0.0001011773674902574
2000,2001,10.005,15,1.4009297979828576e-17,84,0.00011485043329506907,0.00011485043329506904,2.3600306533019694e-16,3,0.0001011773674902574,5.823502833545575e-09,1.9116184796676167e-08,0.0001011773674902574,1.3628003537431511e-05,0.9998247931751533,0.00017520213349846785,4.691348422471546e-09,0.00017520682484689035,45,45,2.0392974985272067e-41,0.0001011773674902574
2000,2001,10.005,16,1.6493362622810773e-18,112,0.00011485043329506907,0.00011485043329506904,2.3600306533019694e-16,3,0.0001011773674902574,5.823502833545575e-09,1.9116184796676167e-08,0.0001011773674902574,1.3628003537431511e-05,0.9998247931751533,0.00017520213349846785,4.691348422471546e-09,0.00017520682484689035,45,45,2.0392974985272067e-41,0.0001011773674902574
2000,2001,10.005,17,1.1871517023246417e-19,112,0.00011485043329506907,0.00011485043329506904,2.3600306533019694e-16,3,0.0001011773674902574,5.823502833545575e-09,1.9116184796676167e-08,0.0001011773674902574,1.3628003537431511e-05,0.9998247931751533,0.00017520213349846785,4.691348422471546e-09,0.00017520682484689035,45,45,2.0392974985272067e-41,0.0001011773674902574
2000,2001,10.005,18,1.975262214995307e-20,112,0.00011485043329506907,0.00011485043329506904,2.3600306533019694e-16,3,0.0001011773674902574,5.823502833545575e-09,1.9116184796676167e-08,0.0001011773674902574,1.3628003537431511e-05,0.9998247931751533,0.00017520213349846785,4.691348422471546e-09,0.00017520682484689035,45,45,2.0392974985272067e-41,0.0001011773674902574
2000,2001,10.005,19,1.3426052751744183e-21,116,0.00011485043329506907,0.00011485043329506904,2.3600306533019694e-16,3,0.0001011773674902574,5.823502833545575e-09,1.9116184796676167e-08,0.0001011773674902574,1.3628003537431511e-05,0.9998247931751533,0.00017520213349846785,4.691348422471546e-09,0.00017520682484689035,45,45,2.0392974985272067e-41,0.0001011773674902574
2000,2001,10.005,20,2.752200700340032e-22,112,0.00011485043329506907,0.00011485043329506904,2.3600306533019694e-16,3,0.0001011773674902574,5.823502833545575e-09,1.9116184796676167e-08,0.0001011773674902574,1.3628003537431511e-05,0.9998247931751533,0.00017520213349846785,4.691348422471546e-09,0.00017520682484689035,45,45,2.0392974985272067e-41,0.0001011773674902574
2000,2001,10.005,21,2.814489968157104e-23,144,0.00011485043329506907,0.00011485043329506904,2.3600306533019694e-16,3,0.0001011773674902574,5.823502833545575e-09,1.9116184796676167e-08,0.0001011773674902574,1.3628003537431511e-05,0.9998247931751533,0.00017520213349846785,4.691348422471546e-09,0.00017520682484689035,45,45,2.0392974985272067e-41,0.0001011773674902574
2000,2001,10.005,22,1.7700547244612894e-24,140,0.00011485043329506907,0.00011485043329506904,2.3600306533019694e-16,3,0.0001011773674902574,5.823502833545575e-09,1.9116184796676167e-08,0.0001011773674902574,1.3628003537431511e-05,0.9998247931751533,0.00017520213349846785,4.691348422471546e-09,0.00017520682484689035,45,45,2.0392974985272067e-41,0.0001011773674902574
2000,2001,10.005,23,2.2820382124876384e-25,144,0.00011485043329506907,0.00011485043329506904,2.3600306533019694e-16,3,0.0001011773674902574,5.823502833545575e-09,1.9116184796676167e-08,0.0001011773674902574,1.3628003537431511e-05,0.9998247931751533,0.00017520213349846785,4.691348422471546e-09,0.00017520682484689035,45,45,2.0392974985272067e-41,0.0001011773674902574
2000,2001,10.005,24,3.103070450282296e-26,144,0.00011485043329506907,0.00011485043329506904,2.3600306533019694e-16,3,0.0001011773674902574,5.823502833545575e-09,1.9116184796676167e-08,0.0001011773674902574,1.3628003537431511e-05,0.9998247931751533,0.00017520213349846785,4.691348422471546e-09,0.00017520682484689035,45,45,2.0392974985272067e-41,0.0001011773674902574
2000,2001,10.005,25,1.770676484293798e-27,168,0.00011485043329506907,0.00011485043329506904,2.3600306533019694e-16,3,0.0001011773674902574,5.823502833545575e-09,1.9116184796676167e-08,0.0001011773674902574,1.3628003537431511e-05,0.9998247931751533,0.00017520213349846785,4.691348422471546e-09,0.00017520682484689035,45,45,2.0392974985272067e-41,0.0001011773674902574
2000,2001,10.005,26,1.946286940304145e-28,164,0.00011485043329506907,0.00011485043329506904,2.3600306533019694e-16,3,0.0001011773674902574,5.823502833545575e-09,1.9116184796676167e-08,0.0001011773674902574,1.3628003537431511e-05,0.9998247931751533,0.00017520213349846785,4.691348422471546e-09,0.00017520682484689035,45,45,2.0392974985272067e-41,0.0001011773674902574
2000,2001,10.005,27,6.1940161379385065e-30,160,0.00011485043329506907,0.00011485043329506904,2.3600306533019694e-16,3,0.0001011773674902574,5.823502833545575e-09,1.9116184796676167e-08,0.0001011773674902574,1.3628003537431511e-05,0.9998247931751533,0.00017520213349846785,4.691348422471546e-09,0.00017520682484689035,45,45,2.0392974985272067e-41,0.0001011773674902574
2000,2001,10.005,28,1.3242038649035531e-30,184,0.00011485043329506907,0.00011485043329506904,2.3600306533019694e-16,3,0.0001011773674902574,5.823502833545575e-09,1.9116184796676167e-08,0.0001011773674902574,1.3628003537431511e-05,0.9998247931751533,0.00017520213349846785,4.691348422471546e-09,0.00017520682484689035,45,45,2.0392974985272067e-41,0.0001011773674902574
2000,2001,10.005,29,4.220745294562519e-32,172,0.00011485043329506907,0.00011485043329506904,2.3600306533019694e-16,3,0.0001011773674902574,5.823502833545575e-09,1.9116184796676167e-08,0.0001011773674902574,1.3628003537431511e-05,0.9998247931751533,0.00017520213349846785,4.691348422471546e-09,0.00017520682484689035,45,45,2.0392974985272067e-41,0.0001011773674902574
2000,2001,10.005,30,5.63467196178611e-34,200,0.00011485043329506907,0.00011485043329506904,2.3600306533019694e-16,3,0.0001011773674902574,5.823502833545575e-09,1.9116184796676167e-08,0.0001011773674902574,1.3628003537431511e-05,0.9998247931751533,0.00017520213349846785,4.691348422471546e-09,0.00017520682484689035,45,45,2.0392974985272067e-41,0.0001011773674902574
2000,2001,10.005,31,4.401290613901161e-39,192,0.00011485043329506907,0.00011485043329506904,2.3600306533019694e-16,3,0.0001011773674902574,5.823502833545575e-09,1.9116184796676167e-08,0.0001011773674902574,1.3628003537431511e-05,0.9998247931751533,0.00017520213349846785,4.691348422471546e-09,0.00017520682484689035,45,45,2.0392974985272067e-41,0.0001011773674902574
2000,2001,10.005,32,1.9095407941663102e-39,166,0.00011485043329506907,0.00011485043329506904,2.3600306533019694e-16,3,0.0001011773674902574,5.823502833545575e-09,1.9116184796676167e-08,0.0001011773674902574,1.3628003537431511e-05,0.9998247931751533,0.00017520213349846785,4.691348422471546e-09,0.00017520682484689035,45,45,2.0392974985272067e-41,0.0001011773674902574
2000,2001,10.005,33,1.3755428399895249e-39,148,0.00011485043329506907,0.00011485043329506904,2.3600306533019694e-16,3,0.0001011773674902574,5.823502833545575e-09,1.9116184796676167e-08,0.0001011773674902574,1.3628003537431511e-05,0.9998247931751533,0.00017520213349846785,4.691348422471546e-09,0.00017520682484689035,45,45,2.0392974985272067e-41,0.0001011773674902574
2000,2001,10.005,34,1.1813002676317109e-39,128,0.00011485043329506907,0.00011485043329506904,2.3600306533019694e-16,3,0.0001011773674902574,5.823502833545575e-09,1.9116184796676167e-08,0.0001011773674902574,1.3628003537431511e-05,0.9998247931751533,0.00017520213349846785,4.691348422471546e-09,0.00017520682484689035,45,45,2.0392974985272067e-41,0.0001011773674902574
2000,2001,10.005,35,7.182777801580235e-40,104,0.00011485043329506907,0.00011485043329506904,2.3600306533019694e-16,3,0.0001011773674902574,5.823502833545575e-09,1.9116184796676167e-08,0.0001011773674902574,1.3628003537431511e-05,0.9998247931751533,0.00017520213349846785,4.691348422471546e-09,0.00017520682484689035,45,45,2.0392974985272067e-41,0.0001011773674902574
2000,2001,10.005,36,4.6620653630681216e-40,88,0.00011485043329506907,0.00011485043329506904,2.3600306533019694e-16,3,0.0001011773674902574,5.823502833545575e-09,1.9116184796676167e-08,0.0001011773674902574,1.3628003537431511e-05,0.9998247931751533,0.00017520213349846785,4.691348422471546e-09,0.00017520682484689035,45,45,2.0392974985272067e-41,0.0001011773674902574
2000,2001,10.005,37,5.590517052331613e-40,76,0.00011485043329506907,0.00011485043329506904,2.3600306533019694e-16,3,0.0001011773674902574,5.823502833545575e-09,1.9116184796676167e-08,0.0001011773674902574,1.3628003537431511e-05,0.9998247931751533,0.00017520213349846785,4.691348422471546e-09,0.00017520682484689035,45,45,2.0392974985272067e-41,0.0001011773674902574
2000,2001,10.005,38,3.972119620766328e-40,68,0.00011485043329506907,0.00011485043329506904,2.3600306533019694e-16,3,0.0001011773674902574,5.823502833545575e-09,1.9116184796676167e-08,0.0001011773674902574,1.3628003537431511e-05,0.9998247931751533,0.00017520213349846785,4.691348422471546e-09,0.00017520682484689035,45,45,2.0392974985272067e-41,0.0001011773674902574
2000,2001,10.005,39,2.296739586468847e-40,48,0.00011485043329506907,0.00011485043329506904,2.3600306533019694e-16,3,0.0001011773674902574,5.823502833545575e-09,1.9116184796676167e-08,0.0001011773674902574,1.3628003537431511e-05,0.9998247931751533,0.00017520213349846785,4.691348422471546e-09,0.00017520682484689035,45,45,2.0392974985272067e-41,0.0001011773674902574
2000,2001,10.005,40,3.7951723048642804e-40,56,0.00011485043329506907,0.00011485043329506904,2.3600306533019694e-16,3,0.0001011773674902574,5.823502833545575e-09,1.9116184796676167e-08,0.0001011773674902574,1.3628003537431511e-05,0.9998247931751533,0.00017520213349846785,4.691348422471546e-09,0.00017520682484689035,45,45,2.0392974985272067e-41,0.0001011773674902574
2000,2001,10.005,41,2.1762156803691614e-40,28,0.00011485043329506907,0.00011485043329506904,2.3600306533019694e-16,3,0.0001011773674902574,5.823502833545575e-09,1.9116184796676167e-08,0.0001011773674902574,1.3628003537431511e-05,0.9998247931751533,0.00017520213349846785,4.691348422471546e-09,0.00017520682484689035,45,45,2.0392974985272067e-41,0.0001011773674902574
2000,2001,10.005,42,1.6323499389324663e-40,32,0.00011485043329506907,0.00011485043329506904,2.3600306533019694e-16,3,0.0001011773674902574,5.823502833545575e-09,1.9116184796676167e-08,0.0001011773674902574,1.3628003537431511e-05,0.9998247931751533,0.00017520213349846785,4.691348422471546e-09,0.00017520682484689035,45,45,2.0392974985272067e-41,0.0001011773674902574
2000,2001,10.005,43,5.584936251753735e-41,16,0.00011485043329506907,0.00011485043329506904,2.3600306533019694e-16,3,0.0001011773674902574,5.823502833545575e-09,1.9116184796676167e-08,0.0001011773674902574,1.3628003537431511e-05,0.9998247931751533,0.00017520213349846785,4.691348422471546e-09,0.00017520682484689035,45,45,2.0392974985272067e-41,0.0001011773674902574
2000,2001,10.005,44,8.925215469889768e-41,8,0.00011485043329506907,0.00011485043329506904,2.3600306533019694e-16,3,0.0001011773674902574,5.823502833545575e-09,1.9116184796676167e-08,0.0001011773674902574,1.3628003537431511e-05,0.9998247931751533,0.00017520213349846785,4.691348422471546e-09,0.00017520682484689035,45,45,2.0392974985272067e-41,0.0001011773674902574
2000,2001,10.005,45,2.0392974985272067e-41,5,0.00011485043329506907,0.00011485043329506904,2.3600306533019694e-16,3,0.0001011773674902574,5.823502833545575e-09,1.9116184796676167e-08,0.0001011773674902574,1.3628003537431511e-05,0.9998247931751533,0.00017520213349846785,4.691348422471546e-09,0.00017520682484689035,45,45,2.0392974985272067e-41,0.0001011773674902574
2500,2501,12.505,1,2.174224213110449e-08,8,0.0001751474710085065,0.00017514747100850648,1.5475561340432475e-16,3,0.00015472747313831218,2.174224213110449e-08,6.813997589540032e-08,0.00015472747313831218,2.026074035086449e-05,0.999603903493988,0.0003960645532111208,3.1952800976232276e-08,0.000396096506012097,45,45,3.252117689913204e-41,0.00015472747313831218
2500,2501,12.505,2,6.813997589540032e-08,12,0.0001751474710085065,0.00017514747100850648,1.5475561340432475e-16,3,0.00015472747313831218,2.174224213110449e-08,6.813997589540032e-08,0.00015472747313831218,2.026074035086449e-05,0.999603903493988,0.0003960645532111208,3.1952800976232276e-08,0.000396096506012097,45,45,3.252117689913204e-41,0.00015472747313831218
2500,2501,12.505,3,0.00015472747313831218,16,0.0001751474710085065,0.00017514747100850648,1.5475561340432475e-16,3,0.00015472747313831218,2.174224213110449e-08,6.813997589540032e-08,0.00015472747313831218,2.026074035086449e-05,0.999603903493988,0.0003960645532111208,3.1952800976232276e-08,0.000396096506012097,45,45,3.252117689913204e-41,0.00015472747313831218
2500,2501,12.505,4,2.026074035086449e-05,32,0.0001751474710085065,0.00017514747100850648,1.5475561340432475e-16,3,0.00015472747313831218,2.174224213110449e-08,6.813997589540032e-08,0.00015472747313831218,2.026074035086449e-05,0.999603903493988,0.0003960645532111208,3.1952800976232276e-08,0.000396096506012097,45,45,3.252117689913204e-41,0.00015472747313831218
2500,2501,12.505,5,1.9194572891935418e-08,28,0.0001751474710085065,0.00017514747100850648,1.5475561340432475e-16,3,0.00015472747313831218,2.174224213110449e-08,6.813997589540032e-08,0.00015472747313831218,2.026074035086449e-05,0.999603903493988,0.0003960645532111208,3.1952800976232276e-08,0.000396096506012097,45,45,3.252117689913204e-41,0.00015472747313831218
2500,2501,12.505,6,4.1905435765494796e-08,40,0.0001751474710085065,0.00017514747100850648,1.5475561340432475e-16,3,0.00015472747313831218,2.174224213110449e-08,6.813997589540032e-08,0.00015472747313831218,2.026074035086449e-05,0.999603903493988,0.0003960645532111208,3.1952800976232276e-08,0.000396096506012097,45,45,3.252117689913204e-41,0.00015472747313831218
2500,2501,12.505,7,7.74420880892972e-09,40,0.0001751474710085065,0.00017514747100850648,1.5475561340432475e-16,3,0.00015472747313831218,2.174224213110449e-08,6.813997589540032e-08,0.00015472747313831218,2.026074035086449e-05,0.999603903493988,0.0003960645532111208,3.1952800976232276e-08,0.000396096506012097,45,45,3.252117689913204e-41,0.00015472747313831218
2500,2501,12.505,8,4.735097119204748e-10,48,0.0001751474710085065,0.00017514747100850648,1.5475561340432475e-16,3,0.00015472747313831218,2.174224213110449e-08,6.813997589540032e-08,0.00015472747313831218,2.026074035086449e-05,0.999603903493988,0.0003960645532111208,3.1952800976232276e-08,0.000396096506012097,45,45,3.252117689913204e-41,0.00015472747313831218
2500,2501,12.505,9,5.197767276143854e-11,68,0.0001751474710085065,0.00017514747100850648,1.5475561340432475e-16,3,0.00015472747313831218,2.174224213110449e-08,6.813997589540032e-08,0.00015472747313831218,2.026074035086449e-05,0.999603903493988,0.0003960645532111208,3.1952800976232276e-08,0.000396096506012097,45,45,3.252117689913204e-41,0.00015472747313831218
2500,2501,12.505,10,4.24458626270349e-12,56,0.0001751474710085065,0.00017514747100850648,1.5475561340432475e-16,3,0.00015472747313831218,2.174224213110449e-08,6.813997589540032e-08,0.00015472747313831218,2.026074035086449e-05,0.999603903493988,0.0003960645532111208,3.1952800976232276e-08,0.000396096506012097,45,45,3.252117689913204e-41,0.00015472747313831218
2500,2501,12.505,11,1.2054397610213058e-12,72,0.0001751474710085065,0.00017514747100850648,1.5475561340432475e-16,3,0.00015472747313831218,2.174224213110449e-08,6.813997589540032e-08,0.00015472747313831218,2.026074035086449e-05,0.999603903493988,0.0003960645532111208,3.1952800976232276e-08,0.000396096506012097,45,45,3.252117689913204e-41,0.00015472747313831218
2500,2501,12.505,12,1.2511569168321107e-13,68,0.0001751474710085065,0.00017514747100850648,1.5475561340432475e-16,3,0.00015472747313831218,2.174224213110449e-08,6.813997589540032e-08,0.00015472747313831218,2.026074035086449e-05,0.999603903493988,0.0003960645532111208,3.1952800976232276e-08,0.000396096506012097,45,45,3.252117689913204e-41,0.00015472747313831218
2500,2501,12.505,13,1.8822515810712798e-14,88,0.0001751474710085065,0.00017514747100850648,1.5475561340432475e-16,3,0.00015472747313831218,2.174224213110449e-08,6.813997589540032e-08,0.00015472747313831218,2.026074035086449e-05,0.999603903493988,0.0003960645532111208,3.1952800976232276e-08,0.000396096506012097,45,45,3.252117689913204e-41,0.00015472747313831218
2500,2501,12.505,14,1.996184808391305e-15,88,0.0001751474710085065,0.00017514747100850648,1.5475561340432475e-16,3,0.00015472747313831218,2.174224213110449e-08,6.813997589540032e-08,0.00015472747313831218,2.026074035086449e-05,0.999603903493988,0.0003960645532111208,3.1952800976232276e-08,0.000396096506012097,45,45,3.252117689913204e-41,0.00015472747313831218
2500,2501,12.505,15,4.1357747135703967e-16,84,0.0001751474710085065,0.00017514747100850648,1.5475561340432475e-16,3,0.00015472747313831218,2.174224213110449e-08,6.813997589540032e-08,0.00015472747313831218,2.026074035086449e-05,0.999603903493988,0.0003960645532111208,3.1952800976232276e-08,0.000396096506012097,45,45,3.252117689913204e-41,0.00015472747313831218
2500,2501,12.505,16,7.03141162847173e-17,112,0.0001751474710085065,0.00017514747100850648,1.5475561340432475e-16,3,0.00015472747313831218,2.174224213110449e-08,6.813997589540032e-08,0.00015472747313831218,2.026074035086449e-05,0.999603903493988,0.0003960645532111208,3.1952800976232276e-08,0.000396096506012097,45,45,3.252117689913204e-41,0.00015472747313831218
2500,2501,12.505,17,6.628842052182191e-18,112,0.0001751474710085065,0.00017514747100850648,1.5475561340432475e-16,3,0.00015472747313831218,2.174224213110449e-08,6.813997589540032e-08,0.00015472747313831218,2.026074035086449e-05,0.999603903493988,0.0003960645532111208,3.1952800976232276e-08,0.000396096506012097,45,45,3.252117689913204e-41,0.00015472747313831218
2500,2501,12.505,18,1.2023733080148985e-18,112,0.0001751474710085065,0.00017514747100850648,1.5475561340432475e-16,3,0.00015472747313831218,2.174224213110449e-08,6.813997589540032e-08,0.00015472747313831218,2.026074035086449e-05,0.999603903493988,0.0003960645532111208,3.1952800976232276e-08,0.000396096506012097,45,45,3.252117689913204e-41,0.00015472747313831218
2500,2501,12.505,19,1.1691956496224307e-19,116,0.0001751474710085065,0.00017514747100850648,1.5475561340432475e-16,3,0.00015472747313831218,2.174224213110449e-08,6.813997589540032e-08,0.00015472747313831218,2.026074035086449e-05,0.999603903493988,0.0003960645532111208,3.1952800976232276e-08,0.000396096506012097,45,45,3.252117689913204e-41,0.00015472747313831218
2500,2501,12.505,20,2.3160280951853257e-20,112,0.0001751474710085065,0.00017514747100850648,1.5475561340432475e-16,3,0.00015472747313831218,2.174224213110449e-08,6.813997589540032e-08,0.00015472747313831218,2.026074035086449e-05,0.999603903493988,0.0003960645532111208,3.1952800976232276e-08,0.000396096506012097,45,45,3.252117689913204e-41,0.00015472747313831218
2500,2501,12.505,21,3.4349811572552794e-21,144,0.0001751474710085065,0.00017514747100850648,1.5475561340432475e-16,3,0.00015472747313831218,2.174224213110449e-08,6.813997589540032e-08,0.00015472747313831218,2.026074035086449e-05,0.999603903493988,0.0003960645532111208,3.1952800976232276e-08,0.000396096506012097,45,45,3.252117689913204e-41,0.00015472747313831218
2500,2501,12.505,22,2.429236106923586e-22,140,0.0001751474710085065,0.00017514747100850648,1.5475561340432475e-16,3,0.00015472747313831218,2.174224213110449e-08,6.813997589540032e-08,0.00015472747313831218,2.026074035086449e-05,0.999603903493988,0.0003960645532111208,3.1952800976232276e-08,0.000396096506012097,45,45,3.252117689913204e-41,0.00015472747313831218
2500,2501,12.505,23,3.328186412990221e-23,144,0.0001751474710085065,0.00017514747100850648,1.5475561340432475e-16,3,0.00015472747313831218,2.174224213110449e-08,6.813997589540032e-08,0.00015472747313831218,2.026074035086449e-05,0.999603903493988,0.0003960645532111208,3.1952800976232276e-08,0.000396096506012097,45,45,3.252117689913204e-41,0.00015472747313831218
2500,2501,12.505,24,3.7298513970870434e-24,144,0.0001751474710085065,0.00017514747100850648,1.5475561340432475e-16,3,0.00015472747313831218,2.174224213110449e-08,6.813997589540032e-08,0.00015472747313831218,2.026074035086449e-05,0.999603903493988,0.0003960645532111208,3.1952800976232276e-08,0.000396096506012097,45,45,3.252117689913204e-41,0.00015472747313831218
2500,2501,12.505,25,2.953162432865585e-25,168,0.0001751474710085065,0.00017514747100850648,1.5475561340432475e-16,3,0.00015472747313831218,2.174224213110449e-08,6.813997589540032e-08,0.00015472747313831218,2.026074035086449e-05,0.999603903493988,0.0003960645532111208,3.1952800976232276e-08,0.000396096506012097,45,45,3.252117689913204e-41,0.00015472747313831218
2500,2501,12.505,26,4.8611034533647275e-26,164,0.0001751474710085065,0.00017514747100850648,1.5475561340432475e-16,3,0.00015472747313831218,2.174224213110449e-08,6.813997589540032e-08,0.00015472747313831218,2.026074035086449e-05,0.999603903493988,0.0003960645532111208,3.1952800976232276e-08,0.000396096506012097,45,45,3.252117689913204e-41,0.00015472747313831218
2500,2501,12.505,27,1.502677585100557e-27,160,0.0001751474710085065,0.00017514747100850648,1.5475561340432475e-16,3,0.00015472747313831218,2.174224213110449e-08,6.813997589540032e-08,0.00015472747313831218,2.026074035086449e-05,0.999603903493988,0.0003960645532111208,3.1952800976232276e-08,0.000396096506012097,45,45,3.252117689913204e-41,0.00015472747313831218
2500,2501,12.505,28,2.757353415421304e-28,184,0.0001751474710085065,0.00017514747100850648,1.5475561340432475e-16,3,0.00015472747313831218,2.174224213110449e-08,6.813997589540032e-08,0.00015472747313831218,2.026074035086449e-05,0.999603903493988,0.0003960645532111208,3.1952800976232276e-08,0.000396096506012097,45,45,3.252117689913204e-41,0.00015472747313831218
2500,2501,12.505,29,1.5486498045262373e-29,172,0.0001751474710085065,0.00017514747100850648,1.5475561340432475e-16,3,0.00015472747313831218,2.174224213110449e-08,6.813997589540032e-08,0.00015472747313831218,2.026074035086449e-05,0.999603903493988,0.0003960645532111208,3.1952800976232276e-08,0.000396096506012097,45,45,3.252117689913204e-41,0.00015472747313831218
2500,2501,12.505,30,3.5691625680274498e-31,200,0.0001751474710085065,0.00017514747100850648,1.5475561340432475e-16,3,0.00015472747313831218,2.174224213110449e-08,6.813997589540032e-08,0.00015472747313831218,2.026074035086449e-05,0.999603903493988,0.0003960645532111208,3.1952800976232276e-08,0.000396096506012097,45,45,3.252117689913204e-41,0.00015472747313831218
2500,2501,12.505,31,7.588192304585837e-39,192,0.0001751474710085065,0.00017514747100850648,1.5475561340432475e-16,3,0.00015472747313831218,2.174224213110449e-08,6.813997589540032e-08,0.00015472747313831218,2.026074035086449e-05,0.999603903493988,0.0003960645532111208,3.1952800976232276e-08,0.000396096506012097,45,45,3.252117689913204e-41,0.00015472747313831218
2500,2501,12.505,32,2.0812304244575405e-39,166,0.0001751474710085065,0.00017514747100850648,1.5475561340432475e-16,3,0.00015472747313831218,2.174224213110449e-08,6.813997589540032e-08,0.00015472747313831218,2.026074035086449e-05,0.999603903493988,0.0003960645532111208,3.1952800976232276e-08,0.000396096506012097,45,45,3.252117689913204e-41,0.00015472747313831218
2500,2501,12.505,33,1.3518099817667647e-39,148,0.0001751474710085065,0.00017514747100850648,1.5475561340432475e-16,3,0.00015472747313831218,2.174224213110449e-08,6.813997589540032e-08,0.00015472747313831218,2.026074035086449e-05,0.999603903493988,0.0003960645532111208,3.1952800976232276e-08,0.000396096506012097,45,45,3.252117689913204e-41,0.00015472747313831218
2500,2501,12.505,34,1.5281361729725242e-39,128,0.0001751474710085065,0.00017514747100850648,1.5475561340432475e-16,3,0.00015472747313831218,2.174224213110449e-08,6.813997589540032e-08,0.00015472747313831218,2.026074035086449e-05,0.999603903493988,0.0003960645532111208,3.1952800976232276e-08,0.000396096506012097,45,45,3.252117689913204e-41,0.00015472747313831218
2500,2501,12.505,35,1.0450650863659703e-39,104,0.0001751474710085065,0.00017514747100850648,1.5475561340432475e-16,3,0.00015472747313831218,2.174224213110449e-08,6.813997589540032e-08,0.00015472747313831218,2.026074035086449e-05,0.999603903493988,0.0003960645532111208,3.1952800976232276e-08,0.000396096506012097,45,45,3.252117689913204e-41,0.00015472747313831218
2500,2501,12.505,36,1.008996602104953e-39,88,0.0001751474710085065,0.00017514747100850648,1.5475561340432475e-16,3,0.00015472747313831218,2.174224213110449e-08,6.813997589540032e-08,0.00015472747313831218,2.026074035086449e-05,0.999603903493988,0.0003960645532111208,3.1952800976232276e-08,0.000396096506012097,45,45,3.252117689913204e-41,0.00015472747313831218
2500,2501,12.505,37,6.777160002735949e-40,76,0.0001751474710085065,0.00017514747100850648,1.5475561340432475e-16,3,0.00015472747313831218,2.174224213110449e-08,6.813997589540032e-08,0.00015472747313831218,2.026074035086449e-05,0.999603903493988,0.0003960645532111208,3.1952800976232276e-08,0.000396096506012097,45,45,3.252117689913204e-41,0.00015472747313831218
2500,2501,12.505,38,7.520056930475003e-40,68,0.0001751474710085065,0.00017514747100850648,1.5475561340432475e-16,3,0.00015472747313831218,2.174224213110449e-08,6.813997589540032e-08,0.00015472747313831218,2.026074035086449e-05,0.999603903493988,0.0003960645532111208,3.1952800976232276e-08,0.000396096506012097,45,45,3.252117689913204e-41,0.00015472747313831218
2500,2501,12.505,39,4.9355408821217125e-40,48,0.0001751474710085065,0.00017514747100850648,1.5475561340432475e-16,3,0.00015472747313831218,2.174224213110449e-08,6.813997589540032e-08,0.00015472747313831218,2.026074035086449e-05,0.999603903493988,0.0003960645532111208,3.1952800976232276e-08,0.000396096506012097,45,45,3.252117689913204e-41,0.00015472747313831218
2500,2501,12.505,40,4.105143188185288e-40,56,0.0001751474710085065,0.00017514747100850648,1.5475561340432475e-16,3,0.00015472747313831218,2.174224213110449e-08,6.813997589540032e-08,0.00015472747313831218,2.026074035086449e-05,0.999603903493988,0.0003960645532111208,3.1952800976232276e-08,0.000396096506012097,45,45,3.252117689913204e-41,0.00015472747313831218
2500,2501,12.505,41,1.47904313509475e-40,28,0.0001751474710085065,0.00017514747100850648,1.5475561340432475e-16,3,0.00015472747313831218,2.174224213110449e-08,6.813997589540032e-08,0.00015472747313831218,2.026074035086449e-05,0.999603903493988,0.0003960645532111208,3.1952800976232276e-08,0.000396096506012097,45,45,3.252117689913204e-41,0.00015472747313831218
2500,2501,12.505,42,3.863584259158056e-40,32,0.0001751474710085065,0.00017514747100850648,1.5475561340432475e-16,3,0.00015472747313831218,2.174224213110449e-08,6.813997589540032e-08,0.00015472747313831218,2.026074035086449e-05,0.999603903493988,0.0003960645532111208,3.1952800976232276e-08,0.000396096506012097,45,45,3.252117689913204e-41,0.00015472747313831218
2500,2501,12.505,43,1.467311657834282e-40,16,0.0001751474710085065,0.00017514747100850648,1.5475561340432475e-16,3,0.00015472747313831218,2.174224213110449e-08,6.813997589540032e-08,0.00015472747313831218,2.026074035086449e-05,0.999603903493988,0.0003960645532111208,3.1952800976232276e-08,0.000396096506012097,45,45,3.252117689913204e-41,0.00015472747313831218
2500,2501,12.505,44,5.072750164522025e-41,8,0.0001751474710085065,0.00017514747100850648,1.5475561340432475e-16,3,0.00015472747313831218,2.174224213110449e-08,6.813997589540032e-08,0.00015472747313831218,2.026074035086449e-05,0.999603903493988,0.0003960645532111208,3.1952800976232276e-08,0.000396096506012097,45,45,3.252117689913204e-41,0.00015472747313831218
2500,2501,12.505,45,3.252117689913204e-41,5,0.0001751474710085065,0.00017514747100850648,1.5475561340432475e-16,3,0.00015472747313831218,2.174224213110449e-08,6.813997589540032e-08,0.00015472747313831218,2.026074035086449e-05,0.999603903493988,0.0003960645532111208,3.1952800976232276e-08,0.000396096506012097,45,45,3.252117689913204e-41,0.00015472747313831218
3000,3001,15.005,1,6.38677079703999e-08,8,0.0002461830261117021,0.0002461830261117021,0.0,3,0.00021807549817384598,6.38677079703999e-08,1.890947856395779e-07,0.00021807549817384598,2.7668488003733628e-05,0.9992441499990818,0.0007556842760698973,1.6572484803806234e-07,0.0007558500009179354,45,45,1.1081607667204602e-41,0.00021807549817384598
3000,3001,15.005,2,1.890947856395779e-07,12,0.0002461830261117021,0.0002461830261117021,0.0,3,0.00021807549817384598,6.38677079703999e-08,1.890947856395779e-07,0.00021807549817384598,2.7668488003733628e-05,0.9992441499990818,0.0007556842760698973,1.6572484803806234e-07,0.0007558500009179354,45,45,1.1081607667204602e-41,0.00021807549817384598
3000,3001,15.005,3,0.00021807549817384598,16,0.0002461830261117021,0.0002461830261117021,0.0,3,0.00021807549817384598,6.38677079703999e-08,1.890947856395779e-07,0.00021807549817384598,2.7668488003733628e-05,0.9992441499990818,0.0007556842760698973,1.6572484803806234e-07,0.0007558500009179354,45,45,1.1081607667204602e-41,0.00021807549817384598
3000,3001,15.005,4,2.7668488003733628e-05,32,0.0002461830261117021,0.0002461830261117021,0.0,3,0.00021807549817384598,6.38677079703999e-08,1.890947856395779e-07,0.00021807549817384598,2.7668488003733628e-05,0.9992441499990818,0.0007556842760698973,1.6572484803806234e-07,0.0007558500009179354,45,45,1.1081607667204602e-41,0.00021807549817384598
3000,3001,15.005,5,5.290939935834874e-08,28,0.0002461830261117021,0.0002461830261117021,0.0,3,0.00021807549817384598,6.38677079703999e-08,1.890947856395779e-07,0.00021807549817384598,2.7668488003733628e-05,0.9992441499990818,0.0007556842760698973,1.6572484803806234e-07,0.0007558500009179354,45,45,1.1081607667204602e-41,0.00021807549817384598
3000,3001,15.005,6,1.1122722956577894e-07,40,0.0002461830261117021,0.0002461830261117021,0.0,3,0.00021807549817384598,6.38677079703999e-08,1.890947856395779e-07,0.00021807549817384598,2.7668488003733628e-05,0.9992441499990818,0.0007556842760698973,1.6572484803806234e-07,0.0007558500009179354,45,45,1.1081607667204602e-41,0.00021807549817384598
3000,3001,15.005,7,1.973008441405014e-08,40,0.0002461830261117021,0.0002461830261117021,0.0,3,0.00021807549817384598,6.38677079703999e-08,1.890947856395779e-07,0.00021807549817384598,2.7668488003733628e-05,0.9992441499990818,0.0007556842760698973,1.6572484803806234e-07,0.0007558500009179354,45,45,1.1081607667204602e-41,0.00021807549817384598
3000,3001,15.005,8,1.915406050067903e-09,48,0.0002461830261117021,0.0002461830261117021,0.0,3,0.00021807549817384598,6.38677079703999e-08,1.890947856395779e-07,0.00021807549817384598,2.7668488003733628e-05,0.9992441499990818,0.0007556842760698973,1.6572484803806234e-07,0.0007558500009179354,45,45,1.1081607667204602e-41,0.00021807549817384598
3000,3001,15.005,9,2.545224796725116e-10,68,0.0002461830261117021,0.0002461830261117021,0.0,3,0.00021807549817384598,6.38677079703999e-08,1.890947856395779e-07,0.00021807549817384598,2.7668488003733628e-05,0.9992441499990818,0.0007556842760698973,1.6572484803806234e-07,0.0007558500009179354,45,45,1.1081607667204602e-41,0.00021807549817384598
3000,3001,15.005,10,3.0643467592298905e-11,56,0.0002461830261117021,0.0002461830261117021,0.0,3,0.00021807549817384598,6.38677079703999e-08,1.890947856395779e-07,0.00021807549817384598,2.7668488003733628e-05,0.9992441499990818,0.0007556842760698973,1.6572484803806234e-07,0.0007558500009179354,45,45,1.1081607667204602e-41,0.00021807549817384598
3000,3001,15.005,11,8.711438701593214e-12,72,0.0002461830261117021,0.0002461830261117021,0.0,3,0.00021807549817384598,6.38677079703999e-08,1.890947856395779e-07,0.00021807549817384598,2.7668488003733628e-05,0.9992441499990818,0.0007556842760698973,1.6572484803806234e-07,0.0007558500009179354,45,45,1.1081607667204602e-41,0.00021807549817384598
3000,3001,15.005,12,1.1729551107797492e-12,68,0.0002461830261117021,0.0002461830261117021,0.0,3,0.00021807549817384598,6.38677079703999e-08,1.890947856395779e-07,0.00021807549817384598,2.7668488003733628e-05,0.9992441499990818,0.0007556842760698973,1.6572484803806234e-07,0.0007558500009179354,45,45,1.1081607667204602e-41,0.00021807549817384598
3000,3001,15.005,13,2.281472773711693e-13,88,0.0002461830261117021,0.0002461830261117021,0.0,3,0.00021807549817384598,6.38677079703999e-08,1.890947856395779e-07,0.00021807549817384598,2.7668488003733628e-05,0.9992441499990818,0.0007556842760698973,1.6572484803806234e-07,0.0007558500009179354,45,45,1.1081607667204602e-41,0.00021807549817384598
3000,3001,15.005,14,3.3675330086756925e-14,88,0.0002461830261117021,0.0002461830261117021,0.0,3,0.00021807549817384598,6.38677079703999e-08,1.890947856395779e-07,0.00021807549817384598,2.7668488003733628e-05,0.9992441499990818,0.0007556842760698973,1.6572484803806234e-07,0.0007558500009179354,45,45,1.1081607667204602e-41,0.00021807549817384598
3000,3001,15.005,15,7.0845452495237706e-15,84,0.0002461830261117021,0.0002461830261117021,0.0,3,0.00021807549817384598,6.38677079703999e-08,1.890947856395779e-07,0.00021807549817384598,2.7668488003733628e-05,0.9992441499990818,0.0007556842760698973,1.6572484803806234e-07,0.0007558500009179354,45,45,1.1081607667204602e-41,0.00021807549817384598
3000,3001,15.005,16,1.6323665617884033e-15,112,0.0002461830261117021,0.0002461830261117021,0.0,3,0.00021807549817384598,6.38677079703999e-08,1.890947856395779e-07,0.00021807549817384598,2.7668488003733628e-05,0.9992441499990818,0.0007556842760698973,1.6572484803806234e-07,0.0007558500009179354,45,45,1.1081607667204602e-41,0.00021807549817384598
3000,3001,15.005,17,1.9880674007720623e-16,112,0.0002461830261117021,0.0002461830261117021,0.0,3,0.00021807549817384598,6.38677079703999e-08,1.890947856395779e-07,0.00021807549817384598,2.7668488003733628e-05,0.9992441499990818,0.0007556842760698973,1.6572484803806234e-07,0.0007558500009179354,45,45,1.1081607667204602e-41,0.00021807549817384598
3000,3001,15.005,18,3.859942671033997e-17,112,0.0002461830261117021,0.0002461830261117021,0.0,3,0.00021807549817384598,6.38677079703999e-08,1.890947856395779e-07,0.00021807549817384598,2.7668488003733628e-05,0.9992441499990818,0.0007556842760698973,1.6572484803806234e-07,0.0007558500009179354,45,45,1.1081607667204602e-41,0.00021807549817384598
3000,3001,15.005,19,5.046973704628182e-18,116,0.0002461830261117021,0.0002461830261117021,0.0,3,0.00021807549817384598,6.38677079703999e-08,1.890947856395779e-07,0.00021807549817384598,2.7668488003733628e-05,0.9992441499990818,0.0007556842760698973,1.6572484803806234e-07,0.0007558500009179354,45,45,1.1081607667204602e-41,0.00021807549817384598
3000,3001,15.005,20,1.0007261995454405e-18,112,0.0002461830261117021,0.0002461830261117021,0.0,3,0.00021807549817384598,6.38677079703999e-08,1.890947856395779e-07,0.00021807549817384598,2.7668488003733628e-05,0.9992441499990818,0.0007556842760698973,1.6572484803806234e-07,0.0007558500009179354,45,45,1.1081607667204602e-41,0.00021807549817384598
3000,3001,15.005,21,1.9518675961869633e-19,144,0.0002461830261117021,0.0002461830261117021,0.0,3,0.00021807549817384598,6.38677079703999e-08,1.890947856395779e-07,0.00021807549817384598,2.7668488003733628e-05,0.9992441499990818,0.0007556842760698973,1.6572484803806234e-07,0.0007558500009179354,45,45,1.1081607667204602e-41,0.00021807549817384598
3000,3001,15.005,22,1.6630488851172974e-20,140,0.0002461830261117021,0.0002461830261117021,0.0,3,0.00021807549817384598,6.38677079703999e-08,1.890947856395779e-07,0.00021807549817384598,2.7668488003733628e-05,0.9992441499990818,0.0007556842760698973,1.6572484803806234e-07,0.0007558500009179354,45,45,1.1081607667204602e-41,0.00021807549817384598
3000,3001,15.005,23,2.063560583083056e-21,144,0.0002461830261117021,0.0002461830261117021,0.0,3,0.00021807549817384598,6.38677079703999e-08,1.890947856395779e-07,0.00021807549817384598,2.7668488003733628e-05,0.9992441499990818,0.0007556842760698973,1.6572484803806234e-07,0.0007558500009179354,45,45,1.1081607667204602e-41,0.00021807549817384598
3000,3001,15.005,24,2.007572030993683e-22,144,0.0002461830261117021,0.0002461830261117021,0.0,3,0.00021807549817384598,6.38677079703999e-08,1.890947856395779e-07,0.00021807549817384598,2.7668488003733628e-05,0.9992441499990818,0.0007556842760698973,1.6572484803806234e-07,0.0007558500009179354,45,45,1.1081607667204602e-41,0.00021807549817384598
3000,3001,15.005,25,1.940462146845247e-23,168,0.0002461830261117021,0.0002461830261117021,0.0,3,0.00021807549817384598,6.38677079703999e-08,1.890947856395779e-07,0.00021807549817384598,2.7668488003733628e-05,0.9992441499990818,0.0007556842760698973,1.6572484803806234e-07,0.0007558500009179354,45,45,1.1081607667204602e-41,0.00021807549817384598
3000,3001,15.005,26,3.2566199225849826e-24,164,0.0002461830261117021,0.0002461830261117021,0.0,3,0.00021807549817384598,6.38677079703999e-08,1.890947856395779e-07,0.00021807549817384598,2.7668488003733628e-05,0.9992441499990818,0.0007556842760698973,1.6572484803806234e-07,0.0007558500009179354,45,45,1.1081607667204602e-41,0.00021807549817384598
3000,3001,15.005,27,1.1707857164115648e-25,160,0.0002461830261117021,0.0002461830261117021,0.0,3,0.00021807549817384598,6.38677079703999e-08,1.890947856395779e-07,0.00021807549817384598,2.7668488003733628e-05,0.9992441499990818,0.0007556842760698973,1.6572484803806234e-07,0.0007558500009179354,45,45,1.1081607667204602e-41,0.00021807549817384598
3000,3001,15.005,28,2.1999397675250762e-26,184,0.0002461830261117021,0.0002461830261117021,0.0,3,0.00021807549817384598,6.38677079703999e-08,1.890947856395779e-07,0.00021807549817384598,2.7668488003733628e-05,0.9992441499990818,0.0007556842760698973,1.6572484803806234e-07,0.0007558500009179354,45,45,1.1081607667204602e-41,0.00021807549817384598
3000,3001,15.005,29,1.5309618742701543e-27,172,0.0002461830261117021,0.0002461830261117021,0.0,3,0.00021807549817384598,6.38677079703999e-08,1.890947856395779e-07,0.00021807549817384598,2.7668488003733628e-05,0.9992441499990818,0.0007556842760698973,1.6572484803806234e-07,0.0007558500009179354,45,45,1.1081607667204602e-41,0.00021807549817384598
3000,3001,15.005,30,6.617554292242655e-29,200,0.0002461830261117021,0.0002461830261117021,0.0,3,0.00021807549817384598,6.38677079703999e-08,1.890947856395779e-07,0.00021807549817384598,2.7668488003733628e-05,0.9992441499990818,0.0007556842760698973,1.6572484803806234e-07,0.0007558500009179354,45,45,1.1081607667204602e-41,0.00021807549817384598
3000,3001,15.005,31,1.3960417151115305e-38,192,0.0002461830261117021,0.0002461830261117021,0.0,3,0.00021807549817384598,6.38677079703999e-08,1.890947856395779e-07,0.00021807549817384598,2.7668488003733628e-05,0.9992441499990818,0.0007556842760698973,1.6572484803806234e-07,0.0007558500009179354,45,45,1.1081607667204602e-41,0.00021807549817384598
3000,3001,15.005,32,3.544984248698596e-39,166,0.0002461830261117021,0.0002461830261117021,0.0,3,0.00021807549817384598,6.38677079703999e-08,1.890947856395779e-07,0.00021807549817384598,2.7668488003733628e-05,0.9992441499990818,0.0007556842760698973,1.6572484803806234e-07,0.0007558500009179354,45,45,1.1081607667204602e-41,0.00021807549817384598
3000,3001,15.005,33,2.764524642561944e-39,148,0.0002461830261117021,0.0002461830261117021,0.0,3,0.00021807549817384598,6.38677079703999e-08,1.890947856395779e-07,0.00021807549817384598,2.7668488003733628e-05,0.9992441499990818,0.0007556842760698973,1.6572484803806234e-07,0.0007558500009179354,45,45,1.1081607667204602e-41,0.00021807549817384598
3000,3001,15.005,34,2.4210245319564407e-39,128,0.0002461830261117021,0.0002461830261117021,0.0,3,0.00021807549817384598,6.38677079703999e-08,1.890947856395779e-07,0.00021807549817384598,2.7668488003733628e-05,0.9992441499990818,0.0007556842760698973,1.6572484803806234e-07,0.0007558500009179354,45,45,1.1081607667204602e-41,0.00021807549817384598
3000,3001,15.005,35,1.6983567225445464e-39,104,0.0002461830261117021,0.0002461830261117021,0.0,3,0.00021807549817384598,6.38677079703999e-08,1.890947856395779e-07,0.00021807549817384598,2.7668488003733628e-05,0.9992441499990818,0.0007556842760698973,1.6572484803806234e-07,0.0007558500009179354,45,45,1.1081607667204602e-41,0.00021807549817384598
3000,3001,15.005,36,1.1438017244700186e-39,88,0.0002461830261117021,0.0002461830261117021,0.0,3,0.00021807549817384598,6.38677079703999e-08,1.890947856395779e-07,0.00021807549817384598,2.7668488003733628e-05,0.9992441499990818,0.0007556842760698973,1.6572484803806234e-07,0.0007558500009179354,45,45,1.1081607667204602e-41,0.00021807549817384598
3000,3001,15.005,37,1.2421482900726575e-39,76,0.0002461830261117021,0.0002461830261117021,0.0,3,0.00021807549817384598,6.38677079703999e-08,1.890947856395779e-07,0.00021807549817384598,2.7668488003733628e-05,0.9992441499990818,0.0007556842760698973,1.6572484803806234e-07,0.0007558500009179354,45,45,1.1081607667204602e-41,0.00021807549817384598
3000,3001,15.005,38,9.810758088825385e-40,68,0.0002461830261117021,0.0002461830261117021,0.0,3,0.00021807549817384598,6.38677079703999e-08,1.890947856395779e-07,0.00021807549817384598,2.7668488003733628e-05,0.9992441499990818,0.0007556842760698973,1.6572484803806234e-07,0.0007558500009179354,45,45,1.1081607667204602e-41,0.00021807549817384598
3000,3001,15.005,39,4.116136581870707e-40,48,0.0002461830261117021,0.0002461830261117021,0.0,3,0.00021807549817384598,6.38677079703999e-08,1.890947856395779e-07,0.00021807549817384598,2.7668488003733628e-05,0.9992441499990818,0.0007556842760698973,1.6572484803806234e-07,0.0007558500009179354,45,45,1.1081607667204602e-41,0.00021807549817384598
3000,3001,15.005,40,6.9443584374042174e-40,56,0.0002461830261117021,0.0002461830261117021,0.0,3,0.00021807549817384598,6.38677079703999e-08,1.890947856395779e-07,0.00021807549817384598,2.7668488003733628e-05,0.9992441499990818,0.0007556842760698973,1.6572484803806234e-07,0.0007558500009179354,45,45,1.1081607667204602e-41,0.00021807549817384598
3000,3001,15.005,41,3.2034218423953445e-40,28,0.0002461830261117021,0.0002461830261117021,0.0,3,0.00021807549817384598,6.38677079703999e-08,1.890947856395779e-07,0.00021807549817384598,2.7668488003733628e-05,0.9992441499990818,0.0007556842760698973,1.6572484803806234e-07,0.0007558500009179354,45,45,1.1081607667204602e-41,0.00021807549817384598
3000,3001,15.005,42,5.745621140641564e-40,32,0.0002461830261117021,0.0002461830261117021,0.0,3,0.00021807549817384598,6.38677079703999e-08,1.890947856395779e-07,0.00021807549817384598,2.7668488003733628e-05,0.9992441499990818,0.0007556842760698973,1.6572484803806234e-07,0.0007558500009179354,45,45,1.1081607667204602e-41,0.00021807549817384598
3000,3001,15.005,43,1.4947788086191562e-40,16,0.0002461830261117021,0.0002461830261117021,0.0,3,0.00021807549817384598,6.38677079703999e-08,1.890947856395779e-07,0.00021807549817384598,2.7668488003733628e-05,0.9992441499990818,0.0007556842760698973,1.6572484803806234e-07,0.0007558500009179354,45,45,1.1081607667204602e-41,0.00021807549817384598
3000,3001,15.005,44,1.2560213509690843e-40,8,0.0002461830261117021,0.0002461830261117021,0.0,3,0.00021807549817384598,6.38677079703999e-08,1.890947856395779e-07,0.00021807549817384598,2.7668488003733628e-05,0.9992441499990818,0.0007556842760698973,1.6572484803806234e-07,0.0007558500009179354,45,45,1.1081607667204602e-41,0.00021807549817384598
3000,3001,15.005,45,1.1081607667204602e-41,5,0.0002461830261117021,0.0002461830261117021,0.0,3,0.00021807549817384598,6.38677079703999e-08,1.890947856395779e-07,0.00021807549817384598,2.7668488003733628e-05,0.9992441499990818,0.0007556842760698973,1.6572484803806234e-07,0.0007558500009179354,45,45,1.1081607667204602e-41,0.00021807549817384598
3500,3501,17.505,1,1.592368286462849e-07,8,0.00032707567889094956,0.00032707567889094956,0.0,3,0.0002905004722142076,1.592368286462849e-07,4.400548294756027e-07,0.0002905004722142076,3.555796525046904e-05,0.9987221618875233,0.0012771577464604088,6.803660163911773e-07,0.0012778381124768001,45,45,1.9435671045006418e-41,0.0002905004722142076
3500,3501,17.505,2,4.400548294756027e-07,12,0.00032707567889094956,0.00032707567889094956,0.0,3,0.0002905004722142076,1.592368286462849e-07,4.400548294756027e-07,0.0002905004722142076,3.555796525046904e-05,0.9987221618875233,0.0012771577464604088,6.803660163911773e-07,0.0012778381124768001,45,45,1.9435671045006418e-41,0.0002905004722142076
3500,3501,17.505,3,0.0002905004722142076,16,0.00032707567889094956,0.00032707567889094956,0.0,3,0.0002905004722142076,1.592368286462849e-07,4.400548294756027e-07,0.0002905004722142076,3.555796525046904e-05,0.9987221618875233,0.0012771577464604088,6.803660163911773e-07,0.0012778381124768001,45,45,1.9435671045006418e-41,0.0002905004722142076
3500,3501,17.505,4,3.555796525046904e-05,32,0.00032707567889094956,0.00032707567889094956,0.0,3,0.0002905004722142076,1.592368286462849e-07,4.400548294756027e-07,0.0002905004722142076,3.555796525046904e-05,0.9987221618875233,0.0012771577464604088,6.803660163911773e-07,0.0012778381124768001,45,45,1.9435671045006418e-41,0.0002905004722142076
3500,3501,17.505,5,1.2295419484967523e-07,28,0.00032707567889094956,0.00032707567889094956,0.0,3,0.0002905004722142076,1.592368286462849e-07,4.400548294756027e-07,0.0002905004722142076,3.555796525046904e-05,0.9987221618875233,0.0012771577464604088,6.803660163911773e-07,0.0012778381124768001,45,45,1.9435671045006418e-41,0.0002905004722142076
3500,3501,17.505,6,2.4590865569000416e-07,40,0.00032707567889094956,0.00032707567889094956,0.0,3,0.0002905004722142076,1.592368286462849e-07,4.400548294756027e-07,0.0002905004722142076,3.555796525046904e-05,0.9987221618875233,0.0012771577464604088,6.803660163911773e-07,0.0012778381124768001,45,45,1.9435671045006418e-41,0.0002905004722142076
3500,3501,17.505,7,4.1629619724040386e-08,40,0.00032707567889094956,0.00032707567889094956,0.0,3,0.0002905004722142076,1.592368286462849e-07,4.400548294756027e-07,0.0002905004722142076,3.555796525046904e-05,0.9987221618875233,0.0012771577464604088,6.803660163911773e-07,0.0012778381124768001,45,45,1.9435671045006418e-41,0.0002905004722142076
3500,3501,17.505,8,6.313410713129345e-09,48,0.00032707567889094956,0.00032707567889094956,0.0,3,0.0002905004722142076,1.592368286462849e-07,4.400548294756027e-07,0.0002905004722142076,3.555796525046904e-05,0.9987221618875233,0.0012771577464604088,6.803660163911773e-07,0.0012778381124768001,45,45,1.9435671045006418e-41,0.0002905004722142076
3500,3501,17.505,9,9.213559975243232e-10,68,0.00032707567889094956,0.00032707567889094956,0.0,3,0.0002905004722142076,1.592368286462849e-07,4.400548294756027e-07,0.0002905004722142076,3.555796525046904e-05,0.9987221618875233,0.0012771577464604088,6.803660163911773e-07,0.0012778381124768001,45,45,1.9435671045006418e-41,0.0002905004722142076
3500,3501,17.505,10,1.654430798311055e-10,56,0.00032707567889094956,0.00032707567889094956,0.0,3,0.0002905004722142076,1.592368286462849e-07,4.400548294756027e-07,0.0002905004722142076,3.555796525046904e-05,0.9987221618875233,0.0012771577464604088,6.803660163911773e-07,0.0012778381124768001,45,45,1.9435671045006418e-41,0.0002905004722142076
3500,3501,17.505,11,4.6710881101287514e-11,72,0.00032707567889094956,0.00032707567889094956,0.0,3,0.0002905004722142076,1.592368286462849e-07,4.400548294756027e-07,0.0002905004722142076,3.555796525046904e-05,0.9987221618875233,0.0012771577464604088,6.803660163911773e-07,0.0012778381124768001,45,45,1.9435671045006418e-41,0.0002905004722142076
3500,3501,17.505,12,8.031795041465706e-12,68,0.00032707567889094956,0.00032707567889094956,0.0,3,0.0002905004722142076,1.592368286462849e-07,4.400548294756027e-07,0.0002905004722142076,3.555796525046904e-05,0.9987221618875233,0.0012771577464604088,6.803660163911773e-07,0.0012778381124768001,45,45,1.9435671045006418e-41,0.0002905004722142076
3500,3501,17.505,13,1.8793600270651923e-12,88,0.00032707567889094956,0.00032707567889094956,0.0,3,0.0002905004722142076,1.592368286462849e-07,4.400548294756027e-07,0.0002905004722142076,3.555796525046904e-05,0.9987221618875233,0.0012771577464604088,6.803660163911773e-07,0.0012778381124768001,45,45,1.9435671045006418e-41,0.0002905004722142076
3500,3501,17.505,14,3.575491120712338e-13,88,0.00032707567889094956,0.00032707567889094956,0.0,3,0.0002905004722142076,1.592368286462849e-07,4.400548294756027e-07,0.0002905004722142076,3.555796525046904e-05,0.9987221618875233,0.0012771577464604088,6.803660163911773e-07,0.0012778381124768001,45,45,1.9435671045006418e-41,0.0002905004722142076
3500,3501,17.505,15,8.048374576552518e-14,84,0.00032707567889094956,0.00032707567889094956,0.0,3,0.0002905004722142076,1.592368286462849e-07,4.400548294756027e-07,0.0002905004722142076,3.555796525046904e-05,0.9987221618875233,0.0012771577464604088,6.803660163911773e-07,0.0012778381124768001,45,45,1.9435671045006418e-41,0.0002905004722142076
3500,3501,17.505,16,2.3476707259623563e-14,112,0.00032707567889094956,0.00032707567889094956,0.0,3,0.0002905004722142076,1.592368286462849e-07,4.400548294756027e-07,0.0002905004722142076,3.555796525046904e-05,0.9987221618875233,0.0012771577464604088,6.803660163911773e-07,0.0012778381124768001,45,45,1.9435671045006418e-41,0.0002905004722142076
3500,3501,17.505,17,3.631223537524907e-15,112,0.00032707567889094956,0.00032707567889094956,0.0,3,0.0002905004722142076,1.592368286462849e-07,4.400548294756027e-07,0.0002905004722142076,3.555796525046904e-05,0.9987221618875233,0.0012771577464604088,6.803660163911773e-07,0.0012778381124768001,45,45,1.9435671045006418e-41,0.0002905004722142076
3500,3501,17.505,18,7.587921847913811e-16,112,0.00032707567889094956,0.00032707567889094956,0.0,3,0.0002905004722142076,1.592368286462849e-07,4.400548294756027e-07,0.0002905004722142076,3.555796525046904e-05,0.9987221618875233,0.0012771577464604088,6.803660163911773e-07,0.0012778381124768001,45,45,1.9435671045006418e-41,0.0002905004722142076
3500,3501,17.505,19,1.2675324173123138e-16,116,0.00032707567889094956,0.00032707567889094956,0.0,3,0.0002905004722142076,1.592368286462849e-07,4.400548294756027e-07,0.0002905004722142076,3.555796525046904e-05,0.9987221618875233,0.0012771577464604088,6.803660163911773e-07,0.0012778381124768001,45,45,1.9435671045006418e-41,0.0002905004722142076
3500,3501,17.505,20,2.7423478231320118e-17,112,0.00032707567889094956,0.00032707567889094956,0.0,3,0.0002905004722142076,1.592368286462849e-07,4.400548294756027e-07,0.0002905004722142076,3.555796525046904e-05,0.9987221618875233,0.0012771577464604088,6.803660163911773e-07,0.0012778381124768001,45,45,1.9435671045006418e-41,0.0002905004722142076
3500,3501,17.505,21,6.202984976389716e-18,144,0.00032707567889094956,0.00032707567889094956,0.0,3,0.0002905004722142076,1.592368286462849e-07,4.400548294756027e-07,0.0002905004722142076,3.555796525046904e-05,0.9987221618875233,0.0012771577464604088,6.803660163911773e-07,0.0012778381124768001,45,45,1.9435671045006418e-41,0.0002905004722142076
3500,3501,17.505,22,6.670586181629129e-19,140,0.00032707567889094956,0.00032707567889094956,0.0,3,0.0002905004722142076,1.592368286462849e-07,4.400548294756027e-07,0.0002905004722142076,3.555796525046904e-05,0.9987221618875233,0.0012771577464604088,6.803660163911773e-07,0.0012778381124768001,45,45,1.9435671045006418e-41,0.0002905004722142076
3500,3501,17.505,23,6.896169902041228e-20,144,0.00032707567889094956,0.00032707567889094956,0.0,3,0.0002905004722142076,1.592368286462849e-07,4.400548294756027e-07,0.0002905004722142076,3.555796525046904e-05,0.9987221618875233,0.0012771577464604088,6.803660163911773e-07,0.0012778381124768001,45,45,1.9435671045006418e-41,0.0002905004722142076
3500,3501,17.505,24,7.257739594179348e-21,144,0.00032707567889094956,0.00032707567889094956,0.0,3,0.0002905004722142076,1.592368286462849e-07,4.400548294756027e-07,0.0002905004722142076,3.555796525046904e-05,0.9987221618875233,0.0012771577464604088,6.803660163911773e-07,0.0012778381124768001,45,45,1.9435671045006418e-41,0.0002905004722142076
3500,3501,17.505,25,6.57064885809449e-22,168,0.00032707567889094956,0.00032707567889094956,0.0,3,0.0002905004722142076,1.592368286462849e-07,4.400548294756027e-07,0.0002905004722142076,3.555796525046904e-05,0.9987221618875233,0.0012771577464604088,6.803660163911773e-07,0.0012778381124768001,45,45,1.9435671045006418e-41,0.0002905004722142076
3500,3501,17.505,26,8.695010764558358e-23,164,0.00032707567889094956,0.00032707567889094956,0.0,3,0.0002905004722142076,1.592368286462849e-07,4.400548294756027e-07,0.0002905004722142076,3.555796525046904e-05,0.9987221618875233,0.0012771577464604088,6.803660163911773e-07,0.0012778381124768001,45,45,1.9435671045006418e-41,0.0002905004722142076
3500,3501,17.505,27,4.565383097396274e-24,160,0.00032707567889094956,0.00032707567889094956,0.0,3,0.0002905004722142076,1.592368286462849e-07,4.400548294756027e-07,0.0002905004722142076,3.555796525046904e-05,0.9987221618875233,0.0012771577464604088,6.803660163911773e-07,0.0012778381124768001,45,45,1.9435671045006418e-41,0.0002905004722142076
3500,3501,17.505,28,9.903332361149583e-25,184,0.00032707567889094956,0.00032707567889094956,0.0,3,0.0002905004722142076,1.592368286462849e-07,4.400548294756027e-07,0.0002905004722142076,3.555796525046904e-05,0.9987221618875233,0.0012771577464604088,6.803660163911773e-07,0.0012778381124768001,45,45,1.9435671045006418e-41,0.0002905004722142076
3500,3501,17.505,29,4.381510785923881e-26,172,0.00032707567889094956,0.00032707567889094956,0.0,3,0.0002905004722142076,1.592368286462849e-07,4.400548294756027e-07,0.0002905004722142076,3.555796525046904e-05,0.9987221618875233,0.0012771577464604088,6.803660163911773e-07,0.0012778381124768001,45,45,1.9435671045006418e-41,0.0002905004722142076
3500,3501,17.505,30,4.316146125946015e-27,200,0.00032707567889094956,0.00032707567889094956,0.0,3,0.0002905004722142076,1.592368286462849e-07,4.400548294756027e-07,0.0002905004722142076,3.555796525046904e-05,0.9987221618875233,0.0012771577464604088,6.803660163911773e-07,0.0012778381124768001,45,45,1.9435671045006418e-41,0.0002905004722142076
3500,3501,17.505,31,2.584537101625547e-38,192,0.00032707567889094956,0.00032707567889094956,0.0,3,0.0002905004722142076,1.592368286462849e-07,4.400548294756027e-07,0.0002905004722142076,3.555796525046904e-05,0.9987221618875233,0.0012771577464604088,6.803660163911773e-07,0.0012778381124768001,45,45,1.9435671045006418e-41,0.0002905004722142076
3500,3501,17.505,32,5.248100362297719e-39,166,0.00032707567889094956,0.00032707567889094956,0.0,3,0.0002905004722142076,1.592368286462849e-07,4.400548294756027e-07,0.0002905004722142076,3.555796525046904e-05,0.9987221618875233,0.0012771577464604088,6.803660163911773e-07,0.0012778381124768001,45,45,1.9435671045006418e-41,0.0002905004722142076
3500,3501,17.505,33,3.500748204289121e-39,148,0.00032707567889094956,0.00032707567889094956,0.0,3,0.0002905004722142076,1.592368286462849e-07,4.400548294756027e-07,0.0002905004722142076,3.555796525046904e-05,0.9987221618875233,0.0012771577464604088,6.803660163911773e-07,0.0012778381124768001,45,45,1.9435671045006418e-41,0.0002905004722142076
3500,3501,17.505,34,2.8978086231078994e-39,128,0.00032707567889094956,0.00032707567889094956,0.0,3,0.0002905004722142076,1.592368286462849e-07,4.400548294756027e-07,0.0002905004722142076,3.555796525046904e-05,0.9987221618875233,0.0012771577464604088,6.803660163911773e-07,0.0012778381124768001,45,45,1.9435671045006418e-41,0.0002905004722142076
3500,3501,17.505,35,1.6930588193123167e-39,104,0.00032707567889094956,0.00032707567889094956,0.0,3,0.0002905004722142076,1.592368286462849e-07,4.400548294756027e-07,0.0002905004722142076,3.555796525046904e-05,0.9987221618875233,0.0012771577464604088,6.803660163911773e-07,0.0012778381124768001,45,45,1.9435671045006418e-41,0.0002905004722142076
3500,3501,17.505,36,1.8881846325212476e-39,88,0.00032707567889094956,0.00032707567889094956,0.0,3,0.0002905004722142076,1.592368286462849e-07,4.400548294756027e-07,0.0002905004722142076,3.555796525046904e-05,0.9987221618875233,0.0012771577464604088,6.803660163911773e-07,0.0012778381124768001,45,45,1.9435671045006418e-41,0.0002905004722142076
3500,3501,17.505,37,1.1465161568801414e-39,76,0.00032707567889094956,0.00032707567889094956,0.0,3,0.0002905004722142076,1.592368286462849e-07,4.400548294756027e-07,0.0002905004722142076,3.555796525046904e-05,0.9987221618875233,0.0012771577464604088,6.803660163911773e-07,0.0012778381124768001,45,45,1.9435671045006418e-41,0.0002905004722142076
3500,3501,17.505,38,1.0792230598970717e-39,68,0.00032707567889094956,0.00032707567889094956,0.0,3,0.0002905004722142076,1.592368286462849e-07,4.400548294756027e-07,0.0002905004722142076,3.555796525046904e-05,0.9987221618875233,0.0012771577464604088,6.803660163911773e-07,0.0012778381124768001,45,45,1.9435671045006418e-41,0.0002905004722142076
3500,3501,17.505,39,7.1770750380977076e-40,48,0.00032707567889094956,0.00032707567889094956,0.0,3,0.0002905004722142076,1.592368286462849e-07,4.400548294756027e-07,0.0002905004722142076,3.555796525046904e-05,0.9987221618875233,0.0012771577464604088,6.803660163911773e-07,0.0012778381124768001,45,45,1.9435671045006418e-41,0.0002905004722142076
3500,3501,17.505,40,6.6937446308044344e-40,56,0.00032707567889094956,0.00032707567889094956,0.0,3,0.0002905004722142076,1.592368286462849e-07,4.400548294756027e-07,0.0002905004722142076,3.555796525046904e-05,0.9987221618875233,0.0012771577464604088,6.803660163911773e-07,0.0012778381124768001,45,45,1.9435671045006418e-41,0.0002905004722142076
3500,3501,17.505,41,4.956022226426523e-40,28,0.00032707567889094956,0.00032707567889094956,0.0,3,0.0002905004722142076,1.592368286462849e-07,4.400548294756027e-07,0.0002905004722142076,3.555796525046904e-05,0.9987221618875233,0.0012771577464604088,6.803660163911773e-07,0.0012778381124768001,45,45,1.9435671045006418e-41,0.0002905004722142076
3500,3501,17.505,42,3.928918938101643e-40,32,0.00032707567889094956,0.00032707567889094956,0.0,3,0.0002905004722142076,1.592368286462849e-07,4.400548294756027e-07,0.0002905004722142076,3.555796525046904e-05,0.9987221618875233,0.0012771577464604088,6.803660163911773e-07,0.0012778381124768001,45,45,1.9435671045006418e-41,0.0002905004722142076
3500,3501,17.505,43,2.813574946251789e-40,16,0.00032707567889094956,0.00032707567889094956,0.0,3,0.0002905004722142076,1.592368286462849e-07,4.400548294756027e-07,0.0002905004722142076,3.555796525046904e-05,0.9987221618875233,0.0012771577464604088,6.803660163911773e-07,0.0012778381124768001,45,45,1.9435671045006418e-41,0.0002905004722142076
3500,3501,17.505,44,1.6305039199280201e-40,8,0.00032707567889094956,0.00032707567889094956,0.0,3,0.0002905004722142076,1.592368286462849e-07,4.400548294756027e-07,0.0002905004722142076,3.555796525046904e-05,0.9987221618875233,0.0012771577464604088,6.803660163911773e-07,0.0012778381124768001,45,45,1.9435671045006418e-41,0.0002905004722142076
3500,3501,17.505,45,1.9435671045006418e-41,5,0.00032707567889094956,0.00032707567889094956,0.0,3,0.0002905004722142076,1.592368286462849e-07,4.400548294756027e-07,0.0002905004722142076,3.555796525046904e-05,0.9987221618875233,0.0012771577464604088,6.803660163911773e-07,0.0012778381124768001,45,45,1.9435671045006418e-41,0.0002905004722142076
4000,4001,20.005,1,3.525214646567769e-07,8,0.0004169684746113299,0.0004169684746113299,0.0,3,0.0003712778162327108,3.525214646567769e-07,8.970913685667047e-07,0.0003712778162327108,4.3620123436416374e-05,0.9980312130077834,0.0019665313980724883,2.2555941440407715e-06,0.001968786992216529,45,45,3.6423897148785534e-41,0.0003712778162327108
4000,4001,20.005,2,8.970913685667047e-07,12,0.0004169684746113299,0.0004169684746113299,0.0,3,0.0003712778162327108,3.525214646567769e-07,8.970913685667047e-07,0.0003712778162327108,4.3620123436416374e-05,0.9980312130077834,0.0019665313980724883,2.2555941440407715e-06,0.001968786992216529,45,45,3.6423897148785534e-41,0.0003712778162327108
4000,4001,20.005,3,0.0003712778162327108,16,0.0004169684746113299,0.0004169684746113299,0.0,3,0.0003712778162327108,3.525214646567769e-07,8.970913685667047e-07,0.0003712778162327108,4.3620123436416374e-05,0.9980312130077834,0.0019665313980724883,2.2555941440407715e-06,0.001968786992216529,45,45,3.6423897148785534e-41,0.0003712778162327108
4000,4001,20.005,4,4.3620123436416374e-05,32,0.0004169684746113299,0.0004169684746113299,0.0,3,0.0003712778162327108,3.525214646567769e-07,8.970913685667047e-07,0.0003712778162327108,4.3620123436416374e-05,0.9980312130077834,0.0019665313980724883,2.2555941440407715e-06,0.001968786992216529,45,45,3.6423897148785534e-41,0.0003712778162327108
4000,4001,20.005,5,2.5163069926558144e-07,28,0.0004169684746113299,0.0004169684746113299,0.0,3,0.0003712778162327108,3.525214646567769e-07,8.970913685667047e-07,0.0003712778162327108,4.3620123436416374e-05,0.9980312130077834,0.0019665313980724883,2.2555941440407715e-06,0.001968786992216529,45,45,3.6423897148785534e-41,0.0003712778162327108
4000,4001,20.005,6,4.7244795449486504e-07,40,0.0004169684746113299,0.0004169684746113299,0.0,3,0.0003712778162327108,3.525214646567769e-07,8.970913685667047e-07,0.0003712778162327108,4.3620123436416374e-05,0.9980312130077834,0.0019665313980724883,2.2555941440407715e-06,0.001968786992216529,45,45,3.6423897148785534e-41,0.0003712778162327108
4000,4001,20.005,7,7.59876128873079e-08,40,0.0004169684746113299,0.0004169684746113299,0.0,3,0.0003712778162327108,3.525214646567769e-07,8.970913685667047e-07,0.0003712778162327108,4.3620123436416374e-05,0.9980312130077834,0.0019665313980724883,2.2555941440407715e-06,0.001968786992216529,45,45,3.6423897148785534e-41,0.0003712778162327108
4000,4001,20.005,8,1.726330423913575e-08,48,0.0004169684746113299,0.0004169684746113299,0.0,3,0.0003712778162327108,3.525214646567769e-07,8.970913685667047e-07,0.0003712778162327108,4.3620123436416374e-05,0.9980312130077834,0.0019665313980724883,2.2555941440407715e-06,0.001968786992216529,45,45,3.6423897148785534e-41,0.0003712778162327108
4000,4001,20.005,9,2.6520264426813496e-09,68,0.0004169684746113299,0.0004169684746113299,0.0,3,0.0003712778162327108,3.525214646567769e-07,8.970913685667047e-07,0.0003712778162327108,4.3620123436416374e-05,0.9980312130077834,0.0019665313980724883,2.2555941440407715e-06,0.001968786992216529,45,45,3.6423897148785534e-41,0.0003712778162327108
4000,4001,20.005,10,6.904752677943837e-10,56,0.0004169684746113299,0.0004169684746113299,0.0,3,0.0003712778162327108,3.525214646567769e-07,8.970913685667047e-07,0.0003712778162327108,4.3620123436416374e-05,0.9980312130077834,0.0019665313980724883,2.2555941440407715e-06,0.001968786992216529,45,45,3.6423897148785534e-41,0.0003712778162327108
4000,4001,20.005,11,1.9261147152075636e-10,72,0.0004169684746113299,0.0004169684746113299,0.0,3,0.0003712778162327108,3.525214646567769e-07,8.970913685667047e-07,0.0003712778162327108,4.3620123436416374e-05,0.9980312130077834,0.0019665313980724883,2.2555941440407715e-06,0.001968786992216529,45,45,3.6423897148785534e-41,0.0003712778162327108
4000,4001,20.005,12,4.2654238487452184e-11,68,0.0004169684746113299,0.0004169684746113299,0.0,3,0.0003712778162327108,3.525214646567769e-07,8.970913685667047e-07,0.0003712778162327108,4.3620123436416374e-05,0.9980312130077834,0.0019665313980724883,2.2555941440407715e-06,0.001968786992216529,45,45,3.6423897148785534e-41,0.0003712778162327108
4000,4001,20.005,13,1.1190139641210623e-11,88,0.0004169684746113299,0.0004169684746113299,0.0,3,0.0003712778162327108,3.525214646567769e-07,8.970913685667047e-07,0.0003712778162327108,4.3620123436416374e-05,0.9980312130077834,0.0019665313980724883,2.2555941440407715e-06,0.001968786992216529,45,45,3.6423897148785534e-41,0.0003712778162327108
4000,4001,20.005,14,2.642366208692681e-12,88,0.0004169684746113299,0.0004169684746113299,0.0,3,0.0003712778162327108,3.525214646567769e-07,8.970913685667047e-07,0.0003712778162327108,4.3620123436416374e-05,0.9980312130077834,0.0019665313980724883,2.2555941440407715e-06,0.001968786992216529,45,45,3.6423897148785534e-41,0.0003712778162327108
4000,4001,20.005,15,6.545422940920316e-13,84,0.0004169684746113299,0.0004169684746113299,0.0,3,0.0003712778162327108,3.525214646567769e-07,8.970913685667047e-07,0.0003712778162327108,4.3620123436416374e-05,0.9980312130077834,0.0019665313980724883,2.2555941440407715e-06,0.001968786992216529,45,45,3.6423897148785534e-41,0.0003712778162327108
4000,4001,20.005,16,2.27132522292019e-13,112,0.0004169684746113299,0.0004169684746113299,0.0,3,0.0003712778162327108,3.525214646567769e-07,8.970913685667047e-07,0.0003712778162327108,4.3620123436416374e-05,0.9980312130077834,0.0019665313980724883,2.2555941440407715e-06,0.001968786992216529,45,45,3.6423897148785534e-41,0.0003712778162327108
4000,4001,20.005,17,4.3863264940144044e-14,112,0.0004169684746113299,0.0004169684746113299,0.0,3,0.0003712778162327108,3.525214646567769e-07,8.970913685667047e-07,0.0003712778162327108,4.3620123436416374e-05,0.9980312130077834,0.0019665313980724883,2.2555941440407715e-06,0.001968786992216529,45,45,3.6423897148785534e-41,0.0003712778162327108
4000,4001,20.005,18,9.956305239543338e-15,112,0.0004169684746113299,0.0004169684746113299,0.0,3,0.0003712778162327108,3.525214646567769e-07,8.970913685667047e-07,0.0003712778162327108,4.3620123436416374e-05,0.9980312130077834,0.0019665313980724883,2.2555941440407715e-06,0.001968786992216529,45,45,3.6423897148785534e-41,0.0003712778162327108
4000,4001,20.005,19,2.028358270509685e-15,116,0.0004169684746113299,0.0004169684746113299,0.0,3,0.0003712778162327108,3.525214646567769e-07,8.970913685667047e-07,0.0003712778162327108,4.3620123436416374e-05,0.9980312130077834,0.0019665313980724883,2.2555941440407715e-06,0.001968786992216529,45,45,3.6423897148785534e-41,0.0003712778162327108
4000,4001,20.005,20,5.001361389999127e-16,112,0.0004169684746113299,0.0004169684746113299,0.0,3,0.0003712778162327108,3.525214646567769e-07,8.970913685667047e-07,0.0003712778162327108,4.3620123436416374e-05,0.9980312130077834,0.0019665313980724883,2.2555941440407715e-06,0.001968786992216529,45,45,3.6423897148785534e-41,0.0003712778162327108
4000,4001,20.005,21,1.2474343395295567e-16,144,0.0004169684746113299,0.0004169684746113299,0.0,3,0.0003712778162327108,3.525214646567769e-07,8.970913685667047e-07,0.0003712778162327108,4.3620123436416374e-05,0.9980312130077834,0.0019665313980724883,2.2555941440407715e-06,0.001968786992216529,45,45,3.6423897148785534e-41,0.0003712778162327108
4000,4001,20.005,22,1.6694853161070697e-17,140,0.0004169684746113299,0.0004169684746113299,0.0,3,0.0003712778162327108,3.525214646567769e-07,8.970913685667047e-07,0.0003712778162327108,4.3620123436416374e-05,0.9980312130077834,0.0019665313980724883,2.2555941440407715e-06,0.001968786992216529,45,45,3.6423897148785534e-41,0.0003712778162327108
4000,4001,20.005,23,1.421513880611785e-18,144,0.0004169684746113299,0.0004169684746113299,0.0,3,0.0003712778162327108,3.525214646567769e-07,8.970913685667047e-07,0.0003712778162327108,4.3620123436416374e-05,0.9980312130077834,0.0019665313980724883,2.2555941440407715e-06,0.001968786992216529,45,45,3.6423897148785534e-41,0.0003712778162327108
4000,4001,20.005,24,1.748509073697685e-19,144,0.0004169684746113299,0.0004169684746113299,0.0,3,0.0003712778162327108,3.525214646567769e-07,8.970913685667047e-07,0.0003712778162327108,4.3620123436416374e-05,0.9980312130077834,0.0019665313980724883,2.2555941440407715e-06,0.001968786992216529,45,45,3.6423897148785534e-41,0.0003712778162327108
4000,4001,20.005,25,1.3302596942244335e-20,168,0.0004169684746113299,0.0004169684746113299,0.0,3,0.0003712778162327108,3.525214646567769e-07,8.970913685667047e-07,0.0003712778162327108,4.3620123436416374e-05,0.9980312130077834,0.0019665313980724883,2.2555941440407715e-06,0.001968786992216529,45,45,3.6423897148785534e-41,0.0003712778162327108
4000,4001,20.005,26,1.356394710591028e-21,164,0.0004169684746113299,0.0004169684746113299,0.0,3,0.0003712778162327108,3.525214646567769e-07,8.970913685667047e-07,0.0003712778162327108,4.3620123436416374e-05,0.9980312130077834,0.0019665313980724883,2.2555941440407715e-06,0.001968786992216529,45,45,3.6423897148785534e-41,0.0003712778162327108
4000,4001,20.005,27,1.229760519802959e-22,160,0.0004169684746113299,0.0004169684746113299,0.0,3,0.0003712778162327108,3.525214646567769e-07,8.970913685667047e-07,0.0003712778162327108,4.3620123436416374e-05,0.9980312130077834,0.0019665313980724883,2.2555941440407715e-06,0.001968786992216529,45,45,3.6423897148785534e-41,0.0003712778162327108
4000,4001,20.005,28,2.5607428285493667e-23,184,0.0004169684746113299,0.0004169684746113299,0.0,3,0.0003712778162327108,3.525214646567769e-07,8.970913685667047e-07,0.0003712778162327108,4.3620123436416374e-05,0.9980312130077834,0.0019665313980724883,2.2555941440407715e-06,0.001968786992216529,45,45,3.6423897148785534e-41,0.0003712778162327108
4000,4001,20.005,29,3.3965812259441786e-25,172,0.0004169684746113299,0.0004169684746113299,0.0,3,0.0003712778162327108,3.525214646567769e-07,8.970913685667047e-07,0.0003712778162327108,4.3620123436416374e-05,0.9980312130077834,0.0019665313980724883,2.2555941440407715e-06,0.001968786992216529,45,45,3.6423897148785534e-41,0.0003712778162327108
4000,4001,20.005,30,1.1106435097093462e-25,200,0.0004169684746113299,0.0004169684746113299,0.0,3,0.0003712778162327108,3.525214646567769e-07,8.970913685667047e-07,0.0003712778162327108,4.3620123436416374e-05,0.9980312130077834,0.0019665313980724883,2.2555941440407715e-06,0.001968786992216529,45,45,3.6423897148785534e-41,0.0003712778162327108
4000,4001,20.005,31,3.814222510812808e-38,192,0.0004169684746113299,0.0004169684746113299,0.0,3,0.0003712778162327108,3.525214646567769e-07,8.970913685667047e-07,0.0003712778162327108,4.3620123436416374e-05,0.9980312130077834,0.0019665313980724883,2.2555941440407715e-06,0.001968786992216529,45,45,3.6423897148785534e-41,0.0003712778162327108
4000,4001,20.005,32,6.415187418395991e-39,166,0.0004169684746113299,0.0004169684746113299,0.0,3,0.0003712778162327108,3.525214646567769e-07,8.970913685667047e-07,0.0003712778162327108,4.3620123436416374e-05,0.9980312130077834,0.0019665313980724883,2.2555941440407715e-06,0.001968786992216529,45,45,3.6423897148785534e-41,0.0003712778162327108
4000,4001,20.005,33,3.323839568340389e-39,148,0.0004169684746113299,0.0004169684746113299,0.0,3,0.0003712778162327108,3.525214646567769e-07,8.970913685667047e-07,0.0003712778162327108,4.3620123436416374e-05,0.9980312130077834,0.0019665313980724883,2.2555941440407715e-06,0.001968786992216529,45,45,3.6423897148785534e-41,0.0003712778162327108
4000,4001,20.005,34,3.983710427617488e-39,128,0.0004169684746113299,0.0004169684746113299,0.0,3,0.0003712778162327108,3.525214646567769e-07,8.970913685667047e-07,0.0003712778162327108,4.3620123436416374e-05,0.9980312130077834,0.0019665313980724883,2.2555941440407715e-06,0.001968786992216529,45,45,3.6423897148785534e-41,0.0003712778162327108
4000,4001,20.005,35,1.9594243176920674e-39,104,0.0004169684746113299,0.0004169684746113299,0.0,3,0.0003712778162327108,3.525214646567769e-07,8.970913685667047e-07,0.0003712778162327108,4.3620123436416374e-05,0.9980312130077834,0.0019665313980724883,2.2555941440407715e-06,0.001968786992216529,45,45,3.6423897148785534e-41,0.0003712778162327108
4000,4001,20.005,36,2.35568339344945e-39,88,0.0004169684746113299,0.0004169684746113299,0.0,3,0.0003712778162327108,3.525214646567769e-07,8.970913685667047e-07,0.0003712778162327108,4.3620123436416374e-05,0.9980312130077834,0.0019665313980724883,2.2555941440407715e-06,0.001968786992216529,45,45,3.6423897148785534e-41,0.0003712778162327108
4000,4001,20.005,37,1.589580746919656e-39,76,0.0004169684746113299,0.0004169684746113299,0.0,3,0.0003712778162327108,3.525214646567769e-07,8.970913685667047e-07,0.0003712778162327108,4.3620123436416374e-05,0.9980312130077834,0.0019665313980724883,2.2555941440407715e-06,0.001968786992216529,45,45,3.6423897148785534e-41,0.0003712778162327108
4000,4001,20.005,38,1.6850631337646954e-39,68,0.0004169684746113299,0.0004169684746113299,0.0,3,0.0003712778162327108,3.525214646567769e-07,8.970913685667047e-07,0.0003712778162327108,4.3620123436416374e-05,0.9980312130077834,0.0019665313980724883,2.2555941440407715e-06,0.001968786992216529,45,45,3.6423897148785534e-41,0.0003712778162327108
4000,4001,20.005,39,9.212276441090752e-40,48,0.0004169684746113299,0.0004169684746113299,0.0,3,0.0003712778162327108,3.525214646567769e-07,8.970913685667047e-07,0.0003712778162327108,4.3620123436416374e-05,0.9980312130077834,0.0019665313980724883,2.2555941440407715e-06,0.001968786992216529,45,45,3.6423897148785534e-41,0.0003712778162327108
4000,4001,20.005,40,1.1443744140262786e-39,56,0.0004169684746113299,0.0004169684746113299,0.0,3,0.0003712778162327108,3.525214646567769e-07,8.970913685667047e-07,0.0003712778162327108,4.3620123436416374e-05,0.9980312130077834,0.0019665313980724883,2.2555941440407715e-06,0.001968786992216529,45,45,3.6423897148785534e-41,0.0003712778162327108
4000,4001,20.005,41,9.144541868853514e-40,28,0.0004169684746113299,0.0004169684746113299,0.0,3,0.0003712778162327108,3.525214646567769e-07,8.970913685667047e-07,0.0003712778162327108,4.3620123436416374e-05,0.9980312130077834,0.0019665313980724883,2.2555941440407715e-06,0.001968786992216529,45,45,3.6423897148785534e-41,0.0003712778162327108
4000,4001,20.005,42,1.0357498007554215e-39,32,0.0004169684746113299,0.0004169684746113299,0.0,3,0.0003712778162327108,3.525214646567769e-07,8.970913685667047e-07,0.0003712778162327108,4.3620123436416374e-05,0.9980312130077834,0.0019665313980724883,2.2555941440407715e-06,0.001968786992216529,45,45,3.6423897148785534e-41,0.0003712778162327108
4000,4001,20.005,43,4.366880223912129e-40,16,0.0004169684746113299,0.0004169684746113299,0.0,3,0.0003712778162327108,3.525214646567769e-07,8.970913685667047e-07,0.0003712778162327108,4.3620123436416374e-05,0.9980312130077834,0.0019665313980724883,2.2555941440407715e-06,0.001968786992216529,45,45,3.6423897148785534e-41,0.0003712778162327108
4000,4001,20.005,44,3.961804375946117e-40,8,0.0004169684746113299,0.0004169684746113299,0.0,3,0.0003712778162327108,3.525214646567769e-07,8.970913685667047e-07,0.0003712778162327108,4.3620123436416374e-05,0.9980312130077834,0.0019665313980724883,2.2555941440407715e-06,0.001968786992216529,45,45,3.6423897148785534e-41,0.0003712778162327108
4000,4001,20.005,45,3.6423897148785534e-41,5,0.0004169684746113299,0.0004169684746113299,0.0,3,0.0003712778162327108,3.525214646567769e-07,8.970913685667047e-07,0.0003712778162327108,4.3620123436416374e-05,0.9980312130077834,0.0019665313980724883,2.2555941440407715e-06,0.001968786992216529,45,45,3.6423897148785534e-41,0.0003712778162327108
4500,4501,22.505,1,7.132488230456057e-07,8,0.0005150230230503463,0.0005150230230503463,0.0,3,0.00045966192500204793,7.132488230456057e-07,1.6467203055618676e-06,0.00045966192500204793,5.1551437251698975e-05,0.9971851905582672,0.0028086576685906763,6.151773142164785e-06,0.002814809441732841,45,45,1.7127245486040484e-41,0.00045966192500204793
4500,4501,22.505,2,1.6467203055618676e-06,12,0.0005150230230503463,0.0005150230230503463,0.0,3,0.00045966192500204793,7.132488230456057e-07,1.6467203055618676e-06,0.00045966192500204793,5.1551437251698975e-05,0.9971851905582672,0.0028086576685906763,6.151773142164785e-06,0.002814809441732841,45,45,1.7127245486040484e-41,0.00045966192500204793
4500,4501,22.505,3,0.00045966192500204793,16,0.0005150230230503463,0.0005150230230503463,0.0,3,0.00045966192500204793,7.132488230456057e-07,1.6467203055618676e-06,0.00045966192500204793,5.1551437251698975e-05,0.9971851905582672,0.0028086576685906763,6.151773142164785e-06,0.002814809441732841,45,45,1.7127245486040484e-41,0.00045966192500204793
4500,4501,22.505,4,5.1551437251698975e-05,32,0.0005150230230503463,0.0005150230230503463,0.0,3,0.00045966192500204793,7.132488230456057e-07,1.6467203055618676e-06,0.00045966192500204793,5.1551437251698975e-05,0.9971851905582672,0.0028086576685906763,6.151773142164785e-06,0.002814809441732841,45,45,1.7127245486040484e-41,0.00045966192500204793
4500,4501,22.505,5,4.6597500972271487e-07,28,0.0005150230230503463,0.0005150230230503463,0.0,3,0.00045966192500204793,7.132488230456057e-07,1.6467203055618676e-06,0.00045966192500204793,5.1551437251698975e-05,0.9971851905582672,0.0028086576685906763,6.151773142164785e-06,0.002814809441732841,45,45,1.7127245486040484e-41,0.00045966192500204793
4500,4501,22.505,6,8.106261307272761e-07,40,0.0005150230230503463,0.0005150230230503463,0.0,3,0.00045966192500204793,7.132488230456057e-07,1.6467203055618676e-06,0.00045966192500204793,5.1551437251698975e-05,0.9971851905582672,0.0028086576685906763,6.151773142164785e-06,0.002814809441732841,45,45,1.7127245486040484e-41,0.00045966192500204793
4500,4501,22.505,7,1.236714110785041e-07,40,0.0005150230230503463,0.0005150230230503463,0.0,3,0.00045966192500204793,7.132488230456057e-07,1.6467203055618676e-06,0.00045966192500204793,5.1551437251698975e-05,0.9971851905582672,0.0028086576685906763,6.151773142164785e-06,0.002814809441732841,45,45,1.7127245486040484e-41,0.00045966192500204793
4500,4501,22.505,8,3.98733345342925e-08,48,0.0005150230230503463,0.0005150230230503463,0.0,3,0.00045966192500204793,7.132488230456057e-07,1.6467203055618676e-06,0.00045966192500204793,5.1551437251698975e-05,0.9971851905582672,0.0028086576685906763,6.151773142164785e-06,0.002814809441732841,45,45,1.7127245486040484e-41,0.00045966192500204793
4500,4501,22.505,9,6.377477128320281e-09,68,0.0005150230230503463,0.0005150230230503463,0.0,3,0.00045966192500204793,7.132488230456057e-07,1.6467203055618676e-06,0.00045966192500204793,5.1551437251698975e-05,0.9971851905582672,0.0028086576685906763,6.151773142164785e-06,0.002814809441732841,45,45,1.7127245486040484e-41,0.00045966192500204793
4500,4501,22.505,10,2.286637336651233e-09,56,0.0005150230230503463,0.0005150230230503463,0.0,3,0.00045966192500204793,7.132488230456057e-07,1.6467203055618676e-06,0.00045966192500204793,5.1551437251698975e-05,0.9971851905582672,0.0028086576685906763,6.151773142164785e-06,0.002814809441732841,45,45,1.7127245486040484e-41,0.00045966192500204793
4500,4501,22.505,11,6.300365974432814e-10,72,0.0005150230230503463,0.0005150230230503463,0.0,3,0.00045966192500204793,7.132488230456057e-07,1.6467203055618676e-06,0.00045966192500204793,5.1551437251698975e-05,0.9971851905582672,0.0028086576685906763,6.151773142164785e-06,0.002814809441732841,45,45,1.7127245486040484e-41,0.00045966192500204793
4500,4501,22.505,12,1.8085950834775876e-10,68,0.0005150230230503463,0.0005150230230503463,0.0,3,0.00045966192500204793,7.132488230456057e-07,1.6467203055618676e-06,0.00045966192500204793,5.1551437251698975e-05,0.9971851905582672,0.0028086576685906763,6.151773142164785e-06,0.002814809441732841,45,45,1.7127245486040484e-41,0.00045966192500204793
4500,4501,22.505,13,5.019653481602682e-11,88,0.0005150230230503463,0.0005150230230503463,0.0,3,0.00045966192500204793,7.132488230456057e-07,1.6467203055618676e-06,0.00045966192500204793,5.1551437251698975e-05,0.9971851905582672,0.0028086576685906763,6.151773142164785e-06,0.002814809441732841,45,45,1.7127245486040484e-41,0.00045966192500204793
4500,4501,22.505,14,1.4544878597513073e-11,88,0.0005150230230503463,0.0005150230230503463,0.0,3,0.00045966192500204793,7.132488230456057e-07,1.6467203055618676e-06,0.00045966192500204793,5.1551437251698975e-05,0.9971851905582672,0.0028086576685906763,6.151773142164785e-06,0.002814809441732841,45,45,1.7127245486040484e-41,0.00045966192500204793
4500,4501,22.505,15,3.964370576395571e-12,84,0.0005150230230503463,0.0005150230230503463,0.0,3,0.00045966192500204793,7.132488230456057e-07,1.6467203055618676e-06,0.00045966192500204793,5.1551437251698975e-05,0.9971851905582672,0.0028086576685906763,6.151773142164785e-06,0.002814809441732841,45,45,1.7127245486040484e-41,0.00045966192500204793
4500,4501,22.505,16,1.5722747072195932e-12,112,0.0005150230230503463,0.0005150230230503463,0.0,3,0.00045966192500204793,7.132488230456057e-07,1.6467203055618676e-06,0.00045966192500204793,5.1551437251698975e-05,0.9971851905582672,0.0028086576685906763,6.151773142164785e-06,0.002814809441732841,45,45,1.7127245486040484e-41,0.00045966192500204793
4500,4501,22.505,17,3.7085433336840037e-13,112,0.0005150230230503463,0.0005150230230503463,0.0,3,0.00045966192500204793,7.132488230456057e-07,1.6467203055618676e-06,0.00045966192500204793,5.1551437251698975e-05,0.9971851905582672,0.0028086576685906763,6.151773142164785e-06,0.002814809441732841,45,45,1.7127245486040484e-41,0.00045966192500204793
4500,4501,22.505,18,9.204241078656567e-14,112,0.0005150230230503463,0.0005150230230503463,0.0,3,0.00045966192500204793,7.132488230456057e-07,1.6467203055618676e-06,0.00045966192500204793,5.1551437251698975e-05,0.9971851905582672,0.0028086576685906763,6.151773142164785e-06,0.002814809441732841,45,45,1.7127245486040484e-41,0.00045966192500204793
4500,4501,22.505,19,2.2169058540435045e-14,116,0.0005150230230503463,0.0005150230230503463,0.0,3,0.00045966192500204793,7.132488230456057e-07,1.6467203055618676e-06,0.00045966192500204793,5.1551437251698975e-05,0.9971851905582672,0.0028086576685906763,6.151773142164785e-06,0.002814809441732841,45,45,1.7127245486040484e-41,0.00045966192500204793
4500,4501,22.505,20,6.219723320344173e-15,112,0.0005150230230503463,0.0005150230230503463,0.0,3,0.00045966192500204793,7.132488230456057e-07,1.6467203055618676e-06,0.00045966192500204793,5.1551437251698975e-05,0.9971851905582672,0.0028086576685906763,6.151773142164785e-06,0.002814809441732841,45,45,1.7127245486040484e-41,0.00045966192500204793
4500,4501,22.505,21,1.7185628725625109e-15,144,0.0005150230230503463,0.0005150230230503463,0.0,3,0.00045966192500204793,7.132488230456057e-07,1.6467203055618676e-06,0.00045966192500204793,5.1551437251698975e-05,0.9971851905582672,0.0028086576685906763,6.151773142164785e-06,0.002814809441732841,45,45,1.7127245486040484e-41,0.00045966192500204793
4500,4501,22.505,22,2.729994924749596e-16,140,0.0005150230230503463,0.0005150230230503463,0.0,3,0.00045966192500204793,7.132488230456057e-07,1.6467203055618676e-06,0.00045966192500204793,5.1551437251698975e-05,0.9971851905582672,0.0028086576685906763,6.151773142164785e-06,0.002814809441732841,45,45,1.7127245486040484e-41,0.00045966192500204793
4500,4501,22.505,23,1.9709665868642127e-17,144,0.0005150230230503463,0.0005150230230503463,0.0,3,0.00045966192500204793,7.132488230456057e-07,1.6467203055618676e-06,0.00045966192500204793,5.1551437251698975e-05,0.9971851905582672,0.0028086576685906763,6.151773142164785e-06,0.002814809441732841,45,45,1.7127245486040484e-41,0.00045966192500204793
4500,4501,22.505,24,2.6585670434245454e-18,144,0.0005150230230503463,0.0005150230230503463,0.0,3,0.00045966192500204793,7.132488230456057e-07,1.6467203055618676e-06,0.00045966192500204793,5.1551437251698975e-05,0.9971851905582672,0.0028086576685906763,6.151773142164785e-06,0.002814809441732841,45,45,1.7127245486040484e-41,0.00045966192500204793
4500,4501,22.505,25,1.8235290587012112e-19,168,0.0005150230230503463,0.0005150230230503463,0.0,3,0.00045966192500204793,7.132488230456057e-07,1.6467203055618676e-06,0.00045966192500204793,5.1551437251698975e-05,0.9971851905582672,0.0028086576685906763,6.151773142164785e-06,0.002814809441732841,45,45,1.7127245486040484e-41,0.00045966192500204793
4500,4501,22.505,26,1.664753362170852e-20,164,0.0005150230230503463,0.0005150230230503463,0.0,3,0.00045966192500204793,7.132488230456057e-07,1.6467203055618676e-06,0.00045966192500204793,5.1551437251698975e-05,0.9971851905582672,0.0028086576685906763,6.151773142164785e-06,0.002814809441732841,45,45,1.7127245486040484e-41,0.00045966192500204793
4500,4501,22.505,27,2.1808420681352272e-21,160,0.0005150230230503463,0.0005150230230503463,0.0,3,0.00045966192500204793,7.132488230456057e-07,1.6467203055618676e-06,0.00045966192500204793,5.1551437251698975e-05,0.9971851905582672,0.0028086576685906763,6.151773142164785e-06,0.002814809441732841,45,45,1.7127245486040484e-41,0.00045966192500204793
4500,4501,22.505,28,4.0865142097922205e-22,184,0.0005150230230503463,0.0005150230230503463,0.0,3,0.00045966192500204793,7.132488230456057e-07,1.6467203055618676e-06,0.00045966192500204793,5.1551437251698975e-05,0.9971851905582672,0.0028086576685906763,6.151773142164785e-06,0.002814809441732841,45,45,1.7127245486040484e-41,0.00045966192500204793
4500,4501,22.505,29,2.0201109339890243e-24,172,0.0005150230230503463,0.0005150230230503463,0.0,3,0.00045966192500204793,7.132488230456057e-07,1.6467203055618676e-06,0.00045966192500204793,5.1551437251698975e-05,0.9971851905582672,0.0028086576685906763,6.151773142164785e-06,0.002814809441732841,45,45,1.7127245486040484e-41,0.00045966192500204793
4500,4501,22.505,30,1.3115825672427246e-24,200,0.0005150230230503463,0.0005150230230503463,0.0,3,0.00045966192500204793,7.132488230456057e-07,1.6467203055618676e-06,0.00045966192500204793,5.1551437251698975e-05,0.9971851905582672,0.0028086576685906763,6.151773142164785e-06,0.002814809441732841,45,45,1.7127245486040484e-41,0.00045966192500204793
4500,4501,22.505,31,3.0245974977169703e-38,192,0.0005150230230503463,0.0005150230230503463,0.0,3,0.00045966192500204793,7.132488230456057e-07,1.6467203055618676e-06,0.00045966192500204793,5.1551437251698975e-05,0.9971851905582672,0.0028086576685906763,6.151773142164785e-06,0.002814809441732841,45,45,1.7127245486040484e-41,0.00045966192500204793
4500,4501,22.505,32,5.670542445839964e-39,166,0.0005150230230503463,0.0005150230230503463,0.0,3,0.00045966192500204793,7.132488230456057e-07,1.6467203055618676e-06,0.00045966192500204793,5.1551437251698975e-05,0.9971851905582672,0.0028086576685906763,6.151773142164785e-06,0.002814809441732841,45,45,1.7127245486040484e-41,0.00045966192500204793
4500,4501,22.505,33,4.526322952246832e-39,148,0.0005150230230503463,0.0005150230230503463,0.0,3,0.00045966192500204793,7.132488230456057e-07,1.6467203055618676e-06,0.00045966192500204793,5.1551437251698975e-05,0.9971851905582672,0.0028086576685906763,6.151773142164785e-06,0.002814809441732841,45,45,1.7127245486040484e-41,0.00045966192500204793
4500,4501,22.505,34,5.1406210901233106e-39,128,0.0005150230230503463,0.0005150230230503463,0.0,3,0.00045966192500204793,7.132488230456057e-07,1.6467203055618676e-06,0.00045966192500204793,5.1551437251698975e-05,0.9971851905582672,0.0028086576685906763,6.151773142164785e-06,0.002814809441732841,45,45,1.7127245486040484e-41,0.00045966192500204793
4500,4501,22.505,35,2.522509422366903e-39,104,0.0005150230230503463,0.0005150230230503463,0.0,3,0.00045966192500204793,7.132488230456057e-07,1.6467203055618676e-06,0.00045966192500204793,5.1551437251698975e-05,0.9971851905582672,0.0028086576685906763,6.151773142164785e-06,0.002814809441732841,45,45,1.7127245486040484e-41,0.00045966192500204793
4500,4501,22.505,36,2.4756856397949278e-39,88,0.0005150230230503463,0.0005150230230503463,0.0,3,0.00045966192500204793,7.132488230456057e-07,1.6467203055618676e-06,0.00045966192500204793,5.1551437251698975e-05,0.9971851905582672,0.0028086576685906763,6.151773142164785e-06,0.002814809441732841,45,45,1.7127245486040484e-41,0.00045966192500204793
4500,4501,22.505,37,2.6973306300952213e-39,76,0.0005150230230503463,0.0005150230230503463,0.0,3,0.00045966192500204793,7.132488230456057e-07,1.6467203055618676e-06,0.00045966192500204793,5.1551437251698975e-05,0.9971851905582672,0.0028086576685906763,6.151773142164785e-06,0.002814809441732841,45,45,1.7127245486040484e-41,0.00045966192500204793
4500,4501,22.505,38,1.4673735439158848e-39,68,0.0005150230230503463,0.0005150230230503463,0.0,3,0.00045966192500204793,7.132488230456057e-07,1.6467203055618676e-06,0.00045966192500204793,5.1551437251698975e-05,0.9971851905582672,0.0028086576685906763,6.151773142164785e-06,0.002814809441732841,45,45,1.7127245486040484e-41,0.00045966192500204793
4500,4501,22.505,39,1.301031189295239e-39,48,0.0005150230230503463,0.0005150230230503463,0.0,3,0.00045966192500204793,7.132488230456057e-07,1.6467203055618676e-06,0.00045966192500204793,5.1551437251698975e-05,0.9971851905582672,0.0028086576685906763,6.151773142164785e-06,0.002814809441732841,45,45,1.7127245486040484e-41,0.00045966192500204793
4500,4501,22.505,40,2.1592827967949956e-39,56,0.0005150230230503463,0.0005150230230503463,0.0,3,0.00045966192500204793,7.132488230456057e-07,1.6467203055618676e-06,0.00045966192500204793,5.1551437251698975e-05,0.9971851905582672,0.0028086576685906763,6.151773142164785e-06,0.002814809441732841,45,45,1.7127245486040484e-41,0.00045966192500204793
4500,4501,22.505,41,5.951566491296134e-40,28,0.0005150230230503463,0.0005150230230503463,0.0,3,0.00045966192500204793,7.132488230456057e-07,1.6467203055618676e-06,0.00045966192500204793,5.1551437251698975e-05,0.9971851905582672,0.0028086576685906763,6.151773142164785e-06,0.002814809441732841,45,45,1.7127245486040484e-41,0.00045966192500204793
4500,4501,22.505,42,8.262609282728227e-40,32,0.0005150230230503463,0.0005150230230503463,0.0,3,0.00045966192500204793,7.132488230456057e-07,1.6467203055618676e-06,0.00045966192500204793,5.1551437251698975e-05,0.9971851905582672,0.0028086576685906763,6.151773142164785e-06,0.002814809441732841,45,45,1.7127245486040484e-41,0.00045966192500204793
4500,4501,22.505,43,5.046024897533373e-40,16,0.0005150230230503463,0.0005150230230503463,0.0,3,0.00045966192500204793,7.132488230456057e-07,1.6467203055618676e-06,0.00045966192500204793,5.1551437251698975e-05,0.9971851905582672,0.0028086576685906763,6.151773142164785e-06,0.002814809441732841,45,45,1.7127245486040484e-41,0.00045966192500204793
4500,4501,22.505,44,8.378445911383896e-41,8,0.0005150230230503463,0.0005150230230503463,0.0,3,0.00045966192500204793,7.132488230456057e-07,1.6467203055618676e-06,0.00045966192500204793,5.1551437251698975e-05,0.9971851905582672,0.0028086576685906763,6.151773142164785e-06,0.002814809441732841,45,45,1.7127245486040484e-41,0.00045966192500204793
4500,4501,22.505,45,1.7127245486040484e-41,5,0.0005150230230503463,0.0005150230230503463,0.0,3,0.00045966192500204793,7.132488230456057e-07,1.6467203055618676e-06,0.00045966192500204793,5.1551437251698975e-05,0.9971851905582672,0.0028086576685906763,6.151773142164785e-06,0.002814809441732841,45,45,1.7127245486040484e-41,0.00045966192500204793
5000,5001,25.005,1,1.3447013039274553e-06,8,0.0006204159463443184,0.0006204159463443183,1.7475407891656513e-16,3,0.0005548687013544858,1.3447013039274553e-06,2.7719248735238073e-06,0.0005548687013544858,5.908426834159975e-05,0.996218100961771,0.0037678429037363644,1.4056134492453311e-05,0.0037818990382288173,45,45,4.401584917788861e-41,0.0005548687013544858
5000,5001,25.005,2,2.7719248735238073e-06,12,0.0006204159463443184,0.0006204159463443183,1.7475407891656513e-16,3,0.0005548687013544858,1.3447013039274553e-06,2.7719248735238073e-06,0.0005548687013544858,5.908426834159975e-05,0.996218100961771,0.0037678429037363644,1.4056134492453311e-05,0.0037818990382288173,45,45,4.401584917788861e-41,0.0005548687013544858
5000,5001,25.005,3,0.0005548687013544858,16,0.0006204159463443184,0.0006204159463443183,1.7475407891656513e-16,3,0.0005548687013544858,1.3447013039274553e-06,2.7719248735238073e-06,0.0005548687013544858,5.908426834159975e-05,0.996218100961771,0.0037678429037363644,1.4056134492453311e-05,0.0037818990382288173,45,45,4.401584917788861e-41,0.0005548687013544858
5000,5001,25.005,4,5.908426834159975e-05,32,0.0006204159463443184,0.0006204159463443183,1.7475407891656513e-16,3,0.0005548687013544858,1.3447013039274553e-06,2.7719248735238073e-06,0.0005548687013544858,5.908426834159975e-05,0.996218100961771,0.0037678429037363644,1.4056134492453311e-05,0.0037818990382288173,45,45,4.401584917788861e-41,0.0005548687013544858
5000,5001,25.005,5,7.946570251442767e-07,28,0.0006204159463443184,0.0006204159463443183,1.7475407891656513e-16,3,0.0005548687013544858,1.3447013039274553e-06,2.7719248735238073e-06,0.0005548687013544858,5.908426834159975e-05,0.996218100961771,0.0037678429037363644,1.4056134492453311e-05,0.0037818990382288173,45,45,4.401584917788861e-41,0.0005548687013544858
5000,5001,25.005,6,1.2666676957379373e-06,40,0.0006204159463443184,0.0006204159463443183,1.7475407891656513e-16,3,0.0005548687013544858,1.3447013039274553e-06,2.7719248735238073e-06,0.0005548687013544858,5.908426834159975e-05,0.996218100961771,0.0037678429037363644,1.4056134492453311e-05,0.0037818990382288173,45,45,4.401584917788861e-41,0.0005548687013544858
5000,5001,25.005,7,1.8389008401283173e-07,40,0.0006204159463443184,0.0006204159463443183,1.7475407891656513e-16,3,0.0005548687013544858,1.3447013039274553e-06,2.7719248735238073e-06,0.0005548687013544858,5.908426834159975e-05,0.996218100961771,0.0037678429037363644,1.4056134492453311e-05,0.0037818990382288173,45,45,4.401584917788861e-41,0.0005548687013544858
5000,5001,25.005,8,7.911840322355085e-08,48,0.0006204159463443184,0.0006204159463443183,1.7475407891656513e-16,3,0.0005548687013544858,1.3447013039274553e-06,2.7719248735238073e-06,0.0005548687013544858,5.908426834159975e-05,0.996218100961771,0.0037678429037363644,1.4056134492453311e-05,0.0037818990382288173,45,45,4.401584917788861e-41,0.0005548687013544858
5000,5001,25.005,9,1.3296612679723766e-08,68,0.0006204159463443184,0.0006204159463443183,1.7475407891656513e-16,3,0.0005548687013544858,1.3447013039274553e-06,2.7719248735238073e-06,0.0005548687013544858,5.908426834159975e-05,0.996218100961771,0.0037678429037363644,1.4056134492453311e-05,0.0037818990382288173,45,45,4.401584917788861e-41,0.0005548687013544858
5000,5001,25.005,10,6.15157624349543e-09,56,0.0006204159463443184,0.0006204159463443183,1.7475407891656513e-16,3,0.0005548687013544858,1.3447013039274553e-06,2.7719248735238073e-06,0.0005548687013544858,5.908426834159975e-05,0.996218100961771,0.0037678429037363644,1.4056134492453311e-05,0.0037818990382288173,45,45,4.401584917788861e-41,0.0005548687013544858
5000,5001,25.005,11,1.680503842141729e-09,72,0.0006204159463443184,0.0006204159463443183,1.7475407891656513e-16,3,0.0005548687013544858,1.3447013039274553e-06,2.7719248735238073e-06,0.0005548687013544858,5.908426834159975e-05,0.996218100961771,0.0037678429037363644,1.4056134492453311e-05,0.0037818990382288173,45,45,4.401584917788861e-41,0.0005548687013544858
5000,5001,25.005,12,6.209555961512523e-10,68,0.0006204159463443184,0.0006204159463443183,1.7475407891656513e-16,3,0.0005548687013544858,1.3447013039274553e-06,2.7719248735238073e-06,0.0005548687013544858,5.908426834159975e-05,0.996218100961771,0.0037678429037363644,1.4056134492453311e-05,0.0037818990382288173,45,45,4.401584917788861e-41,0.0005548687013544858
5000,5001,25.005,13,1.7576725247773224e-10,88,0.0006204159463443184,0.0006204159463443183,1.7475407891656513e-16,3,0.0005548687013544858,1.3447013039274553e-06,2.7719248735238073e-06,0.0005548687013544858,5.908426834159975e-05,0.996218100961771,0.0037678429037363644,1.4056134492453311e-05,0.0037818990382288173,45,45,4.401584917788861e-41,0.0005548687013544858
5000,5001,25.005,14,6.222441032923068e-11,88,0.0006204159463443184,0.0006204159463443183,1.7475407891656513e-16,3,0.0005548687013544858,1.3447013039274553e-06,2.7719248735238073e-06,0.0005548687013544858,5.908426834159975e-05,0.996218100961771,0.0037678429037363644,1.4056134492453311e-05,0.0037818990382288173,45,45,4.401584917788861e-41,0.0005548687013544858
5000,5001,25.005,15,1.830948614540487e-11,84,0.0006204159463443184,0.0006204159463443183,1.7475407891656513e-16,3,0.0005548687013544858,1.3447013039274553e-06,2.7719248735238073e-06,0.0005548687013544858,5.908426834159975e-05,0.996218100961771,0.0037678429037363644,1.4056134492453311e-05,0.0037818990382288173,45,45,4.401584917788861e-41,0.0005548687013544858
5000,5001,25.005,16,8.164796786441665e-12,112,0.0006204159463443184,0.0006204159463443183,1.7475407891656513e-16,3,0.0005548687013544858,1.3447013039274553e-06,2.7719248735238073e-06,0.0005548687013544858,5.908426834159975e-05,0.996218100961771,0.0037678429037363644,1.4056134492453311e-05,0.0037818990382288173,45,45,4.401584917788861e-41,0.0005548687013544858
5000,5001,25.005,17,2.2779491331860696e-12,112,0.0006204159463443184,0.0006204159463443183,1.7475407891656513e-16,3,0.0005548687013544858,1.3447013039274553e-06,2.7719248735238073e-06,0.0005548687013544858,5.908426834159975e-05,0.996218100961771,0.0037678429037363644,1.4056134492453311e-05,0.0037818990382288173,45,45,4.401584917788861e-41,0.0005548687013544858
5000,5001,25.005,18,6.213012575925191e-13,112,0.0006204159463443184,0.0006204159463443183,1.7475407891656513e-16,3,0.0005548687013544858,1.3447013039274553e-06,2.7719248735238073e-06,0.0005548687013544858,5.908426834159975e-05,0.996218100961771,0.0037678429037363644,1.4056134492453311e-05,0.0037818990382288173,45,45,4.401584917788861e-41,0.0005548687013544858
5000,5001,25.005,19,1.743163685585087e-13,116,0.0006204159463443184,0.0006204159463443183,1.7475407891656513e-16,3,0.0005548687013544858,1.3447013039274553e-06,2.7719248735238073e-06,0.0005548687013544858,5.908426834159975e-05,0.996218100961771,0.0037678429037363644,1.4056134492453311e-05,0.0037818990382288173,45,45,4.401584917788861e-41,0.0005548687013544858
5000,5001,25.005,20,5.453298191905849e-14,112,0.0006204159463443184,0.0006204159463443183,1.7475407891656513e-16,3,0.0005548687013544858,1.3447013039274553e-06,2.7719248735238073e-06,0.0005548687013544858,5.908426834159975e-05,0.996218100961771,0.0037678429037363644,1.4056134492453311e-05,0.0037818990382288173,45,45,4.401584917788861e-41,0.0005548687013544858
5000,5001,25.005,21,1.699359548903028e-14,144,0.0006204159463443184,0.0006204159463443183,1.7475407891656513e-16,3,0.0005548687013544858,1.3447013039274553e-06,2.7719248735238073e-06,0.0005548687013544858,5.908426834159975e-05,0.996218100961771,0.0037678429037363644,1.4056134492453311e-05,0.0037818990382288173,45,45,4.401584917788861e-41,0.0005548687013544858
5000,5001,25.005,22,3.0374925208330252e-15,140,0.0006204159463443184,0.0006204159463443183,1.7475407891656513e-16,3,0.0005548687013544858,1.3447013039274553e-06,2.7719248735238073e-06,0.0005548687013544858,5.908426834159975e-05,0.996218100961771,0.0037678429037363644,1.4056134492453311e-05,0.0037818990382288173,45,45,4.401584917788861e-41,0.0005548687013544858
5000,5001,25.005,23,1.9561507969242852e-16,144,0.0006204159463443184,0.0006204159463443183,1.7475407891656513e-16,3,0.0005548687013544858,1.3447013039274553e-06,2.7719248735238073e-06,0.0005548687013544858,5.908426834159975e-05,0.996218100961771,0.0037678429037363644,1.4056134492453311e-05,0.0037818990382288173,45,45,4.401584917788861e-41,0.0005548687013544858
5000,5001,25.005,24,2.698601360748811e-17,144,0.0006204159463443184,0.0006204159463443183,1.7475407891656513e-16,3,0.0005548687013544858,1.3447013039274553e-06,2.7719248735238073e-06,0.0005548687013544858,5.908426834159975e-05,0.996218100961771,0.0037678429037363644,1.4056134492453311e-05,0.0037818990382288173,45,45,4.401584917788861e-41,0.0005548687013544858
5000,5001,25.005,25,1.928254474609781e-18,168,0.0006204159463443184,0.0006204159463443183,1.7475407891656513e-16,3,0.0005548687013544858,1.3447013039274553e-06,2.7719248735238073e-06,0.0005548687013544858,5.908426834159975e-05,0.996218100961771,0.0037678429037363644,1.4056134492453311e-05,0.0037818990382288173,45,45,4.401584917788861e-41,0.0005548687013544858
5000,5001,25.005,26,1.649163808687845e-19,164,0.0006204159463443184,0.0006204159463443183,1.7475407891656513e-16,3,0.0005548687013544858,1.3447013039274553e-06,2.7719248735238073e-06,0.0005548687013544858,5.908426834159975e-05,0.996218100961771,0.0037678429037363644,1.4056134492453311e-05,0.0037818990382288173,45,45,4.401584917788861e-41,0.0005548687013544858
5000,5001,25.005,27,2.315125907906585e-20,160,0.0006204159463443184,0.0006204159463443183,1.7475407891656513e-16,3,0.0005548687013544858,1.3447013039274553e-06,2.7719248735238073e-06,0.0005548687013544858,5.908426834159975e-05,0.996218100961771,0.0037678429037363644,1.4056134492453311e-05,0.0037818990382288173,45,45,4.401584917788861e-41,0.0005548687013544858
5000,5001,25.005,28,4.4637567516741704e-21,184,0.0006204159463443184,0.0006204159463443183,1.7475407891656513e-16,3,0.0005548687013544858,1.3447013039274553e-06,2.7719248735238073e-06,0.0005548687013544858,5.908426834159975e-05,0.996218100961771,0.0037678429037363644,1.4056134492453311e-05,0.0037818990382288173,45,45,4.401584917788861e-41,0.0005548687013544858
5000,5001,25.005,29,5.931161219336856e-23,172,0.0006204159463443184,0.0006204159463443183,1.7475407891656513e-16,3,0.0005548687013544858,1.3447013039274553e-06,2.7719248735238073e-06,0.0005548687013544858,5.908426834159975e-05,0.996218100961771,0.0037678429037363644,1.4056134492453311e-05,0.0037818990382288173,45,45,4.401584917788861e-41,0.0005548687013544858
5000,5001,25.005,30,8.870737953679652e-24,200,0.0006204159463443184,0.0006204159463443183,1.7475407891656513e-16,3,0.0005548687013544858,1.3447013039274553e-06,2.7719248735238073e-06,0.0005548687013544858,5.908426834159975e-05,0.996218100961771,0.0037678429037363644,1.4056134492453311e-05,0.0037818990382288173,45,45,4.401584917788861e-41,0.0005548687013544858
5000,5001,25.005,31,1.693046090910322e-38,192,0.0006204159463443184,0.0006204159463443183,1.7475407891656513e-16,3,0.0005548687013544858,1.3447013039274553e-06,2.7719248735238073e-06,0.0005548687013544858,5.908426834159975e-05,0.996218100961771,0.0037678429037363644,1.4056134492453311e-05,0.0037818990382288173,45,45,4.401584917788861e-41,0.0005548687013544858
5000,5001,25.005,32,8.542964981934155e-39,166,0.0006204159463443184,0.0006204159463443183,1.7475407891656513e-16,3,0.0005548687013544858,1.3447013039274553e-06,2.7719248735238073e-06,0.0005548687013544858,5.908426834159975e-05,0.996218100961771,0.0037678429037363644,1.4056134492453311e-05,0.0037818990382288173,45,45,4.401584917788861e-41,0.0005548687013544858
5000,5001,25.005,33,5.242826590888303e-39,148,0.0006204159463443184,0.0006204159463443183,1.7475407891656513e-16,3,0.0005548687013544858,1.3447013039274553e-06,2.7719248735238073e-06,0.0005548687013544858,5.908426834159975e-05,0.996218100961771,0.0037678429037363644,1.4056134492453311e-05,0.0037818990382288173,45,45,4.401584917788861e-41,0.0005548687013544858
5000,5001,25.005,34,5.2379992605598844e-39,128,0.0006204159463443184,0.0006204159463443183,1.7475407891656513e-16,3,0.0005548687013544858,1.3447013039274553e-06,2.7719248735238073e-06,0.0005548687013544858,5.908426834159975e-05,0.996218100961771,0.0037678429037363644,1.4056134492453311e-05,0.0037818990382288173,45,45,4.401584917788861e-41,0.0005548687013544858
5000,5001,25.005,35,2.618947085492015e-39,104,0.0006204159463443184,0.0006204159463443183,1.7475407891656513e-16,3,0.0005548687013544858,1.3447013039274553e-06,2.7719248735238073e-06,0.0005548687013544858,5.908426834159975e-05,0.996218100961771,0.0037678429037363644,1.4056134492453311e-05,0.0037818990382288173,45,45,4.401584917788861e-41,0.0005548687013544858
5000,5001,25.005,36,3.052537121574752e-39,88,0.0006204159463443184,0.0006204159463443183,1.7475407891656513e-16,3,0.0005548687013544858,1.3447013039274553e-06,2.7719248735238073e-06,0.0005548687013544858,5.908426834159975e-05,0.996218100961771,0.0037678429037363644,1.4056134492453311e-05,0.0037818990382288173,45,45,4.401584917788861e-41,0.0005548687013544858
5000,5001,25.005,37,3.460171010191904e-39,76,0.0006204159463443184,0.0006204159463443183,1.7475407891656513e-16,3,0.0005548687013544858,1.3447013039274553e-06,2.7719248735238073e-06,0.0005548687013544858,5.908426834159975e-05,0.996218100961771,0.0037678429037363644,1.4056134492453311e-05,0.0037818990382288173,45,45,4.401584917788861e-41,0.0005548687013544858
5000,5001,25.005,38,1.7454531909174362e-39,68,0.0006204159463443184,0.0006204159463443183,1.7475407891656513e-16,3,0.0005548687013544858,1.3447013039274553e-06,2.7719248735238073e-06,0.0005548687013544858,5.908426834159975e-05,0.996218100961771,0.0037678429037363644,1.4056134492453311e-05,0.0037818990382288173,45,45,4.401584917788861e-41,0.0005548687013544858
5000,5001,25.005,39,1.5587264348479844e-39,48,0.0006204159463443184,0.0006204159463443183,1.7475407891656513e-16,3,0.0005548687013544858,1.3447013039274553e-06,2.7719248735238073e-06,0.0005548687013544858,5.908426834159975e-05,0.996218100961771,0.0037678429037363644,1.4056134492453311e-05,0.0037818990382288173,45,45,4.401584917788861e-41,0.0005548687013544858
5000,5001,25.005,40,2.200185062962363e-39,56,0.0006204159463443184,0.0006204159463443183,1.7475407891656513e-16,3,0.0005548687013544858,1.3447013039274553e-06,2.7719248735238073e-06,0.0005548687013544858,5.908426834159975e-05,0.996218100961771,0.0037678429037363644,1.4056134492453311e-05,0.0037818990382288173,45,45,4.401584917788861e-41,0.0005548687013544858
5000,5001,25.005,41,9.154675960874459e-40,28,0.0006204159463443184,0.0006204159463443183,1.7475407891656513e-16,3,0.0005548687013544858,1.3447013039274553e-06,2.7719248735238073e-06,0.0005548687013544858,5.908426834159975e-05,0.996218100961771,0.0037678429037363644,1.4056134492453311e-05,0.0037818990382288173,45,45,4.401584917788861e-41,0.0005548687013544858
5000,5001,25.005,42,9.55353353124134e-40,32,0.0006204159463443184,0.0006204159463443183,1.7475407891656513e-16,3,0.0005548687013544858,1.3447013039274553e-06,2.7719248735238073e-06,0.0005548687013544858,5.908426834159975e-05,0.996218100961771,0.0037678429037363644,1.4056134492453311e-05,0.0037818990382288173,45,45,4.401584917788861e-41,0.0005548687013544858
5000,5001,25.005,43,2.4520957848553372e-40,16,0.0006204159463443184,0.0006204159463443183,1.7475407891656513e-16,3,0.0005548687013544858,1.3447013039274553e-06,2.7719248735238073e-06,0.0005548687013544858,5.908426834159975e-05,0.996218100961771,0.0037678429037363644,1.4056134492453311e-05,0.0037818990382288173,45,45,4.401584917788861e-41,0.0005548687013544858
5000,5001,25.005,44,2.9405631135092287e-40,8,0.0006204159463443184,0.0006204159463443183,1.7475407891656513e-16,3,0.0005548687013544858,1.3447013039274553e-06,2.7719248735238073e-06,0.0005548687013544858,5.908426834159975e-05,0.996218100961771,0.0037678429037363644,1.4056134492453311e-05,0.0037818990382288173,45,45,4.401584917788861e-41,0.0005548687013544858
5000,5001,25.005,45,4.401584917788861e-41,5,0.0006204159463443184,0.0006204159463443183,1.7475407891656513e-16,3,0.0005548687013544858,1.3447013039274553e-06,2.7719248735238073e-06,0.0005548687013544858,5.908426834159975e-05,0.996218100961771,0.0037678429037363644,1.4056134492453311e-05,0.0037818990382288173,45,45,4.401584917788861e-41,0.0005548687013544858
5500,5501,27.505,1,2.3942858754449115e-06,8,0.0007323377175445892,0.0007323377175445891,1.4804674762903928e-16,3,0.0006560618015195831,2.3942858754449115e-06,4.3328743794239315e-06,0.0006560618015195831,6.601775631928685e-05,0.9951784547398581,0.004794162878005087,2.738238213680056e-05,0.004821545260141887,45,45,1.3934114543159747e-40,0.0006560618015195831
5500,5501,27.505,2,4.3328743794239315e-06,12,0.0007323377175445892,0.0007323377175445891,1.4804674762903928e-16,3,0.0006560618015195831,2.3942858754449115e-06,4.3328743794239315e-06,0.0006560618015195831,6.601775631928685e-05,0.9951784547398581,0.004794162878005087,2.738238213680056e-05,0.004821545260141887,45,45,1.3934114543159747e-40,0.0006560618015195831
5500,5501,27.505,3,0.0006560618015195831,16,0.0007323377175445892,0.0007323377175445891,1.4804674762903928e-16,3,0.0006560618015195831,2.3942858754449115e-06,4.3328743794239315e-06,0.0006560618015195831,6.601775631928685e-05,0.9951784547398581,0.004794162878005087,2.738238213680056e-05,0.004821545260141887,45,45,1.3934114543159747e-40,0.0006560618015195831
5500,5501,27.505,4,6.601775631928685e-05,32,0.0007323377175445892,0.0007323377175445891,1.4804674762903928e-16,3,0.0006560618015195831,2.3942858754449115e-06,4.3328743794239315e-06,0.0006560618015195831,6.601775631928685e-05,0.9951784547398581,0.004794162878005087,2.738238213680056e-05,0.004821545260141887,45,45,1.3934114543159747e-40,0.0006560618015195831
5500,5501,27.505,5,1.263082936234786e-06,28,0.0007323377175445892,0.0007323377175445891,1.4804674762903928e-16,3,0.0006560618015195831,2.3942858754449115e-06,4.3328743794239315e-06,0.0006560618015195831,6.601775631928685e-05,0.9951784547398581,0.004794162878005087,2.738238213680056e-05,0.004821545260141887,45,45,1.3934114543159747e-40,0.0006560618015195831
5500,5501,27.505,6,1.8306839058224318e-06,40,0.0007323377175445892,0.0007323377175445891,1.4804674762903928e-16,3,0.0006560618015195831,2.3942858754449115e-06,4.3328743794239315e-06,0.0006560618015195831,6.601775631928685e-05,0.9951784547398581,0.004794162878005087,2.738238213680056e-05,0.004821545260141887,45,45,1.3934114543159747e-40,0.0006560618015195831
5500,5501,27.505,7,2.5543559756009565e-07,40,0.0007323377175445892,0.0007323377175445891,1.4804674762903928e-16,3,0.0006560618015195831,2.3942858754449115e-06,4.3328743794239315e-06,0.0006560618015195831,6.601775631928685e-05,0.9951784547398581,0.004794162878005087,2.738238213680056e-05,0.004821545260141887,45,45,1.3934114543159747e-40,0.0006560618015195831
5500,5501,27.505,8,1.369890566649823e-07,48,0.0007323377175445892,0.0007323377175445891,1.4804674762903928e-16,3,0.0006560618015195831,2.3942858754449115e-06,4.3328743794239315e-06,0.0006560618015195831,6.601775631928685e-05,0.9951784547398581,0.004794162878005087,2.738238213680056e-05,0.004821545260141887,45,45,1.3934114543159747e-40,0.0006560618015195831
5500,5501,27.505,9,2.4754803332947703e-08,68,0.0007323377175445892,0.0007323377175445891,1.4804674762903928e-16,3,0.0006560618015195831,2.3942858754449115e-06,4.3328743794239315e-06,0.0006560618015195831,6.601775631928685e-05,0.9951784547398581,0.004794162878005087,2.738238213680056e-05,0.004821545260141887,45,45,1.3934114543159747e-40,0.0006560618015195831
5500,5501,27.505,10,1.3741709054114665e-08,56,0.0007323377175445892,0.0007323377175445891,1.4804674762903928e-16,3,0.0006560618015195831,2.3942858754449115e-06,4.3328743794239315e-06,0.0006560618015195831,6.601775631928685e-05,0.9951784547398581,0.004794162878005087,2.738238213680056e-05,0.004821545260141887,45,45,1.3934114543159747e-40,0.0006560618015195831
5500,5501,27.505,11,3.743822451169113e-09,72,0.0007323377175445892,0.0007323377175445891,1.4804674762903928e-16,3,0.0006560618015195831,2.3942858754449115e-06,4.3328743794239315e-06,0.0006560618015195831,6.601775631928685e-05,0.9951784547398581,0.004794162878005087,2.738238213680056e-05,0.004821545260141887,45,45,1.3934114543159747e-40,0.0006560618015195831
5500,5501,27.505,12,1.744367950389803e-09,68,0.0007323377175445892,0.0007323377175445891,1.4804674762903928e-16,3,0.0006560618015195831,2.3942858754449115e-06,4.3328743794239315e-06,0.0006560618015195831,6.601775631928685e-05,0.9951784547398581,0.004794162878005087,2.738238213680056e-05,0.004821545260141887,45,45,1.3934114543159747e-40,0.0006560618015195831
5500,5501,27.505,13,4.969718578276796e-10,88,0.0007323377175445892,0.0007323377175445891,1.4804674762903928e-16,3,0.0006560618015195831,2.3942858754449115e-06,4.3328743794239315e-06,0.0006560618015195831,6.601775631928685e-05,0.9951784547398581,0.004794162878005087,2.738238213680056e-05,0.004821545260141887,45,45,1.3934114543159747e-40,0.0006560618015195831
5500,5501,27.505,14,2.1234922692424323e-10,88,0.0007323377175445892,0.0007323377175445891,1.4804674762903928e-16,3,0.0006560618015195831,2.3942858754449115e-06,4.3328743794239315e-06,0.0006560618015195831,6.601775631928685e-05,0.9951784547398581,0.004794162878005087,2.738238213680056e-05,0.004821545260141887,45,45,1.3934114543159747e-40,0.0006560618015195831
5500,5501,27.505,15,6.59019588456029e-11,84,0.0007323377175445892,0.0007323377175445891,1.4804674762903928e-16,3,0.0006560618015195831,2.3942858754449115e-06,4.3328743794239315e-06,0.0006560618015195831,6.601775631928685e-05,0.9951784547398581,0.004794162878005087,2.738238213680056e-05,0.004821545260141887,45,45,1.3934114543159747e-40,0.0006560618015195831
5500,5501,27.505,16,3.292617682173356e-11,112,0.0007323377175445892,0.0007323377175445891,1.4804674762903928e-16,3,0.0006560618015195831,2.3942858754449115e-06,4.3328743794239315e-06,0.0006560618015195831,6.601775631928685e-05,0.9951784547398581,0.004794162878005087,2.738238213680056e-05,0.004821545260141887,45,45,1.3934114543159747e-40,0.0006560618015195831
5500,5501,27.505,17,1.0444080291076022e-11,112,0.0007323377175445892,0.0007323377175445891,1.4804674762903928e-16,3,0.0006560618015195831,2.3942858754449115e-06,4.3328743794239315e-06,0.0006560618015195831,6.601775631928685e-05,0.9951784547398581,0.004794162878005087,2.738238213680056e-05,0.004821545260141887,45,45,1.3934114543159747e-40,0.0006560618015195831
5500,5501,27.505,18,3.139518948543748e-12,112,0.0007323377175445892,0.0007323377175445891,1.4804674762903928e-16,3,0.0006560618015195831,2.3942858754449115e-06,4.3328743794239315e-06,0.0006560618015195831,6.601775631928685e-05,0.9951784547398581,0.004794162878005087,2.738238213680056e-05,0.004821545260141887,45,45,1.3934114543159747e-40,0.0006560618015195831
5500,5501,27.505,19,1.0204883633580998e-12,116,0.0007323377175445892,0.0007323377175445891,1.4804674762903928e-16,3,0.0006560618015195831,2.3942858754449115e-06,4.3328743794239315e-06,0.0006560618015195831,6.601775631928685e-05,0.9951784547398581,0.004794162878005087,2.738238213680056e-05,0.004821545260141887,45,45,1.3934114543159747e-40,0.0006560618015195831
5500,5501,27.505,20,3.4905485396266854e-13,112,0.0007323377175445892,0.0007323377175445891,1.4804674762903928e-16,3,0.0006560618015195831,2.3942858754449115e-06,4.3328743794239315e-06,0.0006560618015195831,6.601775631928685e-05,0.9951784547398581,0.004794162878005087,2.738238213680056e-05,0.004821545260141887,45,45,1.3934114543159747e-40,0.0006560618015195831
5500,5501,27.505,21,1.239218524932063e-13,144,0.0007323377175445892,0.0007323377175445891,1.4804674762903928e-16,3,0.0006560618015195831,2.3942858754449115e-06,4.3328743794239315e-06,0.0006560618015195831,6.601775631928685e-05,0.9951784547398581,0.004794162878005087,2.738238213680056e-05,0.004821545260141887,45,45,1.3934114543159747e-40,0.0006560618015195831
5500,5501,27.505,22,2.38331180499616e-14,140,0.0007323377175445892,0.0007323377175445891,1.4804674762903928e-16,3,0.0006560618015195831,2.3942858754449115e-06,4.3328743794239315e-06,0.0006560618015195831,6.601775631928685e-05,0.9951784547398581,0.004794162878005087,2.738238213680056e-05,0.004821545260141887,45,45,1.3934114543159747e-40,0.0006560618015195831
5500,5501,27.505,23,1.443015481411045e-15,144,0.0007323377175445892,0.0007323377175445891,1.4804674762903928e-16,3,0.0006560618015195831,2.3942858754449115e-06,4.3328743794239315e-06,0.0006560618015195831,6.601775631928685e-05,0.9951784547398581,0.004794162878005087,2.738238213680056e-05,0.004821545260141887,45,45,1.3934114543159747e-40,0.0006560618015195831
5500,5501,27.505,24,2.00462319180838e-16,144,0.0007323377175445892,0.0007323377175445891,1.4804674762903928e-16,3,0.0006560618015195831,2.3942858754449115e-06,4.3328743794239315e-06,0.0006560618015195831,6.601775631928685e-05,0.9951784547398581,0.004794162878005087,2.738238213680056e-05,0.004821545260141887,45,45,1.3934114543159747e-40,0.0006560618015195831
5500,5501,27.505,25,1.6469343111265036e-17,168,0.0007323377175445892,0.0007323377175445891,1.4804674762903928e-16,3,0.0006560618015195831,2.3942858754449115e-06,4.3328743794239315e-06,0.0006560618015195831,6.601775631928685e-05,0.9951784547398581,0.004794162878005087,2.738238213680056e-05,0.004821545260141887,45,45,1.3934114543159747e-40,0.0006560618015195831
5500,5501,27.505,26,1.3380825116500135e-18,164,0.0007323377175445892,0.0007323377175445891,1.4804674762903928e-16,3,0.0006560618015195831,2.3942858754449115e-06,4.3328743794239315e-06,0.0006560618015195831,6.601775631928685e-05,0.9951784547398581,0.004794162878005087,2.738238213680056e-05,0.004821545260141887,45,45,1.3934114543159747e-40,0.0006560618015195831
5500,5501,27.505,27,1.572492642769244e-19,160,0.0007323377175445892,0.0007323377175445891,1.4804674762903928e-16,3,0.0006560618015195831,2.3942858754449115e-06,4.3328743794239315e-06,0.0006560618015195831,6.601775631928685e-05,0.9951784547398581,0.004794162878005087,2.738238213680056e-05,0.004821545260141887,45,45,1.3934114543159747e-40,0.0006560618015195831
5500,5501,27.505,28,3.4756881471816955e-20,184,0.0007323377175445892,0.0007323377175445891,1.4804674762903928e-16,3,0.0006560618015195831,2.3942858754449115e-06,4.3328743794239315e-06,0.0006560618015195831,6.601775631928685e-05,0.9951784547398581,0.004794162878005087,2.738238213680056e-05,0.004821545260141887,45,45,1.3934114543159747e-40,0.0006560618015195831
5500,5501,27.505,29,6.487736163144047e-22,172,0.0007323377175445892,0.0007323377175445891,1.4804674762903928e-16,3,0.0006560618015195831,2.3942858754449115e-06,4.3328743794239315e-06,0.0006560618015195831,6.601775631928685e-05,0.9951784547398581,0.004794162878005087,2.738238213680056e-05,0.004821545260141887,45,45,1.3934114543159747e-40,0.0006560618015195831
5500,5501,27.505,30,4.5474567396205e-23,200,0.0007323377175445892,0.0007323377175445891,1.4804674762903928e-16,3,0.0006560618015195831,2.3942858754449115e-06,4.3328743794239315e-06,0.0006560618015195831,6.601775631928685e-05,0.9951784547398581,0.004794162878005087,2.738238213680056e-05,0.004821545260141887,45,45,1.3934114543159747e-40,0.0006560618015195831
5500,5501,27.505,31,2.849156320589544e-38,192,0.0007323377175445892,0.0007323377175445891,1.4804674762903928e-16,3,0.0006560618015195831,2.3942858754449115e-06,4.3328743794239315e-06,0.0006560618015195831,6.601775631928685e-05,0.9951784547398581,0.004794162878005087,2.738238213680056e-05,0.004821545260141887,45,45,1.3934114543159747e-40,0.0006560618015195831
5500,5501,27.505,32,9.377656828132391e-39,166,0.0007323377175445892,0.0007323377175445891,1.4804674762903928e-16,3,0.0006560618015195831,2.3942858754449115e-06,4.3328743794239315e-06,0.0006560618015195831,6.601775631928685e-05,0.9951784547398581,0.004794162878005087,2.738238213680056e-05,0.004821545260141887,45,45,1.3934114543159747e-40,0.0006560618015195831
5500,5501,27.505,33,5.721726531946531e-39,148,0.0007323377175445892,0.0007323377175445891,1.4804674762903928e-16,3,0.0006560618015195831,2.3942858754449115e-06,4.3328743794239315e-06,0.0006560618015195831,6.601775631928685e-05,0.9951784547398581,0.004794162878005087,2.738238213680056e-05,0.004821545260141887,45,45,1.3934114543159747e-40,0.0006560618015195831
5500,5501,27.505,34,5.158428929494049e-39,128,0.0007323377175445892,0.0007323377175445891,1.4804674762903928e-16,3,0.0006560618015195831,2.3942858754449115e-06,4.3328743794239315e-06,0.0006560618015195831,6.601775631928685e-05,0.9951784547398581,0.004794162878005087,2.738238213680056e-05,0.004821545260141887,45,45,1.3934114543159747e-40,0.0006560618015195831
5500,5501,27.505,35,4.323026088040072e-39,104,0.0007323377175445892,0.0007323377175445891,1.4804674762903928e-16,3,0.0006560618015195831,2.3942858754449115e-06,4.3328743794239315e-06,0.0006560618015195831,6.601775631928685e-05,0.9951784547398581,0.004794162878005087,2.738238213680056e-05,0.004821545260141887,45,45,1.3934114543159747e-40,0.0006560618015195831
5500,5501,27.505,36,4.072605050620854e-39,88,0.0007323377175445892,0.0007323377175445891,1.4804674762903928e-16,3,0.0006560618015195831,2.3942858754449115e-06,4.3328743794239315e-06,0.0006560618015195831,6.601775631928685e-05,0.9951784547398581,0.004794162878005087,2.738238213680056e-05,0.004821545260141887,45,45,1.3934114543159747e-40,0.0006560618015195831
5500,5501,27.505,37,3.1800003396547073e-39,76,0.0007323377175445892,0.0007323377175445891,1.4804674762903928e-16,3,0.0006560618015195831,2.3942858754449115e-06,4.3328743794239315e-06,0.0006560618015195831,6.601775631928685e-05,0.9951784547398581,0.004794162878005087,2.738238213680056e-05,0.004821545260141887,45,45,1.3934114543159747e-40,0.0006560618015195831
5500,5501,27.505,38,2.5818573055931455e-39,68,0.0007323377175445892,0.0007323377175445891,1.4804674762903928e-16,3,0.0006560618015195831,2.3942858754449115e-06,4.3328743794239315e-06,0.0006560618015195831,6.601775631928685e-05,0.9951784547398581,0.004794162878005087,2.738238213680056e-05,0.004821545260141887,45,45,1.3934114543159747e-40,0.0006560618015195831
5500,5501,27.505,39,2.3066275193058676e-39,48,0.0007323377175445892,0.0007323377175445891,1.4804674762903928e-16,3,0.0006560618015195831,2.3942858754449115e-06,4.3328743794239315e-06,0.0006560618015195831,6.601775631928685e-05,0.9951784547398581,0.004794162878005087,2.738238213680056e-05,0.004821545260141887,45,45,1.3934114543159747e-40,0.0006560618015195831
5500,5501,27.505,40,2.4563706786348174e-39,56,0.0007323377175445892,0.0007323377175445891,1.4804674762903928e-16,3,0.0006560618015195831,2.3942858754449115e-06,4.3328743794239315e-06,0.0006560618015195831,6.601775631928685e-05,0.9951784547398581,0.004794162878005087,2.738238213680056e-05,0.004821545260141887,45,45,1.3934114543159747e-40,0.0006560618015195831
5500,5501,27.505,41,1.1230027826515248e-39,28,0.0007323377175445892,0.0007323377175445891,1.4804674762903928e-16,3,0.0006560618015195831,2.3942858754449115e-06,4.3328743794239315e-06,0.0006560618015195831,6.601775631928685e-05,0.9951784547398581,0.004794162878005087,2.738238213680056e-05,0.004821545260141887,45,45,1.3934114543159747e-40,0.0006560618015195831
5500,5501,27.505,42,1.1433137801282902e-39,32,0.0007323377175445892,0.0007323377175445891,1.4804674762903928e-16,3,0.0006560618015195831,2.3942858754449115e-06,4.3328743794239315e-06,0.0006560618015195831,6.601775631928685e-05,0.9951784547398581,0.004794162878005087,2.738238213680056e-05,0.004821545260141887,45,45,1.3934114543159747e-40,0.0006560618015195831
5500,5501,27.505,43,8.055995749717128e-40,16,0.0007323377175445892,0.0007323377175445891,1.4804674762903928e-16,3,0.0006560618015195831,2.3942858754449115e-06,4.3328743794239315e-06,0.0006560618015195831,6.601775631928685e-05,0.9951784547398581,0.004794162878005087,2.738238213680056e-05,0.004821545260141887,45,45,1.3934114543159747e-40,0.0006560618015195831
5500,5501,27.505,44,1.7694570845746531e-40,8,0.0007323377175445892,0.0007323377175445891,1.4804674762903928e-16,3,0.0006560618015195831,2.3942858754449115e-06,4.3328743794239315e-06,0.0006560618015195831,6.601775631928685e-05,0.9951784547398581,0.004794162878005087,2.738238213680056e-05,0.004821545260141887,45,45,1.3934114543159747e-40,0.0006560618015195831
5500,5501,27.505,45,1.3934114543159747e-40,5,0.0007323377175445892,0.0007323377175445891,1.4804674762903928e-16,3,0.0006560618015195831,2.3942858754449115e-06,4.3328743794239315e-06,0.0006560618015195831,6.601775631928685e-05,0.9951784547398581,0.004794162878005087,2.738238213680056e-05,0.004821545260141887,45,45,1.3934114543159747e-40,0.0006560618015195831
6000,6001,30.005,1,4.064655458037808e-06,8,0.0008499933647372246,0.0008499933647372246,0.0,3,0.0007623460987612244,4.064655458037808e-06,6.345447734475499e-06,0.0007623460987612244,7.223929919804482e-05,0.9941201145882036,0.005833610846947454,4.627456484890816e-05,0.005879885411796362,45,45,5.356881632621771e-41,0.0007623460987612244
6000,6001,30.005,2,6.345447734475499e-06,12,0.0008499933647372246,0.0008499933647372246,0.0,3,0.0007623460987612244,4.064655458037808e-06,6.345447734475499e-06,0.0007623460987612244,7.223929919804482e-05,0.9941201145882036,0.005833610846947454,4.627456484890816e-05,0.005879885411796362,45,45,5.356881632621771e-41,0.0007623460987612244
6000,6001,30.005,3,0.0007623460987612244,16,0.0008499933647372246,0.0008499933647372246,0.0,3,0.0007623460987612244,4.064655458037808e-06,6.345447734475499e-06,0.0007623460987612244,7.223929919804482e-05,0.9941201145882036,0.005833610846947454,4.627456484890816e-05,0.005879885411796362,45,45,5.356881632621771e-41,0.0007623460987612244
6000,6001,30.005,4,7.223929919804482e-05,32,0.0008499933647372246,0.0008499933647372246,0.0,3,0.0007623460987612244,4.064655458037808e-06,6.345447734475499e-06,0.0007623460987612244,7.223929919804482e-05,0.9941201145882036,0.005833610846947454,4.627456484890816e-05,0.005879885411796362,45,45,5.356881632621771e-41,0.0007623460987612244
6000,6001,30.005,5,1.8878570466013352e-06,28,0.0008499933647372246,0.0008499933647372246,0.0,3,0.0007623460987612244,4.064655458037808e-06,6.345447734475499e-06,0.0007623460987612244,7.223929919804482e-05,0.9941201145882036,0.005833610846947454,4.627456484890816e-05,0.005879885411796362,45,45,5.356881632621771e-41,0.0007623460987612244
6000,6001,30.005,6,2.47975711951351e-06,40,0.0008499933647372246,0.0008499933647372246,0.0,3,0.0007623460987612244,4.064655458037808e-06,6.345447734475499e-06,0.0007623460987612244,7.223929919804482e-05,0.9941201145882036,0.005833610846947454,4.627456484890816e-05,0.005879885411796362,45,45,5.356881632621771e-41,0.0007623460987612244
6000,6001,30.005,7,3.3871589395653714e-07,40,0.0008499933647372246,0.0008499933647372246,0.0,3,0.0007623460987612244,4.064655458037808e-06,6.345447734475499e-06,0.0007623460987612244,7.223929919804482e-05,0.9941201145882036,0.005833610846947454,4.627456484890816e-05,0.005879885411796362,45,45,5.356881632621771e-41,0.0007623460987612244
6000,6001,30.005,8,2.1008706537855188e-07,48,0.0008499933647372246,0.0008499933647372246,0.0,3,0.0007623460987612244,4.064655458037808e-06,6.345447734475499e-06,0.0007623460987612244,7.223929919804482e-05,0.9941201145882036,0.005833610846947454,4.627456484890816e-05,0.005879885411796362,45,45,5.356881632621771e-41,0.0007623460987612244
6000,6001,30.005,9,4.211338691450364e-08,68,0.0008499933647372246,0.0008499933647372246,0.0,3,0.0007623460987612244,4.064655458037808e-06,6.345447734475499e-06,0.0007623460987612244,7.223929919804482e-05,0.9941201145882036,0.005833610846947454,4.627456484890816e-05,0.005879885411796362,45,45,5.356881632621771e-41,0.0007623460987612244
6000,6001,30.005,10,2.6052324610071796e-08,56,0.0008499933647372246,0.0008499933647372246,0.0,3,0.0007623460987612244,4.064655458037808e-06,6.345447734475499e-06,0.0007623460987612244,7.223929919804482e-05,0.9941201145882036,0.005833610846947454,4.627456484890816e-05,0.005879885411796362,45,45,5.356881632621771e-41,0.0007623460987612244
6000,6001,30.005,11,7.111324316984003e-09,72,0.0008499933647372246,0.0008499933647372246,0.0,3,0.0007623460987612244,4.064655458037808e-06,6.345447734475499e-06,0.0007623460987612244,7.223929919804482e-05,0.9941201145882036,0.005833610846947454,4.627456484890816e-05,0.005879885411796362,45,45,5.356881632621771e-41,0.0007623460987612244
6000,6001,30.005,12,4.057129309077595e-09,68,0.0008499933647372246,0.0008499933647372246,0.0,3,0.0007623460987612244,4.064655458037808e-06,6.345447734475499e-06,0.0007623460987612244,7.223929919804482e-05,0.9941201145882036,0.005833610846947454,4.627456484890816e-05,0.005879885411796362,45,45,5.356881632621771e-41,0.0007623460987612244
6000,6001,30.005,13,1.172339625176062e-09,88,0.0008499933647372246,0.0008499933647372246,0.0,3,0.0007623460987612244,4.064655458037808e-06,6.345447734475499e-06,0.0007623460987612244,7.223929919804482e-05,0.9941201145882036,0.005833610846947454,4.627456484890816e-05,0.005879885411796362,45,45,5.356881632621771e-41,0.0007623460987612244
6000,6001,30.005,14,5.88933036221368e-10,88,0.0008499933647372246,0.0008499933647372246,0.0,3,0.0007623460987612244,4.064655458037808e-06,6.345447734475499e-06,0.0007623460987612244,7.223929919804482e-05,0.9941201145882036,0.005833610846947454,4.627456484890816e-05,0.005879885411796362,45,45,5.356881632621771e-41,0.0007623460987612244
6000,6001,30.005,15,1.8952592390638494e-10,84,0.0008499933647372246,0.0008499933647372246,0.0,3,0.0007623460987612244,4.064655458037808e-06,6.345447734475499e-06,0.0007623460987612244,7.223929919804482e-05,0.9941201145882036,0.005833610846947454,4.627456484890816e-05,0.005879885411796362,45,45,5.356881632621771e-41,0.0007623460987612244
6000,6001,30.005,16,1.0569361333709634e-10,112,0.0008499933647372246,0.0008499933647372246,0.0,3,0.0007623460987612244,4.064655458037808e-06,6.345447734475499e-06,0.0007623460987612244,7.223929919804482e-05,0.9941201145882036,0.005833610846947454,4.627456484890816e-05,0.005879885411796362,45,45,5.356881632621771e-41,0.0007623460987612244
6000,6001,30.005,17,3.663947171660299e-11,112,0.0008499933647372246,0.0008499933647372246,0.0,3,0.0007623460987612244,4.064655458037808e-06,6.345447734475499e-06,0.0007623460987612244,7.223929919804482e-05,0.9941201145882036,0.005833610846947454,4.627456484890816e-05,0.005879885411796362,45,45,5.356881632621771e-41,0.0007623460987612244
6000,6001,30.005,18,1.2114835444757422e-11,112,0.0008499933647372246,0.0008499933647372246,0.0,3,0.0007623460987612244,4.064655458037808e-06,6.345447734475499e-06,0.0007623460987612244,7.223929919804482e-05,0.9941201145882036,0.005833610846947454,4.627456484890816e-05,0.005879885411796362,45,45,5.356881632621771e-41,0.0007623460987612244
6000,6001,30.005,19,4.5441972781734235e-12,116,0.0008499933647372246,0.0008499933647372246,0.0,3,0.0007623460987612244,4.064655458037808e-06,6.345447734475499e-06,0.0007623460987612244,7.223929919804482e-05,0.9941201145882036,0.005833610846947454,4.627456484890816e-05,0.005879885411796362,45,45,5.356881632621771e-41,0.0007623460987612244
6000,6001,30.005,20,1.6802114807864228e-12,112,0.0008499933647372246,0.0008499933647372246,0.0,3,0.0007623460987612244,4.064655458037808e-06,6.345447734475499e-06,0.0007623460987612244,7.223929919804482e-05,0.9941201145882036,0.005833610846947454,4.627456484890816e-05,0.005879885411796362,45,45,5.356881632621771e-41,0.0007623460987612244
6000,6001,30.005,21,6.780859576280531e-13,144,0.0008499933647372246,0.0008499933647372246,0.0,3,0.0007623460987612244,4.064655458037808e-06,6.345447734475499e-06,0.0007623460987612244,7.223929919804482e-05,0.9941201145882036,0.005833610846947454,4.627456484890816e-05,0.005879885411796362,45,45,5.356881632621771e-41,0.0007623460987612244
6000,6001,30.005,22,1.3647536298841222e-13,140,0.0008499933647372246,0.0008499933647372246,0.0,3,0.0007623460987612244,4.064655458037808e-06,6.345447734475499e-06,0.0007623460987612244,7.223929919804482e-05,0.9941201145882036,0.005833610846947454,4.627456484890816e-05,0.005879885411796362,45,45,5.356881632621771e-41,0.0007623460987612244
6000,6001,30.005,23,8.08563329933045e-15,144,0.0008499933647372246,0.0008499933647372246,0.0,3,0.0007623460987612244,4.064655458037808e-06,6.345447734475499e-06,0.0007623460987612244,7.223929919804482e-05,0.9941201145882036,0.005833610846947454,4.627456484890816e-05,0.005879885411796362,45,45,5.356881632621771e-41,0.0007623460987612244
6000,6001,30.005,24,1.1617049333266553e-15,144,0.0008499933647372246,0.0008499933647372246,0.0,3,0.0007623460987612244,4.064655458037808e-06,6.345447734475499e-06,0.0007623460987612244,7.223929919804482e-05,0.9941201145882036,0.005833610846947454,4.627456484890816e-05,0.005879885411796362,45,45,5.356881632621771e-41,0.0007623460987612244
6000,6001,30.005,25,1.0785469987497696e-16,168,0.0008499933647372246,0.0008499933647372246,0.0,3,0.0007623460987612244,4.064655458037808e-06,6.345447734475499e-06,0.0007623460987612244,7.223929919804482e-05,0.9941201145882036,0.005833610846947454,4.627456484890816e-05,0.005879885411796362,45,45,5.356881632621771e-41,0.0007623460987612244
6000,6001,30.005,26,9.427751943613506e-18,164,0.0008499933647372246,0.0008499933647372246,0.0,3,0.0007623460987612244,4.064655458037808e-06,6.345447734475499e-06,0.0007623460987612244,7.223929919804482e-05,0.9941201145882036,0.005833610846947454,4.627456484890816e-05,0.005879885411796362,45,45,5.356881632621771e-41,0.0007623460987612244
6000,6001,30.005,27,8.291626476990838e-19,160,0.0008499933647372246,0.0008499933647372246,0.0,3,0.0007623460987612244,4.064655458037808e-06,6.345447734475499e-06,0.0007623460987612244,7.223929919804482e-05,0.9941201145882036,0.005833610846947454,4.627456484890816e-05,0.005879885411796362,45,45,5.356881632621771e-41,0.0007623460987612244
6000,6001,30.005,28,2.0542851407683464e-19,184,0.0008499933647372246,0.0008499933647372246,0.0,3,0.0007623460987612244,4.064655458037808e-06,6.345447734475499e-06,0.0007623460987612244,7.223929919804482e-05,0.9941201145882036,0.005833610846947454,4.627456484890816e-05,0.005879885411796362,45,45,5.356881632621771e-41,0.0007623460987612244
6000,6001,30.005,29,3.6001177674286776e-21,172,0.0008499933647372246,0.0008499933647372246,0.0,3,0.0007623460987612244,4.064655458037808e-06,6.345447734475499e-06,0.0007623460987612244,7.223929919804482e-05,0.9941201145882036,0.005833610846947454,4.627456484890816e-05,0.005879885411796362,45,45,5.356881632621771e-41,0.0007623460987612244
6000,6001,30.005,30,2.2300159113026116e-22,200,0.0008499933647372246,0.0008499933647372246,0.0,3,0.0007623460987612244,4.064655458037808e-06,6.345447734475499e-06,0.0007623460987612244,7.223929919804482e-05,0.9941201145882036,0.005833610846947454,4.627456484890816e-05,0.005879885411796362,45,45,5.356881632621771e-41,0.0007623460987612244
6000,6001,30.005,31,5.941588218919749e-38,192,0.0008499933647372246,0.0008499933647372246,0.0,3,0.0007623460987612244,4.064655458037808e-06,6.345447734475499e-06,0.0007623460987612244,7.223929919804482e-05,0.9941201145882036,0.005833610846947454,4.627456484890816e-05,0.005879885411796362,45,45,5.356881632621771e-41,0.0007623460987612244
6000,6001,30.005,32,1.5858928863230244e-38,166,0.0008499933647372246,0.0008499933647372246,0.0,3,0.0007623460987612244,4.064655458037808e-06,6.345447734475499e-06,0.0007623460987612244,7.223929919804482e-05,0.9941201145882036,0.005833610846947454,4.627456484890816e-05,0.005879885411796362,45,45,5.356881632621771e-41,0.0007623460987612244
6000,6001,30.005,33,8.808548106986687e-39,148,0.0008499933647372246,0.0008499933647372246,0.0,3,0.0007623460987612244,4.064655458037808e-06,6.345447734475499e-06,0.0007623460987612244,7.223929919804482e-05,0.9941201145882036,0.005833610846947454,4.627456484890816e-05,0.005879885411796362,45,45,5.356881632621771e-41,0.0007623460987612244
6000,6001,30.005,34,7.650652686627421e-39,128,0.0008499933647372246,0.0008499933647372246,0.0,3,0.0007623460987612244,4.064655458037808e-06,6.345447734475499e-06,0.0007623460987612244,7.223929919804482e-05,0.9941201145882036,0.005833610846947454,4.627456484890816e-05,0.005879885411796362,45,45,5.356881632621771e-41,0.0007623460987612244
6000,6001,30.005,35,5.1751960608343757e-39,104,0.0008499933647372246,0.0008499933647372246,0.0,3,0.0007623460987612244,4.064655458037808e-06,6.345447734475499e-06,0.0007623460987612244,7.223929919804482e-05,0.9941201145882036,0.005833610846947454,4.627456484890816e-05,0.005879885411796362,45,45,5.356881632621771e-41,0.0007623460987612244
6000,6001,30.005,36,4.1554379076001204e-39,88,0.0008499933647372246,0.0008499933647372246,0.0,3,0.0007623460987612244,4.064655458037808e-06,6.345447734475499e-06,0.0007623460987612244,7.223929919804482e-05,0.9941201145882036,0.005833610846947454,4.627456484890816e-05,0.005879885411796362,45,45,5.356881632621771e-41,0.0007623460987612244
6000,6001,30.005,37,3.1656464892459276e-39,76,0.0008499933647372246,0.0008499933647372246,0.0,3,0.0007623460987612244,4.064655458037808e-06,6.345447734475499e-06,0.0007623460987612244,7.223929919804482e-05,0.9941201145882036,0.005833610846947454,4.627456484890816e-05,0.005879885411796362,45,45,5.356881632621771e-41,0.0007623460987612244
6000,6001,30.005,38,3.496555692386367e-39,68,0.0008499933647372246,0.0008499933647372246,0.0,3,0.0007623460987612244,4.064655458037808e-06,6.345447734475499e-06,0.0007623460987612244,7.223929919804482e-05,0.9941201145882036,0.005833610846947454,4.627456484890816e-05,0.005879885411796362,45,45,5.356881632621771e-41,0.0007623460987612244
6000,6001,30.005,39,1.4569634155589897e-39,48,0.0008499933647372246,0.0008499933647372246,0.0,3,0.0007623460987612244,4.064655458037808e-06,6.345447734475499e-06,0.0007623460987612244,7.223929919804482e-05,0.9941201145882036,0.005833610846947454,4.627456484890816e-05,0.005879885411796362,45,45,5.356881632621771e-41,0.0007623460987612244
6000,6001,30.005,40,2.592522904440143e-39,56,0.0008499933647372246,0.0008499933647372246,0.0,3,0.0007623460987612244,4.064655458037808e-06,6.345447734475499e-06,0.0007623460987612244,7.223929919804482e-05,0.9941201145882036,0.005833610846947454,4.627456484890816e-05,0.005879885411796362,45,45,5.356881632621771e-41,0.0007623460987612244
6000,6001,30.005,41,1.2102503947753156e-39,28,0.0008499933647372246,0.0008499933647372246,0.0,3,0.0007623460987612244,4.064655458037808e-06,6.345447734475499e-06,0.0007623460987612244,7.223929919804482e-05,0.9941201145882036,0.005833610846947454,4.627456484890816e-05,0.005879885411796362,45,45,5.356881632621771e-41,0.0007623460987612244
6000,6001,30.005,42,2.3472494862059447e-39,32,0.0008499933647372246,0.0008499933647372246,0.0,3,0.0007623460987612244,4.064655458037808e-06,6.345447734475499e-06,0.0007623460987612244,7.223929919804482e-05,0.9941201145882036,0.005833610846947454,4.627456484890816e-05,0.005879885411796362,45,45,5.356881632621771e-41,0.0007623460987612244
6000,6001,30.005,43,4.558414262239747e-40,16,0.0008499933647372246,0.0008499933647372246,0.0,3,0.0007623460987612244,4.064655458037808e-06,6.345447734475499e-06,0.0007623460987612244,7.223929919804482e-05,0.9941201145882036,0.005833610846947454,4.627456484890816e-05,0.005879885411796362,45,45,5.356881632621771e-41,0.0007623460987612244
6000,6001,30.005,44,6.4557559142394374e-40,8,0.0008499933647372246,0.0008499933647372246,0.0,3,0.0007623460987612244,4.064655458037808e-06,6.345447734475499e-06,0.0007623460987612244,7.223929919804482e-05,0.9941201145882036,0.005833610846947454,4.627456484890816e-05,0.005879885411796362,45,45,5.356881632621771e-41,0.0007623460987612244
6000,6001,30.005,45,5.356881632621771e-41,5,0.0008499933647372246,0.0008499933647372246,0.0,3,0.0007623460987612244,4.064655458037808e-06,6.345447734475499e-06,0.0007623460987612244,7.223929919804482e-05,0.9941201145882036,0.005833610846947454,4.627456484890816e-05,0.005879885411796362,45,45,5.356881632621771e-41,0.0007623460987612244
6500,6501,32.505,1,6.624185549557804e-06,8,0.0009726039099417949,0.0009726039099417946,3.3442252125545784e-16,3,0.0008727689959054807,6.624185549557804e-06,8.762460605652013e-06,0.0008727689959054807,7.773049328084182e-05,0.9930930006227672,0.006837921669832583,6.907770740041196e-05,0.006906999377232995,45,45,9.557603155425245e-41,0.0008727689959054807
6500,6501,32.505,2,8.762460605652013e-06,12,0.0009726039099417949,0.0009726039099417946,3.3442252125545784e-16,3,0.0008727689959054807,6.624185549557804e-06,8.762460605652013e-06,0.0008727689959054807,7.773049328084182e-05,0.9930930006227672,0.006837921669832583,6.907770740041196e-05,0.006906999377232995,45,45,9.557603155425245e-41,0.0008727689959054807
6500,6501,32.505,3,0.0008727689959054807,16,0.0009726039099417949,0.0009726039099417946,3.3442252125545784e-16,3,0.0008727689959054807,6.624185549557804e-06,8.762460605652013e-06,0.0008727689959054807,7.773049328084182e-05,0.9930930006227672,0.006837921669832583,6.907770740041196e-05,0.006906999377232995,45,45,9.557603155425245e-41,0.0008727689959054807
6500,6501,32.505,4,7.773049328084182e-05,32,0.0009726039099417949,0.0009726039099417946,3.3442252125545784e-16,3,0.0008727689959054807,6.624185549557804e-06,8.762460605652013e-06,0.0008727689959054807,7.773049328084182e-05,0.9930930006227672,0.006837921669832583,6.907770740041196e-05,0.006906999377232995,45,45,9.557603155425245e-41,0.0008727689959054807
6500,6501,32.505,5,2.6726378485245596e-06,28,0.0009726039099417949,0.0009726039099417946,3.3442252125545784e-16,3,0.0008727689959054807,6.624185549557804e-06,8.762460605652013e-06,0.0008727689959054807,7.773049328084182e-05,0.9930930006227672,0.006837921669832583,6.907770740041196e-05,0.006906999377232995,45,45,9.557603155425245e-41,0.0008727689959054807
6500,6501,32.505,6,3.184004812119166e-06,40,0.0009726039099417949,0.0009726039099417946,3.3442252125545784e-16,3,0.0008727689959054807,6.624185549557804e-06,8.762460605652013e-06,0.0008727689959054807,7.773049328084182e-05,0.9930930006227672,0.006837921669832583,6.907770740041196e-05,0.006906999377232995,45,45,9.557603155425245e-41,0.0008727689959054807
6500,6501,32.505,7,4.3769698881250485e-07,40,0.0009726039099417949,0.0009726039099417946,3.3442252125545784e-16,3,0.0008727689959054807,6.624185549557804e-06,8.762460605652013e-06,0.0008727689959054807,7.773049328084182e-05,0.9930930006227672,0.006837921669832583,6.907770740041196e-05,0.006906999377232995,45,45,9.557603155425245e-41,0.0008727689959054807
6500,6501,32.505,8,2.897062437096184e-07,48,0.0009726039099417949,0.0009726039099417946,3.3442252125545784e-16,3,0.0008727689959054807,6.624185549557804e-06,8.762460605652013e-06,0.0008727689959054807,7.773049328084182e-05,0.9930930006227672,0.006837921669832583,6.907770740041196e-05,0.006906999377232995,45,45,9.557603155425245e-41,0.0008727689959054807
6500,6501,32.505,9,6.654345878904603e-08,68,0.0009726039099417949,0.0009726039099417946,3.3442252125545784e-16,3,0.0008727689959054807,6.624185549557804e-06,8.762460605652013e-06,0.0008727689959054807,7.773049328084182e-05,0.9930930006227672,0.006837921669832583,6.907770740041196e-05,0.006906999377232995,45,45,9.557603155425245e-41,0.0008727689959054807
6500,6501,32.505,10,4.291564945621972e-08,56,0.0009726039099417949,0.0009726039099417946,3.3442252125545784e-16,3,0.0008727689959054807,6.624185549557804e-06,8.762460605652013e-06,0.0008727689959054807,7.773049328084182e-05,0.9930930006227672,0.006837921669832583,6.907770740041196e-05,0.006906999377232995,45,45,9.557603155425245e-41,0.0008727689959054807
6500,6501,32.505,11,1.1728158319815342e-08,72,0.0009726039099417949,0.0009726039099417946,3.3442252125545784e-16,3,0.0008727689959054807,6.624185549557804e-06,8.762460605652013e-06,0.0008727689959054807,7.773049328084182e-05,0.9930930006227672,0.006837921669832583,6.907770740041196e-05,0.006906999377232995,45,45,9.557603155425245e-41,0.0008727689959054807
6500,6501,32.505,12,7.929663763857436e-09,68,0.0009726039099417949,0.0009726039099417946,3.3442252125545784e-16,3,0.0008727689959054807,6.624185549557804e-06,8.762460605652013e-06,0.0008727689959054807,7.773049328084182e-05,0.9930930006227672,0.006837921669832583,6.907770740041196e-05,0.006906999377232995,45,45,9.557603155425245e-41,0.0008727689959054807
6500,6501,32.505,13,2.373376926782833e-09,88,0.0009726039099417949,0.0009726039099417946,3.3442252125545784e-16,3,0.0008727689959054807,6.624185549557804e-06,8.762460605652013e-06,0.0008727689959054807,7.773049328084182e-05,0.9930930006227672,0.006837921669832583,6.907770740041196e-05,0.006906999377232995,45,45,9.557603155425245e-41,0.0008727689959054807
6500,6501,32.505,14,1.3527605723979592e-09,88,0.0009726039099417949,0.0009726039099417946,3.3442252125545784e-16,3,0.0008727689959054807,6.624185549557804e-06,8.762460605652013e-06,0.0008727689959054807,7.773049328084182e-05,0.9930930006227672,0.006837921669832583,6.907770740041196e-05,0.006906999377232995,45,45,9.557603155425245e-41,0.0008727689959054807
6500,6501,32.505,15,4.4708425487401554e-10,84,0.0009726039099417949,0.0009726039099417946,3.3442252125545784e-16,3,0.0008727689959054807,6.624185549557804e-06,8.762460605652013e-06,0.0008727689959054807,7.773049328084182e-05,0.9930930006227672,0.006837921669832583,6.907770740041196e-05,0.006906999377232995,45,45,9.557603155425245e-41,0.0008727689959054807
6500,6501,32.505,16,2.7567113137607855e-10,112,0.0009726039099417949,0.0009726039099417946,3.3442252125545784e-16,3,0.0008727689959054807,6.624185549557804e-06,8.762460605652013e-06,0.0008727689959054807,7.773049328084182e-05,0.9930930006227672,0.006837921669832583,6.907770740041196e-05,0.006906999377232995,45,45,9.557603155425245e-41,0.0008727689959054807
6500,6501,32.505,17,1.0108212362520347e-10,112,0.0009726039099417949,0.0009726039099417946,3.3442252125545784e-16,3,0.0008727689959054807,6.624185549557804e-06,8.762460605652013e-06,0.0008727689959054807,7.773049328084182e-05,0.9930930006227672,0.006837921669832583,6.907770740041196e-05,0.006906999377232995,45,45,9.557603155425245e-41,0.0008727689959054807
6500,6501,32.505,18,3.64911571273329e-11,112,0.0009726039099417949,0.0009726039099417946,3.3442252125545784e-16,3,0.0008727689959054807,6.624185549557804e-06,8.762460605652013e-06,0.0008727689959054807,7.773049328084182e-05,0.9930930006227672,0.006837921669832583,6.907770740041196e-05,0.006906999377232995,45,45,9.557603155425245e-41,0.0008727689959054807
6500,6501,32.505,19,1.5626798513326395e-11,116,0.0009726039099417949,0.0009726039099417946,3.3442252125545784e-16,3,0.0008727689959054807,6.624185549557804e-06,8.762460605652013e-06,0.0008727689959054807,7.773049328084182e-05,0.9930930006227672,0.006837921669832583,6.907770740041196e-05,0.006906999377232995,45,45,9.557603155425245e-41,0.0008727689959054807
6500,6501,32.505,20,6.2288984882639604e-12,112,0.0009726039099417949,0.0009726039099417946,3.3442252125545784e-16,3,0.0008727689959054807,6.624185549557804e-06,8.762460605652013e-06,0.0008727689959054807,7.773049328084182e-05,0.9930930006227672,0.006837921669832583,6.907770740041196e-05,0.006906999377232995,45,45,9.557603155425245e-41,0.0008727689959054807
6500,6501,32.505,21,2.8241143347815455e-12,144,0.0009726039099417949,0.0009726039099417946,3.3442252125545784e-16,3,0.0008727689959054807,6.624185549557804e-06,8.762460605652013e-06,0.0008727689959054807,7.773049328084182e-05,0.9930930006227672,0.006837921669832583,6.907770740041196e-05,0.006906999377232995,45,45,9.557603155425245e-41,0.0008727689959054807
6500,6501,32.505,22,5.896316747184994e-13,140,0.0009726039099417949,0.0009726039099417946,3.3442252125545784e-16,3,0.0008727689959054807,6.624185549557804e-06,8.762460605652013e-06,0.0008727689959054807,7.773049328084182e-05,0.9930930006227672,0.006837921669832583,6.907770740041196e-05,0.006906999377232995,45,45,9.557603155425245e-41,0.0008727689959054807
6500,6501,32.505,23,3.516383532811197e-14,144,0.0009726039099417949,0.0009726039099417946,3.3442252125545784e-16,3,0.0008727689959054807,6.624185549557804e-06,8.762460605652013e-06,0.0008727689959054807,7.773049328084182e-05,0.9930930006227672,0.006837921669832583,6.907770740041196e-05,0.006906999377232995,45,45,9.557603155425245e-41,0.0008727689959054807
6500,6501,32.505,24,5.400371181415784e-15,144,0.0009726039099417949,0.0009726039099417946,3.3442252125545784e-16,3,0.0008727689959054807,6.624185549557804e-06,8.762460605652013e-06,0.0008727689959054807,7.773049328084182e-05,0.9930930006227672,0.006837921669832583,6.907770740041196e-05,0.006906999377232995,45,45,9.557603155425245e-41,0.0008727689959054807
6500,6501,32.505,25,5.347684640970478e-16,168,0.0009726039099417949,0.0009726039099417946,3.3442252125545784e-16,3,0.0008727689959054807,6.624185549557804e-06,8.762460605652013e-06,0.0008727689959054807,7.773049328084182e-05,0.9930930006227672,0.006837921669832583,6.907770740041196e-05,0.006906999377232995,45,45,9.557603155425245e-41,0.0008727689959054807
6500,6501,32.505,26,5.4323195834224985e-17,164,0.0009726039099417949,0.0009726039099417946,3.3442252125545784e-16,3,0.0008727689959054807,6.624185549557804e-06,8.762460605652013e-06,0.0008727689959054807,7.773049328084182e-05,0.9930930006227672,0.006837921669832583,6.907770740041196e-05,0.006906999377232995,45,45,9.557603155425245e-41,0.0008727689959054807
6500,6501,32.505,27,4.007195592994753e-18,160,0.0009726039099417949,0.0009726039099417946,3.3442252125545784e-16,3,0.0008727689959054807,6.624185549557804e-06,8.762460605652013e-06,0.0008727689959054807,7.773049328084182e-05,0.9930930006227672,0.006837921669832583,6.907770740041196e-05,0.006906999377232995,45,45,9.557603155425245e-41,0.0008727689959054807
6500,6501,32.505,28,1.0444270852724117e-18,184,0.0009726039099417949,0.0009726039099417946,3.3442252125545784e-16,3,0.0008727689959054807,6.624185549557804e-06,8.762460605652013e-06,0.0008727689959054807,7.773049328084182e-05,0.9930930006227672,0.006837921669832583,6.907770740041196e-05,0.006906999377232995,45,45,9.557603155425245e-41,0.0008727689959054807
6500,6501,32.505,29,1.7973801144677395e-20,172,0.0009726039099417949,0.0009726039099417946,3.3442252125545784e-16,3,0.0008727689959054807,6.624185549557804e-06,8.762460605652013e-06,0.0008727689959054807,7.773049328084182e-05,0.9930930006227672,0.006837921669832583,6.907770740041196e-05,0.006906999377232995,45,45,9.557603155425245e-41,0.0008727689959054807
6500,6501,32.505,30,1.1402434085366881e-21,200,0.0009726039099417949,0.0009726039099417946,3.3442252125545784e-16,3,0.0008727689959054807,6.624185549557804e-06,8.762460605652013e-06,0.0008727689959054807,7.773049328084182e-05,0.9930930006227672,0.006837921669832583,6.907770740041196e-05,0.006906999377232995,45,45,9.557603155425245e-41,0.0008727689959054807
6500,6501,32.505,31,4.151527267974576e-38,192,0.0009726039099417949,0.0009726039099417946,3.3442252125545784e-16,3,0.0008727689959054807,6.624185549557804e-06,8.762460605652013e-06,0.0008727689959054807,7.773049328084182e-05,0.9930930006227672,0.006837921669832583,6.907770740041196e-05,0.006906999377232995,45,45,9.557603155425245e-41,0.0008727689959054807
6500,6501,32.505,32,1.2203568753790413e-38,166,0.0009726039099417949,0.0009726039099417946,3.3442252125545784e-16,3,0.0008727689959054807,6.624185549557804e-06,8.762460605652013e-06,0.0008727689959054807,7.773049328084182e-05,0.9930930006227672,0.006837921669832583,6.907770740041196e-05,0.006906999377232995,45,45,9.557603155425245e-41,0.0008727689959054807
6500,6501,32.505,33,8.529227575824241e-39,148,0.0009726039099417949,0.0009726039099417946,3.3442252125545784e-16,3,0.0008727689959054807,6.624185549557804e-06,8.762460605652013e-06,0.0008727689959054807,7.773049328084182e-05,0.9930930006227672,0.006837921669832583,6.907770740041196e-05,0.006906999377232995,45,45,9.557603155425245e-41,0.0008727689959054807
6500,6501,32.505,34,8.920943100670636e-39,128,0.0009726039099417949,0.0009726039099417946,3.3442252125545784e-16,3,0.0008727689959054807,6.624185549557804e-06,8.762460605652013e-06,0.0008727689959054807,7.773049328084182e-05,0.9930930006227672,0.006837921669832583,6.907770740041196e-05,0.006906999377232995,45,45,9.557603155425245e-41,0.0008727689959054807
6500,6501,32.505,35,4.989311782785209e-39,104,0.0009726039099417949,0.0009726039099417946,3.3442252125545784e-16,3,0.0008727689959054807,6.624185549557804e-06,8.762460605652013e-06,0.0008727689959054807,7.773049328084182e-05,0.9930930006227672,0.006837921669832583,6.907770740041196e-05,0.006906999377232995,45,45,9.557603155425245e-41,0.0008727689959054807
6500,6501,32.505,36,4.860797947919553e-39,88,0.0009726039099417949,0.0009726039099417946,3.3442252125545784e-16,3,0.0008727689959054807,6.624185549557804e-06,8.762460605652013e-06,0.0008727689959054807,7.773049328084182e-05,0.9930930006227672,0.006837921669832583,6.907770740041196e-05,0.006906999377232995,45,45,9.557603155425245e-41,0.0008727689959054807
6500,6501,32.505,37,4.3294621851557825e-39,76,0.0009726039099417949,0.0009726039099417946,3.3442252125545784e-16,3,0.0008727689959054807,6.624185549557804e-06,8.762460605652013e-06,0.0008727689959054807,7.773049328084182e-05,0.9930930006227672,0.006837921669832583,6.907770740041196e-05,0.006906999377232995,45,45,9.557603155425245e-41,0.0008727689959054807
6500,6501,32.505,38,2.4836566499690745e-39,68,0.0009726039099417949,0.0009726039099417946,3.3442252125545784e-16,3,0.0008727689959054807,6.624185549557804e-06,8.762460605652013e-06,0.0008727689959054807,7.773049328084182e-05,0.9930930006227672,0.006837921669832583,6.907770740041196e-05,0.006906999377232995,45,45,9.557603155425245e-41,0.0008727689959054807
6500,6501,32.505,39,2.6945693713912394e-39,48,0.0009726039099417949,0.0009726039099417946,3.3442252125545784e-16,3,0.0008727689959054807,6.624185549557804e-06,8.762460605652013e-06,0.0008727689959054807,7.773049328084182e-05,0.9930930006227672,0.006837921669832583,6.907770740041196e-05,0.006906999377232995,45,45,9.557603155425245e-41,0.0008727689959054807
6500,6501,32.505,40,2.6931014571803497e-39,56,0.0009726039099417949,0.0009726039099417946,3.3442252125545784e-16,3,0.0008727689959054807,6.624185549557804e-06,8.762460605652013e-06,0.0008727689959054807,7.773049328084182e-05,0.9930930006227672,0.006837921669832583,6.907770740041196e-05,0.006906999377232995,45,45,9.557603155425245e-41,0.0008727689959054807
6500,6501,32.505,41,1.1673009652075035e-39,28,0.0009726039099417949,0.0009726039099417946,3.3442252125545784e-16,3,0.0008727689959054807,6.624185549557804e-06,8.762460605652013e-06,0.0008727689959054807,7.773049328084182e-05,0.9930930006227672,0.006837921669832583,6.907770740041196e-05,0.006906999377232995,45,45,9.557603155425245e-41,0.0008727689959054807
6500,6501,32.505,42,6.9219207265825915e-40,32,0.0009726039099417949,0.0009726039099417946,3.3442252125545784e-16,3,0.0008727689959054807,6.624185549557804e-06,8.762460605652013e-06,0.0008727689959054807,7.773049328084182e-05,0.9930930006227672,0.006837921669832583,6.907770740041196e-05,0.006906999377232995,45,45,9.557603155425245e-41,0.0008727689959054807
6500,6501,32.505,43,3.701666207772382e-40,16,0.0009726039099417949,0.0009726039099417946,3.3442252125545784e-16,3,0.0008727689959054807,6.624185549557804e-06,8.762460605652013e-06,0.0008727689959054807,7.773049328084182e-05,0.9930930006227672,0.006837921669832583,6.907770740041196e-05,0.006906999377232995,45,45,9.557603155425245e-41,0.0008727689959054807
6500,6501,32.505,44,4.578955498515228e-40,8,0.0009726039099417949,0.0009726039099417946,3.3442252125545784e-16,3,0.0008727689959054807,6.624185549557804e-06,8.762460605652013e-06,0.0008727689959054807,7.773049328084182e-05,0.9930930006227672,0.006837921669832583,6.907770740041196e-05,0.006906999377232995,45,45,9.557603155425245e-41,0.0008727689959054807
6500,6501,32.505,45,9.557603155425245e-41,5,0.0009726039099417949,0.0009726039099417946,3.3442252125545784e-16,3,0.0008727689959054807,6.624185549557804e-06,8.762460605652013e-06,0.0008727689959054807,7.773049328084182e-05,0.9930930006227672,0.006837921669832583,6.907770740041196e-05,0.006906999377232995,45,45,9.557603155425245e-41,0.0008727689959054807
7000,7001,35.005,1,1.0414636308128408e-05,8,0.0010994070281943997,0.0010994070281943997,0.0,3,0.000986325262982405,1.0414636308128408e-05,1.1463742054369684e-05,0.000986325262982405,8.255879250756087e-05,0.9921370392218313,0.007770029909975674,9.293086819272768e-05,0.007862960778168403,45,45,6.202429026371151e-41,0.000986325262982405
7000,7001,35.005,2,1.1463742054369684e-05,12,0.0010994070281943997,0.0010994070281943997,0.0,3,0.000986325262982405,1.0414636308128408e-05,1.1463742054369684e-05,0.000986325262982405,8.255879250756087e-05,0.9921370392218313,0.007770029909975674,9.293086819272768e-05,0.007862960778168403,45,45,6.202429026371151e-41,0.000986325262982405
7000,7001,35.005,3,0.000986325262982405,16,0.0010994070281943997,0.0010994070281943997,0.0,3,0.000986325262982405,1.0414636308128408e-05,1.1463742054369684e-05,0.000986325262982405,8.255879250756087e-05,0.9921370392218313,0.007770029909975674,9.293086819272768e-05,0.007862960778168403,45,45,6.202429026371151e-41,0.000986325262982405
7000,7001,35.005,4,8.255879250756087e-05,32,0.0010994070281943997,0.0010994070281943997,0.0,3,0.000986325262982405,1.0414636308128408e-05,1.1463742054369684e-05,0.000986325262982405,8.255879250756087e-05,0.9921370392218313,0.007770029909975674,9.293086819272768e-05,0.007862960778168403,45,45,6.202429026371151e-41,0.000986325262982405
7000,7001,35.005,5,3.6072231176587213e-06,28,0.0010994070281943997,0.0010994070281943997,0.0,3,0.000986325262982405,1.0414636308128408e-05,1.1463742054369684e-05,0.000986325262982405,8.255879250756087e-05,0.9921370392218313,0.007770029909975674,9.293086819272768e-05,0.007862960778168403,45,45,6.202429026371151e-41,0.000986325262982405
7000,7001,35.005,6,3.910819364356958e-06,40,0.0010994070281943997,0.0010994070281943997,0.0,3,0.000986325262982405,1.0414636308128408e-05,1.1463742054369684e-05,0.000986325262982405,8.255879250756087e-05,0.9921370392218313,0.007770029909975674,9.293086819272768e-05,0.007862960778168403,45,45,6.202429026371151e-41,0.000986325262982405
7000,7001,35.005,7,5.608213092023186e-07,40,0.0010994070281943997,0.0010994070281943997,0.0,3,0.000986325262982405,1.0414636308128408e-05,1.1463742054369684e-05,0.000986325262982405,8.255879250756087e-05,0.9921370392218313,0.007770029909975674,9.293086819272768e-05,0.007862960778168403,45,45,6.202429026371151e-41,0.000986325262982405
7000,7001,35.005,8,3.649790895129847e-07,48,0.0010994070281943997,0.0010994070281943997,0.0,3,0.000986325262982405,1.0414636308128408e-05,1.1463742054369684e-05,0.000986325262982405,8.255879250756087e-05,0.9921370392218313,0.007770029909975674,9.293086819272768e-05,0.007862960778168403,45,45,6.202429026371151e-41,0.000986325262982405
7000,7001,35.005,9,9.858261157697269e-08,68,0.0010994070281943997,0.0010994070281943997,0.0,3,0.000986325262982405,1.0414636308128408e-05,1.1463742054369684e-05,0.000986325262982405,8.255879250756087e-05,0.9921370392218313,0.007770029909975674,9.293086819272768e-05,0.007862960778168403,45,45,6.202429026371151e-41,0.000986325262982405
7000,7001,35.005,10,6.309250210273455e-08,56,0.0010994070281943997,0.0010994070281943997,0.0,3,0.000986325262982405,1.0414636308128408e-05,1.1463742054369684e-05,0.000986325262982405,8.255879250756087e-05,0.9921370392218313,0.007770029909975674,9.293086819272768e-05,0.007862960778168403,45,45,6.202429026371151e-41,0.000986325262982405
7000,7001,35.005,11,1.7108589013405424e-08,72,0.0010994070281943997,0.0010994070281943997,0.0,3,0.000986325262982405,1.0414636308128408e-05,1.1463742054369684e-05,0.000986325262982405,8.255879250756087e-05,0.9921370392218313,0.007770029909975674,9.293086819272768e-05,0.007862960778168403,45,45,6.202429026371151e-41,0.000986325262982405
7000,7001,35.005,12,1.3264889717855376e-08,68,0.0010994070281943997,0.0010994070281943997,0.0,3,0.000986325262982405,1.0414636308128408e-05,1.1463742054369684e-05,0.000986325262982405,8.255879250756087e-05,0.9921370392218313,0.007770029909975674,9.293086819272768e-05,0.007862960778168403,45,45,6.202429026371151e-41,0.000986325262982405
7000,7001,35.005,13,4.201490197206628e-09,88,0.0010994070281943997,0.0010994070281943997,0.0,3,0.000986325262982405,1.0414636308128408e-05,1.1463742054369684e-05,0.000986325262982405,8.255879250756087e-05,0.9921370392218313,0.007770029909975674,9.293086819272768e-05,0.007862960778168403,45,45,6.202429026371151e-41,0.000986325262982405
7000,7001,35.005,14,2.632459801660784e-09,88,0.0010994070281943997,0.0010994070281943997,0.0,3,0.000986325262982405,1.0414636308128408e-05,1.1463742054369684e-05,0.000986325262982405,8.255879250756087e-05,0.9921370392218313,0.007770029909975674,9.293086819272768e-05,0.007862960778168403,45,45,6.202429026371151e-41,0.000986325262982405
7000,7001,35.005,15,8.854356495346506e-10,84,0.0010994070281943997,0.0010994070281943997,0.0,3,0.000986325262982405,1.0414636308128408e-05,1.1463742054369684e-05,0.000986325262982405,8.255879250756087e-05,0.9921370392218313,0.007770029909975674,9.293086819272768e-05,0.007862960778168403,45,45,6.202429026371151e-41,0.000986325262982405
7000,7001,35.005,16,5.972340707307929e-10,112,0.0010994070281943997,0.0010994070281943997,0.0,3,0.000986325262982405,1.0414636308128408e-05,1.1463742054369684e-05,0.000986325262982405,8.255879250756087e-05,0.9921370392218313,0.007770029909975674,9.293086819272768e-05,0.007862960778168403,45,45,6.202429026371151e-41,0.000986325262982405
7000,7001,35.005,17,2.261847349955732e-10,112,0.0010994070281943997,0.0010994070281943997,0.0,3,0.000986325262982405,1.0414636308128408e-05,1.1463742054369684e-05,0.000986325262982405,8.255879250756087e-05,0.9921370392218313,0.007770029909975674,9.293086819272768e-05,0.007862960778168403,45,45,6.202429026371151e-41,0.000986325262982405
7000,7001,35.005,18,8.854082470020661e-11,112,0.0010994070281943997,0.0010994070281943997,0.0,3,0.000986325262982405,1.0414636308128408e-05,1.1463742054369684e-05,0.000986325262982405,8.255879250756087e-05,0.9921370392218313,0.007770029909975674,9.293086819272768e-05,0.007862960778168403,45,45,6.202429026371151e-41,0.000986325262982405
7000,7001,35.005,19,4.211512448418709e-11,116,0.0010994070281943997,0.0010994070281943997,0.0,3,0.000986325262982405,1.0414636308128408e-05,1.1463742054369684e-05,0.000986325262982405,8.255879250756087e-05,0.9921370392218313,0.007770029909975674,9.293086819272768e-05,0.007862960778168403,45,45,6.202429026371151e-41,0.000986325262982405
7000,7001,35.005,20,1.819180974813922e-11,112,0.0010994070281943997,0.0010994070281943997,0.0,3,0.000986325262982405,1.0414636308128408e-05,1.1463742054369684e-05,0.000986325262982405,8.255879250756087e-05,0.9921370392218313,0.007770029909975674,9.293086819272768e-05,0.007862960778168403,45,45,6.202429026371151e-41,0.000986325262982405
7000,7001,35.005,21,9.093500837799376e-12,144,0.0010994070281943997,0.0010994070281943997,0.0,3,0.000986325262982405,1.0414636308128408e-05,1.1463742054369684e-05,0.000986325262982405,8.255879250756087e-05,0.9921370392218313,0.007770029909975674,9.293086819272768e-05,0.007862960778168403,45,45,6.202429026371151e-41,0.000986325262982405
7000,7001,35.005,22,1.977859859785951e-12,140,0.0010994070281943997,0.0010994070281943997,0.0,3,0.000986325262982405,1.0414636308128408e-05,1.1463742054369684e-05,0.000986325262982405,8.255879250756087e-05,0.9921370392218313,0.007770029909975674,9.293086819272768e-05,0.007862960778168403,45,45,6.202429026371151e-41,0.000986325262982405
7000,7001,35.005,23,1.2230450456307633e-13,144,0.0010994070281943997,0.0010994070281943997,0.0,3,0.000986325262982405,1.0414636308128408e-05,1.1463742054369684e-05,0.000986325262982405,8.255879250756087e-05,0.9921370392218313,0.007770029909975674,9.293086819272768e-05,0.007862960778168403,45,45,6.202429026371151e-41,0.000986325262982405
7000,7001,35.005,24,2.050853629324399e-14,144,0.0010994070281943997,0.0010994070281943997,0.0,3,0.000986325262982405,1.0414636308128408e-05,1.1463742054369684e-05,0.000986325262982405,8.255879250756087e-05,0.9921370392218313,0.007770029909975674,9.293086819272768e-05,0.007862960778168403,45,45,6.202429026371151e-41,0.000986325262982405
7000,7001,35.005,25,2.1364705967392463e-15,168,0.0010994070281943997,0.0010994070281943997,0.0,3,0.000986325262982405,1.0414636308128408e-05,1.1463742054369684e-05,0.000986325262982405,8.255879250756087e-05,0.9921370392218313,0.007770029909975674,9.293086819272768e-05,0.007862960778168403,45,45,6.202429026371151e-41,0.000986325262982405
7000,7001,35.005,26,2.4707891957911205e-16,164,0.0010994070281943997,0.0010994070281943997,0.0,3,0.000986325262982405,1.0414636308128408e-05,1.1463742054369684e-05,0.000986325262982405,8.255879250756087e-05,0.9921370392218313,0.007770029909975674,9.293086819272768e-05,0.007862960778168403,45,45,6.202429026371151e-41,0.000986325262982405
7000,7001,35.005,27,1.768585486722942e-17,160,0.0010994070281943997,0.0010994070281943997,0.0,3,0.000986325262982405,1.0414636308128408e-05,1.1463742054369684e-05,0.000986325262982405,8.255879250756087e-05,0.9921370392218313,0.007770029909975674,9.293086819272768e-05,0.007862960778168403,45,45,6.202429026371151e-41,0.000986325262982405
7000,7001,35.005,28,5.146146895853575e-18,184,0.0010994070281943997,0.0010994070281943997,0.0,3,0.000986325262982405,1.0414636308128408e-05,1.1463742054369684e-05,0.000986325262982405,8.255879250756087e-05,0.9921370392218313,0.007770029909975674,9.293086819272768e-05,0.007862960778168403,45,45,6.202429026371151e-41,0.000986325262982405
7000,7001,35.005,29,1.0994450446604056e-19,172,0.0010994070281943997,0.0010994070281943997,0.0,3,0.000986325262982405,1.0414636308128408e-05,1.1463742054369684e-05,0.000986325262982405,8.255879250756087e-05,0.9921370392218313,0.007770029909975674,9.293086819272768e-05,0.007862960778168403,45,45,6.202429026371151e-41,0.000986325262982405
7000,7001,35.005,30,5.977577037110507e-21,200,0.0010994070281943997,0.0010994070281943997,0.0,3,0.000986325262982405,1.0414636308128408e-05,1.1463742054369684e-05,0.000986325262982405,8.255879250756087e-05,0.9921370392218313,0.007770029909975674,9.293086819272768e-05,0.007862960778168403,45,45,6.202429026371151e-41,0.000986325262982405
7000,7001,35.005,31,6.790655578690934e-38,192,0.0010994070281943997,0.0010994070281943997,0.0,3,0.000986325262982405,1.0414636308128408e-05,1.1463742054369684e-05,0.000986325262982405,8.255879250756087e-05,0.9921370392218313,0.007770029909975674,9.293086819272768e-05,0.007862960778168403,45,45,6.202429026371151e-41,0.000986325262982405
7000,7001,35.005,32,1.4076792675462804e-38,166,0.0010994070281943997,0.0010994070281943997,0.0,3,0.000986325262982405,1.0414636308128408e-05,1.1463742054369684e-05,0.000986325262982405,8.255879250756087e-05,0.9921370392218313,0.007770029909975674,9.293086819272768e-05,0.007862960778168403,45,45,6.202429026371151e-41,0.000986325262982405
7000,7001,35.005,33,1.0808774438577855e-38,148,0.0010994070281943997,0.0010994070281943997,0.0,3,0.000986325262982405,1.0414636308128408e-05,1.1463742054369684e-05,0.000986325262982405,8.255879250756087e-05,0.9921370392218313,0.007770029909975674,9.293086819272768e-05,0.007862960778168403,45,45,6.202429026371151e-41,0.000986325262982405
7000,7001,35.005,34,1.0475914684641026e-38,128,0.0010994070281943997,0.0010994070281943997,0.0,3,0.000986325262982405,1.0414636308128408e-05,1.1463742054369684e-05,0.000986325262982405,8.255879250756087e-05,0.9921370392218313,0.007770029909975674,9.293086819272768e-05,0.007862960778168403,45,45,6.202429026371151e-41,0.000986325262982405
7000,7001,35.005,35,5.454743757272665e-39,104,0.0010994070281943997,0.0010994070281943997,0.0,3,0.000986325262982405,1.0414636308128408e-05,1.1463742054369684e-05,0.000986325262982405,8.255879250756087e-05,0.9921370392218313,0.007770029909975674,9.293086819272768e-05,0.007862960778168403,45,45,6.202429026371151e-41,0.000986325262982405
7000,7001,35.005,36,6.34141122286832e-39,88,0.0010994070281943997,0.0010994070281943997,0.0,3,0.000986325262982405,1.0414636308128408e-05,1.1463742054369684e-05,0.000986325262982405,8.255879250756087e-05,0.9921370392218313,0.007770029909975674,9.293086819272768e-05,0.007862960778168403,45,45,6.202429026371151e-41,0.000986325262982405
7000,7001,35.005,37,4.0610926872891715e-39,76,0.0010994070281943997,0.0010994070281943997,0.0,3,0.000986325262982405,1.0414636308128408e-05,1.1463742054369684e-05,0.000986325262982405,8.255879250756087e-05,0.9921370392218313,0.007770029909975674,9.293086819272768e-05,0.007862960778168403,45,45,6.202429026371151e-41,0.000986325262982405
7000,7001,35.005,38,3.604767103760678e-39,68,0.0010994070281943997,0.0010994070281943997,0.0,3,0.000986325262982405,1.0414636308128408e-05,1.1463742054369684e-05,0.000986325262982405,8.255879250756087e-05,0.9921370392218313,0.007770029909975674,9.293086819272768e-05,0.007862960778168403,45,45,6.202429026371151e-41,0.000986325262982405
7000,7001,35.005,39,1.777170339421516e-39,48,0.0010994070281943997,0.0010994070281943997,0.0,3,0.000986325262982405,1.0414636308128408e-05,1.1463742054369684e-05,0.000986325262982405,8.255879250756087e-05,0.9921370392218313,0.007770029909975674,9.293086819272768e-05,0.007862960778168403,45,45,6.202429026371151e-41,0.000986325262982405
7000,7001,35.005,40,3.2106369925208384e-39,56,0.0010994070281943997,0.0010994070281943997,0.0,3,0.000986325262982405,1.0414636308128408e-05,1.1463742054369684e-05,0.000986325262982405,8.255879250756087e-05,0.9921370392218313,0.007770029909975674,9.293086819272768e-05,0.007862960778168403,45,45,6.202429026371151e-41,0.000986325262982405
7000,7001,35.005,41,1.6082826659162776e-39,28,0.0010994070281943997,0.0010994070281943997,0.0,3,0.000986325262982405,1.0414636308128408e-05,1.1463742054369684e-05,0.000986325262982405,8.255879250756087e-05,0.9921370392218313,0.007770029909975674,9.293086819272768e-05,0.007862960778168403,45,45,6.202429026371151e-41,0.000986325262982405
7000,7001,35.005,42,1.890420908955506e-39,32,0.0010994070281943997,0.0010994070281943997,0.0,3,0.000986325262982405,1.0414636308128408e-05,1.1463742054369684e-05,0.000986325262982405,8.255879250756087e-05,0.9921370392218313,0.007770029909975674,9.293086819272768e-05,0.007862960778168403,45,45,6.202429026371151e-41,0.000986325262982405
7000,7001,35.005,43,1.2587642045651765e-39,16,0.0010994070281943997,0.0010994070281943997,0.0,3,0.000986325262982405,1.0414636308128408e-05,1.1463742054369684e-05,0.000986325262982405,8.255879250756087e-05,0.9921370392218313,0.007770029909975674,9.293086819272768e-05,0.007862960778168403,45,45,6.202429026371151e-41,0.000986325262982405
7000,7001,35.005,44,4.66535460455185e-40,8,0.0010994070281943997,0.0010994070281943997,0.0,3,0.000986325262982405,1.0414636308128408e-05,1.1463742054369684e-05,0.000986325262982405,8.255879250756087e-05,0.9921370392218313,0.007770029909975674,9.293086819272768e-05,0.007862960778168403,45,45,6.202429026371151e-41,0.000986325262982405
7000,7001,35.005,45,6.202429026371151e-41,5,0.0010994070281943997,0.0010994070281943997,0.0,3,0.000986325262982405,1.0414636308128408e-05,1.1463742054369684e-05,0.000986325262982405,8.255879250756087e-05,0.9921370392218313,0.007770029909975674,9.293086819272768e-05,0.007862960778168403,45,45,6.202429026371151e-41,0.000986325262982405
7500,7501,37.505,1,1.5853099475684636e-05,8,0.0012296554647153962,0.001229655464715396,1.763424314527717e-16,3,0.0011019562565931268,1.5853099475684636e-05,1.426192763090758e-05,0.0011019562565931268,8.686257671262134e-05,0.9912808062008351,0.008603908861634958,0.00011528493752996476,0.008719193799164924,45,45,1.5910483883902055e-40,0.0011019562565931268
7500,7501,37.505,2,1.426192763090758e-05,12,0.0012296554647153962,0.001229655464715396,1.763424314527717e-16,3,0.0011019562565931268,1.5853099475684636e-05,1.426192763090758e-05,0.0011019562565931268,8.686257671262134e-05,0.9912808062008351,0.008603908861634958,0.00011528493752996476,0.008719193799164924,45,45,1.5910483883902055e-40,0.0011019562565931268
7500,7501,37.505,3,0.0011019562565931268,16,0.0012296554647153962,0.001229655464715396,1.763424314527717e-16,3,0.0011019562565931268,1.5853099475684636e-05,1.426192763090758e-05,0.0011019562565931268,8.686257671262134e-05,0.9912808062008351,0.008603908861634958,0.00011528493752996476,0.008719193799164924,45,45,1.5910483883902055e-40,0.0011019562565931268
7500,7501,37.505,4,8.686257671262134e-05,32,0.0012296554647153962,0.001229655464715396,1.763424314527717e-16,3,0.0011019562565931268,1.5853099475684636e-05,1.426192763090758e-05,0.0011019562565931268,8.686257671262134e-05,0.9912808062008351,0.008603908861634958,0.00011528493752996476,0.008719193799164924,45,45,1.5910483883902055e-40,0.0011019562565931268
7500,7501,37.505,5,4.670191567780807e-06,28,0.0012296554647153962,0.001229655464715396,1.763424314527717e-16,3,0.0011019562565931268,1.5853099475684636e-05,1.426192763090758e-05,0.0011019562565931268,8.686257671262134e-05,0.9912808062008351,0.008603908861634958,0.00011528493752996476,0.008719193799164924,45,45,1.5910483883902055e-40,0.0011019562565931268
7500,7501,37.505,6,4.624875220539214e-06,40,0.0012296554647153962,0.001229655464715396,1.763424314527717e-16,3,0.0011019562565931268,1.5853099475684636e-05,1.426192763090758e-05,0.0011019562565931268,8.686257671262134e-05,0.9912808062008351,0.008603908861634958,0.00011528493752996476,0.008719193799164924,45,45,1.5910483883902055e-40,0.0011019562565931268
7500,7501,37.505,7,7.19882212249125e-07,40,0.0012296554647153962,0.001229655464715396,1.763424314527717e-16,3,0.0011019562565931268,1.5853099475684636e-05,1.426192763090758e-05,0.0011019562565931268,8.686257671262134e-05,0.9912808062008351,0.008603908861634958,0.00011528493752996476,0.008719193799164924,45,45,1.5910483883902055e-40,0.0011019562565931268
7500,7501,37.505,8,4.27528591476603e-07,48,0.0012296554647153962,0.001229655464715396,1.763424314527717e-16,3,0.0011019562565931268,1.5853099475684636e-05,1.426192763090758e-05,0.0011019562565931268,8.686257671262134e-05,0.9912808062008351,0.008603908861634958,0.00011528493752996476,0.008719193799164924,45,45,1.5910483883902055e-40,0.0011019562565931268
7500,7501,37.505,9,1.3736595757689812e-07,68,0.0012296554647153962,0.001229655464715396,1.763424314527717e-16,3,0.0011019562565931268,1.5853099475684636e-05,1.426192763090758e-05,0.0011019562565931268,8.686257671262134e-05,0.9912808062008351,0.008603908861634958,0.00011528493752996476,0.008719193799164924,45,45,1.5910483883902055e-40,0.0011019562565931268
7500,7501,37.505,10,8.533177125908065e-08,56,0.0012296554647153962,0.001229655464715396,1.763424314527717e-16,3,0.0011019562565931268,1.5853099475684636e-05,1.426192763090758e-05,0.0011019562565931268,8.686257671262134e-05,0.9912808062008351,0.008603908861634958,0.00011528493752996476,0.008719193799164924,45,45,1.5910483883902055e-40,0.0011019562565931268
7500,7501,37.505,11,2.2632529926076606e-08,72,0.0012296554647153962,0.001229655464715396,1.763424314527717e-16,3,0.0011019562565931268,1.5853099475684636e-05,1.426192763090758e-05,0.0011019562565931268,8.686257671262134e-05,0.9912808062008351,0.008603908861634958,0.00011528493752996476,0.008719193799164924,45,45,1.5910483883902055e-40,0.0011019562565931268
7500,7501,37.505,12,1.9413086288628698e-08,68,0.0012296554647153962,0.001229655464715396,1.763424314527717e-16,3,0.0011019562565931268,1.5853099475684636e-05,1.426192763090758e-05,0.0011019562565931268,8.686257671262134e-05,0.9912808062008351,0.008603908861634958,0.00011528493752996476,0.008719193799164924,45,45,1.5910483883902055e-40,0.0011019562565931268
7500,7501,37.505,13,6.568180952796031e-09,88,0.0012296554647153962,0.001229655464715396,1.763424314527717e-16,3,0.0011019562565931268,1.5853099475684636e-05,1.426192763090758e-05,0.0011019562565931268,8.686257671262134e-05,0.9912808062008351,0.008603908861634958,0.00011528493752996476,0.008719193799164924,45,45,1.5910483883902055e-40,0.0011019562565931268
7500,7501,37.505,14,4.445138051616161e-09,88,0.0012296554647153962,0.001229655464715396,1.763424314527717e-16,3,0.0011019562565931268,1.5853099475684636e-05,1.426192763090758e-05,0.0011019562565931268,8.686257671262134e-05,0.9912808062008351,0.008603908861634958,0.00011528493752996476,0.008719193799164924,45,45,1.5910483883902055e-40,0.0011019562565931268
7500,7501,37.505,15,1.5020732581839165e-09,84,0.0012296554647153962,0.001229655464715396,1.763424314527717e-16,3,0.0011019562565931268,1.5853099475684636e-05,1.426192763090758e-05,0.0011019562565931268,8.686257671262134e-05,0.9912808062008351,0.008603908861634958,0.00011528493752996476,0.008719193799164924,45,45,1.5910483883902055e-40,0.0011019562565931268
7500,7501,37.505,16,1.1014066157914503e-09,112,0.0012296554647153962,0.001229655464715396,1.763424314527717e-16,3,0.0011019562565931268,1.5853099475684636e-05,1.426192763090758e-05,0.0011019562565931268,8.686257671262134e-05,0.9912808062008351,0.008603908861634958,0.00011528493752996476,0.008719193799164924,45,45,1.5910483883902055e-40,0.0011019562565931268
7500,7501,37.505,17,4.2349390482205606e-10,112,0.0012296554647153962,0.001229655464715396,1.763424314527717e-16,3,0.0011019562565931268,1.5853099475684636e-05,1.426192763090758e-05,0.0011019562565931268,8.686257671262134e-05,0.9912808062008351,0.008603908861634958,0.00011528493752996476,0.008719193799164924,45,45,1.5910483883902055e-40,0.0011019562565931268
7500,7501,37.505,18,1.8040217054590877e-10,112,0.0012296554647153962,0.001229655464715396,1.763424314527717e-16,3,0.0011019562565931268,1.5853099475684636e-05,1.426192763090758e-05,0.0011019562565931268,8.686257671262134e-05,0.9912808062008351,0.008603908861634958,0.00011528493752996476,0.008719193799164924,45,45,1.5910483883902055e-40,0.0011019562565931268
7500,7501,37.505,19,9.084703963085359e-11,116,0.0012296554647153962,0.001229655464715396,1.763424314527717e-16,3,0.0011019562565931268,1.5853099475684636e-05,1.426192763090758e-05,0.0011019562565931268,8.686257671262134e-05,0.9912808062008351,0.008603908861634958,0.00011528493752996476,0.008719193799164924,45,45,1.5910483883902055e-40,0.0011019562565931268
7500,7501,37.505,20,4.305399908927779e-11,112,0.0012296554647153962,0.001229655464715396,1.763424314527717e-16,3,0.0011019562565931268,1.5853099475684636e-05,1.426192763090758e-05,0.0011019562565931268,8.686257671262134e-05,0.9912808062008351,0.008603908861634958,0.00011528493752996476,0.008719193799164924,45,45,1.5910483883902055e-40,0.0011019562565931268
7500,7501,37.505,21,2.306381479264245e-11,144,0.0012296554647153962,0.001229655464715396,1.763424314527717e-16,3,0.0011019562565931268,1.5853099475684636e-05,1.426192763090758e-05,0.0011019562565931268,8.686257671262134e-05,0.9912808062008351,0.008603908861634958,0.00011528493752996476,0.008719193799164924,45,45,1.5910483883902055e-40,0.0011019562565931268
7500,7501,37.505,22,5.280038744086491e-12,140,0.0012296554647153962,0.001229655464715396,1.763424314527717e-16,3,0.0011019562565931268,1.5853099475684636e-05,1.426192763090758e-05,0.0011019562565931268,8.686257671262134e-05,0.9912808062008351,0.008603908861634958,0.00011528493752996476,0.008719193799164924,45,45,1.5910483883902055e-40,0.0011019562565931268
7500,7501,37.505,23,3.5284278236688404e-13,144,0.0012296554647153962,0.001229655464715396,1.763424314527717e-16,3,0.0011019562565931268,1.5853099475684636e-05,1.426192763090758e-05,0.0011019562565931268,8.686257671262134e-05,0.9912808062008351,0.008603908861634958,0.00011528493752996476,0.008719193799164924,45,45,1.5910483883902055e-40,0.0011019562565931268
7500,7501,37.505,24,6.501214201432947e-14,144,0.0012296554647153962,0.001229655464715396,1.763424314527717e-16,3,0.0011019562565931268,1.5853099475684636e-05,1.426192763090758e-05,0.0011019562565931268,8.686257671262134e-05,0.9912808062008351,0.008603908861634958,0.00011528493752996476,0.008719193799164924,45,45,1.5910483883902055e-40,0.0011019562565931268
7500,7501,37.505,25,7.240323971773526e-15,168,0.0012296554647153962,0.001229655464715396,1.763424314527717e-16,3,0.0011019562565931268,1.5853099475684636e-05,1.426192763090758e-05,0.0011019562565931268,8.686257671262134e-05,0.9912808062008351,0.008603908861634958,0.00011528493752996476,0.008719193799164924,45,45,1.5910483883902055e-40,0.0011019562565931268
7500,7501,37.505,26,9.242125295035152e-16,164,0.0012296554647153962,0.001229655464715396,1.763424314527717e-16,3,0.0011019562565931268,1.5853099475684636e-05,1.426192763090758e-05,0.0011019562565931268,8.686257671262134e-05,0.9912808062008351,0.008603908861634958,0.00011528493752996476,0.008719193799164924,45,45,1.5910483883902055e-40,0.0011019562565931268
7500,7501,37.505,27,6.861957092405492e-17,160,0.0012296554647153962,0.001229655464715396,1.763424314527717e-16,3,0.0011019562565931268,1.5853099475684636e-05,1.426192763090758e-05,0.0011019562565931268,8.686257671262134e-05,0.9912808062008351,0.008603908861634958,0.00011528493752996476,0.008719193799164924,45,45,1.5910483883902055e-40,0.0011019562565931268
7500,7501,37.505,28,2.452034347211688e-17,184,0.0012296554647153962,0.001229655464715396,1.763424314527717e-16,3,0.0011019562565931268,1.5853099475684636e-05,1.426192763090758e-05,0.0011019562565931268,8.686257671262134e-05,0.9912808062008351,0.008603908861634958,0.00011528493752996476,0.008719193799164924,45,45,1.5910483883902055e-40,0.0011019562565931268
7500,7501,37.505,29,6.598072272988262e-19,172,0.0012296554647153962,0.001229655464715396,1.763424314527717e-16,3,0.0011019562565931268,1.5853099475684636e-05,1.426192763090758e-05,0.0011019562565931268,8.686257671262134e-05,0.9912808062008351,0.008603908861634958,0.00011528493752996476,0.008719193799164924,45,45,1.5910483883902055e-40,0.0011019562565931268
7500,7501,37.505,30,3.5281178754054546e-20,200,0.0012296554647153962,0.001229655464715396,1.763424314527717e-16,3,0.0011019562565931268,1.5853099475684636e-05,1.426192763090758e-05,0.0011019562565931268,8.686257671262134e-05,0.9912808062008351,0.008603908861634958,0.00011528493752996476,0.008719193799164924,45,45,1.5910483883902055e-40,0.0011019562565931268
7500,7501,37.505,31,6.216550541909019e-38,192,0.0012296554647153962,0.001229655464715396,1.763424314527717e-16,3,0.0011019562565931268,1.5853099475684636e-05,1.426192763090758e-05,0.0011019562565931268,8.686257671262134e-05,0.9912808062008351,0.008603908861634958,0.00011528493752996476,0.008719193799164924,45,45,1.5910483883902055e-40,0.0011019562565931268
7500,7501,37.505,32,1.6345412339207258e-38,166,0.0012296554647153962,0.001229655464715396,1.763424314527717e-16,3,0.0011019562565931268,1.5853099475684636e-05,1.426192763090758e-05,0.0011019562565931268,8.686257671262134e-05,0.9912808062008351,0.008603908861634958,0.00011528493752996476,0.008719193799164924,45,45,1.5910483883902055e-40,0.0011019562565931268
7500,7501,37.505,33,1.0708988664933742e-38,148,0.0012296554647153962,0.001229655464715396,1.763424314527717e-16,3,0.0011019562565931268,1.5853099475684636e-05,1.426192763090758e-05,0.0011019562565931268,8.686257671262134e-05,0.9912808062008351,0.008603908861634958,0.00011528493752996476,0.008719193799164924,45,45,1.5910483883902055e-40,0.0011019562565931268
7500,7501,37.505,34,1.002109414551259e-38,128,0.0012296554647153962,0.001229655464715396,1.763424314527717e-16,3,0.0011019562565931268,1.5853099475684636e-05,1.426192763090758e-05,0.0011019562565931268,8.686257671262134e-05,0.9912808062008351,0.008603908861634958,0.00011528493752996476,0.008719193799164924,45,45,1.5910483883902055e-40,0.0011019562565931268
7500,7501,37.505,35,7.174830927157648e-39,104,0.0012296554647153962,0.001229655464715396,1.763424314527717e-16,3,0.0011019562565931268,1.5853099475684636e-05,1.426192763090758e-05,0.0011019562565931268,8.686257671262134e-05,0.9912808062008351,0.008603908861634958,0.00011528493752996476,0.008719193799164924,45,45,1.5910483883902055e-40,0.0011019562565931268
7500,7501,37.505,36,6.041292304485851e-39,88,0.0012296554647153962,0.001229655464715396,1.763424314527717e-16,3,0.0011019562565931268,1.5853099475684636e-05,1.426192763090758e-05,0.0011019562565931268,8.686257671262134e-05,0.9912808062008351,0.008603908861634958,0.00011528493752996476,0.008719193799164924,45,45,1.5910483883902055e-40,0.0011019562565931268
7500,7501,37.505,37,4.63994315389358e-39,76,0.0012296554647153962,0.001229655464715396,1.763424314527717e-16,3,0.0011019562565931268,1.5853099475684636e-05,1.426192763090758e-05,0.0011019562565931268,8.686257671262134e-05,0.9912808062008351,0.008603908861634958,0.00011528493752996476,0.008719193799164924,45,45,1.5910483883902055e-40,0.0011019562565931268
7500,7501,37.505,38,3.923341147092544e-39,68,0.0012296554647153962,0.001229655464715396,1.763424314527717e-16,3,0.0011019562565931268,1.5853099475684636e-05,1.426192763090758e-05,0.0011019562565931268,8.686257671262134e-05,0.9912808062008351,0.008603908861634958,0.00011528493752996476,0.008719193799164924,45,45,1.5910483883902055e-40,0.0011019562565931268
7500,7501,37.505,39,1.77884807263114e-39,48,0.0012296554647153962,0.001229655464715396,1.763424314527717e-16,3,0.0011019562565931268,1.5853099475684636e-05,1.426192763090758e-05,0.0011019562565931268,8.686257671262134e-05,0.9912808062008351,0.008603908861634958,0.00011528493752996476,0.008719193799164924,45,45,1.5910483883902055e-40,0.0011019562565931268
7500,7501,37.505,40,2.371481415984152e-39,56,0.0012296554647153962,0.001229655464715396,1.763424314527717e-16,3,0.0011019562565931268,1.5853099475684636e-05,1.426192763090758e-05,0.0011019562565931268,8.686257671262134e-05,0.9912808062008351,0.008603908861634958,0.00011528493752996476,0.008719193799164924,45,45,1.5910483883902055e-40,0.0011019562565931268
7500,7501,37.505,41,1.7649839236453782e-39,28,0.0012296554647153962,0.001229655464715396,1.763424314527717e-16,3,0.0011019562565931268,1.5853099475684636e-05,1.426192763090758e-05,0.0011019562565931268,8.686257671262134e-05,0.9912808062008351,0.008603908861634958,0.00011528493752996476,0.008719193799164924,45,45,1.5910483883902055e-40,0.0011019562565931268
7500,7501,37.505,42,1.629603202521426e-39,32,0.0012296554647153962,0.001229655464715396,1.763424314527717e-16,3,0.0011019562565931268,1.5853099475684636e-05,1.426192763090758e-05,0.0011019562565931268,8.686257671262134e-05,0.9912808062008351,0.008603908861634958,0.00011528493752996476,0.008719193799164924,45,45,1.5910483883902055e-40,0.0011019562565931268
7500,7501,37.505,43,9.560436898410223e-40,16,0.0012296554647153962,0.001229655464715396,1.763424314527717e-16,3,0.0011019562565931268,1.5853099475684636e-05,1.426192763090758e-05,0.0011019562565931268,8.686257671262134e-05,0.9912808062008351,0.008603908861634958,0.00011528493752996476,0.008719193799164924,45,45,1.5910483883902055e-40,0.0011019562565931268
7500,7501,37.505,44,2.258462238495426e-40,8,0.0012296554647153962,0.001229655464715396,1.763424314527717e-16,3,0.0011019562565931268,1.5853099475684636e-05,1.426192763090758e-05,0.0011019562565931268,8.686257671262134e-05,0.9912808062008351,0.008603908861634958,0.00011528493752996476,0.008719193799164924,45,45,1.5910483883902055e-40,0.0011019562565931268
7500,7501,37.505,45,1.5910483883902055e-40,5,0.0012296554647153962,0.001229655464715396,1.763424314527717e-16,3,0.0011019562565931268,1.5853099475684636e-05,1.426192763090758e-05,0.0011019562565931268,8.686257671262134e-05,0.9912808062008351,0.008603908861634958,0.00011528493752996476,0.008719193799164924,45,45,1.5910483883902055e-40,0.0011019562565931268
8000,8001,40.005,1,2.342481647551083e-05,8,0.001362612207723974,0.0013626122077239737,1.5913583723082754e-16,3,0.0012185321830859774,2.342481647551083e-05,1.6931159901808826e-05,0.0012185321830859774,9.083888942205933e-05,0.9905437814474451,0.00932095180517156,0.0001352667473833399,0.0094562185525549,45,45,1.319017080124448e-40,0.0012185321830859774
8000,8001,40.005,2,1.6931159901808826e-05,12,0.001362612207723974,0.0013626122077239737,1.5913583723082754e-16,3,0.0012185321830859774,2.342481647551083e-05,1.6931159901808826e-05,0.0012185321830859774,9.083888942205933e-05,0.9905437814474451,0.00932095180517156,0.0001352667473833399,0.0094562185525549,45,45,1.319017080124448e-40,0.0012185321830859774
8000,8001,40.005,3,0.0012185321830859774,16,0.001362612207723974,0.0013626122077239737,1.5913583723082754e-16,3,0.0012185321830859774,2.342481647551083e-05,1.6931159901808826e-05,0.0012185321830859774,9.083888942205933e-05,0.9905437814474451,0.00932095180517156,0.0001352667473833399,0.0094562185525549,45,45,1.319017080124448e-40,0.0012185321830859774
8000,8001,40.005,4,9.083888942205933e-05,32,0.001362612207723974,0.0013626122077239737,1.5913583723082754e-16,3,0.0012185321830859774,2.342481647551083e-05,1.6931159901808826e-05,0.0012185321830859774,9.083888942205933e-05,0.9905437814474451,0.00932095180517156,0.0001352667473833399,0.0094562185525549,45,45,1.319017080124448e-40,0.0012185321830859774
8000,8001,40.005,5,5.83357645388106e-06,28,0.001362612207723974,0.0013626122077239737,1.5913583723082754e-16,3,0.0012185321830859774,2.342481647551083e-05,1.6931159901808826e-05,0.0012185321830859774,9.083888942205933e-05,0.9905437814474451,0.00932095180517156,0.0001352667473833399,0.0094562185525549,45,45,1.319017080124448e-40,0.0012185321830859774
8000,8001,40.005,6,5.286484486711056e-06,40,0.001362612207723974,0.0013626122077239737,1.5913583723082754e-16,3,0.0012185321830859774,2.342481647551083e-05,1.6931159901808826e-05,0.0012185321830859774,9.083888942205933e-05,0.9905437814474451,0.00932095180517156,0.0001352667473833399,0.0094562185525549,45,45,1.319017080124448e-40,0.0012185321830859774
8000,8001,40.005,7,9.258170879621602e-07,40,0.001362612207723974,0.0013626122077239737,1.5913583723082754e-16,3,0.0012185321830859774,2.342481647551083e-05,1.6931159901808826e-05,0.0012185321830859774,9.083888942205933e-05,0.9905437814474451,0.00932095180517156,0.0001352667473833399,0.0094562185525549,45,45,1.319017080124448e-40,0.0012185321830859774
8000,8001,40.005,8,4.7519997494320277e-07,48,0.001362612207723974,0.0013626122077239737,1.5913583723082754e-16,3,0.0012185321830859774,2.342481647551083e-05,1.6931159901808826e-05,0.0012185321830859774,9.083888942205933e-05,0.9905437814474451,0.00932095180517156,0.0001352667473833399,0.0094562185525549,45,45,1.319017080124448e-40,0.0012185321830859774
8000,8001,40.005,9,1.7976471383609832e-07,68,0.001362612207723974,0.0013626122077239737,1.5913583723082754e-16,3,0.0012185321830859774,2.342481647551083e-05,1.6931159901808826e-05,0.0012185321830859774,9.083888942205933e-05,0.9905437814474451,0.00932095180517156,0.0001352667473833399,0.0094562185525549,45,45,1.319017080124448e-40,0.0012185321830859774
8000,8001,40.005,10,1.0950762094987323e-07,56,0.001362612207723974,0.0013626122077239737,1.5913583723082754e-16,3,0.0012185321830859774,2.342481647551083e-05,1.6931159901808826e-05,0.0012185321830859774,9.083888942205933e-05,0.9905437814474451,0.00932095180517156,0.0001352667473833399,0.0094562185525549,45,45,1.319017080124448e-40,0.0012185321830859774
8000,8001,40.005,11,2.818595160921293e-08,72,0.001362612207723974,0.0013626122077239737,1.5913583723082754e-16,3,0.0012185321830859774,2.342481647551083e-05,1.6931159901808826e-05,0.0012185321830859774,9.083888942205933e-05,0.9905437814474451,0.00932095180517156,0.0001352667473833399,0.0094562185525549,45,45,1.319017080124448e-40,0.0012185321830859774
8000,8001,40.005,12,2.5487517707932774e-08,68,0.001362612207723974,0.0013626122077239737,1.5913583723082754e-16,3,0.0012185321830859774,2.342481647551083e-05,1.6931159901808826e-05,0.0012185321830859774,9.083888942205933e-05,0.9905437814474451,0.00932095180517156,0.0001352667473833399,0.0094562185525549,45,45,1.319017080124448e-40,0.0012185321830859774
8000,8001,40.005,13,9.174679079565264e-09,88,0.001362612207723974,0.0013626122077239737,1.5913583723082754e-16,3,0.0012185321830859774,2.342481647551083e-05,1.6931159901808826e-05,0.0012185321830859774,9.083888942205933e-05,0.9905437814474451,0.00932095180517156,0.0001352667473833399,0.0094562185525549,45,45,1.319017080124448e-40,0.0012185321830859774
8000,8001,40.005,14,6.646231796203914e-09,88,0.001362612207723974,0.0013626122077239737,1.5913583723082754e-16,3,0.0012185321830859774,2.342481647551083e-05,1.6931159901808826e-05,0.0012185321830859774,9.083888942205933e-05,0.9905437814474451,0.00932095180517156,0.0001352667473833399,0.0094562185525549,45,45,1.319017080124448e-40,0.0012185321830859774
8000,8001,40.005,15,2.2356950926939654e-09,84,0.001362612207723974,0.0013626122077239737,1.5913583723082754e-16,3,0.0012185321830859774,2.342481647551083e-05,1.6931159901808826e-05,0.0012185321830859774,9.083888942205933e-05,0.9905437814474451,0.00932095180517156,0.0001352667473833399,0.0094562185525549,45,45,1.319017080124448e-40,0.0012185321830859774
8000,8001,40.005,16,1.7684264191511097e-09,112,0.001362612207723974,0.0013626122077239737,1.5913583723082754e-16,3,0.0012185321830859774,2.342481647551083e-05,1.6931159901808826e-05,0.0012185321830859774,9.083888942205933e-05,0.9905437814474451,0.00932095180517156,0.0001352667473833399,0.0094562185525549,45,45,1.319017080124448e-40,0.0012185321830859774
8000,8001,40.005,17,6.819002767146319e-10,112,0.001362612207723974,0.0013626122077239737,1.5913583723082754e-16,3,0.0012185321830859774,2.342481647551083e-05,1.6931159901808826e-05,0.0012185321830859774,9.083888942205933e-05,0.9905437814474451,0.00932095180517156,0.0001352667473833399,0.0094562185525549,45,45,1.319017080124448e-40,0.0012185321830859774
8000,8001,40.005,18,3.204430454628201e-10,112,0.001362612207723974,0.0013626122077239737,1.5913583723082754e-16,3,0.0012185321830859774,2.342481647551083e-05,1.6931159901808826e-05,0.0012185321830859774,9.083888942205933e-05,0.9905437814474451,0.00932095180517156,0.0001352667473833399,0.0094562185525549,45,45,1.319017080124448e-40,0.0012185321830859774
8000,8001,40.005,19,1.6244447947096463e-10,116,0.001362612207723974,0.0013626122077239737,1.5913583723082754e-16,3,0.0012185321830859774,2.342481647551083e-05,1.6931159901808826e-05,0.0012185321830859774,9.083888942205933e-05,0.9905437814474451,0.00932095180517156,0.0001352667473833399,0.0094562185525549,45,45,1.319017080124448e-40,0.0012185321830859774
8000,8001,40.005,20,8.54838025581644e-11,112,0.001362612207723974,0.0013626122077239737,1.5913583723082754e-16,3,0.0012185321830859774,2.342481647551083e-05,1.6931159901808826e-05,0.0012185321830859774,9.083888942205933e-05,0.9905437814474451,0.00932095180517156,0.0001352667473833399,0.0094562185525549,45,45,1.319017080124448e-40,0.0012185321830859774
8000,8001,40.005,21,4.710014002183144e-11,144,0.001362612207723974,0.0013626122077239737,1.5913583723082754e-16,3,0.0012185321830859774,2.342481647551083e-05,1.6931159901808826e-05,0.0012185321830859774,9.083888942205933e-05,0.9905437814474451,0.00932095180517156,0.0001352667473833399,0.0094562185525549,45,45,1.319017080124448e-40,0.0012185321830859774
8000,8001,40.005,22,1.1555961197986051e-11,140,0.001362612207723974,0.0013626122077239737,1.5913583723082754e-16,3,0.0012185321830859774,2.342481647551083e-05,1.6931159901808826e-05,0.0012185321830859774,9.083888942205933e-05,0.9905437814474451,0.00932095180517156,0.0001352667473833399,0.0094562185525549,45,45,1.319017080124448e-40,0.0012185321830859774
8000,8001,40.005,23,8.714839090806617e-13,144,0.001362612207723974,0.0013626122077239737,1.5913583723082754e-16,3,0.0012185321830859774,2.342481647551083e-05,1.6931159901808826e-05,0.0012185321830859774,9.083888942205933e-05,0.9905437814474451,0.00932095180517156,0.0001352667473833399,0.0094562185525549,45,45,1.319017080124448e-40,0.0012185321830859774
8000,8001,40.005,24,1.750687741073052e-13,144,0.001362612207723974,0.0013626122077239737,1.5913583723082754e-16,3,0.0012185321830859774,2.342481647551083e-05,1.6931159901808826e-05,0.0012185321830859774,9.083888942205933e-05,0.9905437814474451,0.00932095180517156,0.0001352667473833399,0.0094562185525549,45,45,1.319017080124448e-40,0.0012185321830859774
8000,8001,40.005,25,2.1092948154920462e-14,168,0.001362612207723974,0.0013626122077239737,1.5913583723082754e-16,3,0.0012185321830859774,2.342481647551083e-05,1.6931159901808826e-05,0.0012185321830859774,9.083888942205933e-05,0.9905437814474451,0.00932095180517156,0.0001352667473833399,0.0094562185525549,45,45,1.319017080124448e-40,0.0012185321830859774
8000,8001,40.005,26,2.9363039766320334e-15,164,0.001362612207723974,0.0013626122077239737,1.5913583723082754e-16,3,0.0012185321830859774,2.342481647551083e-05,1.6931159901808826e-05,0.0012185321830859774,9.083888942205933e-05,0.9905437814474451,0.00932095180517156,0.0001352667473833399,0.0094562185525549,45,45,1.319017080124448e-40,0.0012185321830859774
8000,8001,40.005,27,2.387545114412531e-16,160,0.001362612207723974,0.0013626122077239737,1.5913583723082754e-16,3,0.0012185321830859774,2.342481647551083e-05,1.6931159901808826e-05,0.0012185321830859774,9.083888942205933e-05,0.9905437814474451,0.00932095180517156,0.0001352667473833399,0.0094562185525549,45,45,1.319017080124448e-40,0.0012185321830859774
8000,8001,40.005,28,9.934126168033066e-17,184,0.001362612207723974,0.0013626122077239737,1.5913583723082754e-16,3,0.0012185321830859774,2.342481647551083e-05,1.6931159901808826e-05,0.0012185321830859774,9.083888942205933e-05,0.9905437814474451,0.00932095180517156,0.0001352667473833399,0.0094562185525549,45,45,1.319017080124448e-40,0.0012185321830859774
8000,8001,40.005,29,3.350073916604958e-18,172,0.001362612207723974,0.0013626122077239737,1.5913583723082754e-16,3,0.0012185321830859774,2.342481647551083e-05,1.6931159901808826e-05,0.0012185321830859774,9.083888942205933e-05,0.9905437814474451,0.00932095180517156,0.0001352667473833399,0.0094562185525549,45,45,1.319017080124448e-40,0.0012185321830859774
8000,8001,40.005,30,2.1305763510638496e-19,200,0.001362612207723974,0.0013626122077239737,1.5913583723082754e-16,3,0.0012185321830859774,2.342481647551083e-05,1.6931159901808826e-05,0.0012185321830859774,9.083888942205933e-05,0.9905437814474451,0.00932095180517156,0.0001352667473833399,0.0094562185525549,45,45,1.319017080124448e-40,0.0012185321830859774
8000,8001,40.005,31,6.390507520130758e-38,192,0.001362612207723974,0.0013626122077239737,1.5913583723082754e-16,3,0.0012185321830859774,2.342481647551083e-05,1.6931159901808826e-05,0.0012185321830859774,9.083888942205933e-05,0.9905437814474451,0.00932095180517156,0.0001352667473833399,0.0094562185525549,45,45,1.319017080124448e-40,0.0012185321830859774
8000,8001,40.005,32,2.2840397539955606e-38,166,0.001362612207723974,0.0013626122077239737,1.5913583723082754e-16,3,0.0012185321830859774,2.342481647551083e-05,1.6931159901808826e-05,0.0012185321830859774,9.083888942205933e-05,0.9905437814474451,0.00932095180517156,0.0001352667473833399,0.0094562185525549,45,45,1.319017080124448e-40,0.0012185321830859774
8000,8001,40.005,33,1.2752993506062506e-38,148,0.001362612207723974,0.0013626122077239737,1.5913583723082754e-16,3,0.0012185321830859774,2.342481647551083e-05,1.6931159901808826e-05,0.0012185321830859774,9.083888942205933e-05,0.9905437814474451,0.00932095180517156,0.0001352667473833399,0.0094562185525549,45,45,1.319017080124448e-40,0.0012185321830859774
8000,8001,40.005,34,1.28417081063054e-38,128,0.001362612207723974,0.0013626122077239737,1.5913583723082754e-16,3,0.0012185321830859774,2.342481647551083e-05,1.6931159901808826e-05,0.0012185321830859774,9.083888942205933e-05,0.9905437814474451,0.00932095180517156,0.0001352667473833399,0.0094562185525549,45,45,1.319017080124448e-40,0.0012185321830859774
8000,8001,40.005,35,6.910455089104396e-39,104,0.001362612207723974,0.0013626122077239737,1.5913583723082754e-16,3,0.0012185321830859774,2.342481647551083e-05,1.6931159901808826e-05,0.0012185321830859774,9.083888942205933e-05,0.9905437814474451,0.00932095180517156,0.0001352667473833399,0.0094562185525549,45,45,1.319017080124448e-40,0.0012185321830859774
8000,8001,40.005,36,5.164518670511962e-39,88,0.001362612207723974,0.0013626122077239737,1.5913583723082754e-16,3,0.0012185321830859774,2.342481647551083e-05,1.6931159901808826e-05,0.0012185321830859774,9.083888942205933e-05,0.9905437814474451,0.00932095180517156,0.0001352667473833399,0.0094562185525549,45,45,1.319017080124448e-40,0.0012185321830859774
8000,8001,40.005,37,4.637945668309376e-39,76,0.001362612207723974,0.0013626122077239737,1.5913583723082754e-16,3,0.0012185321830859774,2.342481647551083e-05,1.6931159901808826e-05,0.0012185321830859774,9.083888942205933e-05,0.9905437814474451,0.00932095180517156,0.0001352667473833399,0.0094562185525549,45,45,1.319017080124448e-40,0.0012185321830859774
8000,8001,40.005,38,3.628964247539719e-39,68,0.001362612207723974,0.0013626122077239737,1.5913583723082754e-16,3,0.0012185321830859774,2.342481647551083e-05,1.6931159901808826e-05,0.0012185321830859774,9.083888942205933e-05,0.9905437814474451,0.00932095180517156,0.0001352667473833399,0.0094562185525549,45,45,1.319017080124448e-40,0.0012185321830859774
8000,8001,40.005,39,2.1982907018208018e-39,48,0.001362612207723974,0.0013626122077239737,1.5913583723082754e-16,3,0.0012185321830859774,2.342481647551083e-05,1.6931159901808826e-05,0.0012185321830859774,9.083888942205933e-05,0.9905437814474451,0.00932095180517156,0.0001352667473833399,0.0094562185525549,45,45,1.319017080124448e-40,0.0012185321830859774
8000,8001,40.005,40,3.4309690969719364e-39,56,0.001362612207723974,0.0013626122077239737,1.5913583723082754e-16,3,0.0012185321830859774,2.342481647551083e-05,1.6931159901808826e-05,0.0012185321830859774,9.083888942205933e-05,0.9905437814474451,0.00932095180517156,0.0001352667473833399,0.0094562185525549,45,45,1.319017080124448e-40,0.0012185321830859774
8000,8001,40.005,41,9.248842726663386e-40,28,0.001362612207723974,0.0013626122077239737,1.5913583723082754e-16,3,0.0012185321830859774,2.342481647551083e-05,1.6931159901808826e-05,0.0012185321830859774,9.083888942205933e-05,0.9905437814474451,0.00932095180517156,0.0001352667473833399,0.0094562185525549,45,45,1.319017080124448e-40,0.0012185321830859774
8000,8001,40.005,42,2.477108986149185e-39,32,0.001362612207723974,0.0013626122077239737,1.5913583723082754e-16,3,0.0012185321830859774,2.342481647551083e-05,1.6931159901808826e-05,0.0012185321830859774,9.083888942205933e-05,0.9905437814474451,0.00932095180517156,0.0001352667473833399,0.0094562185525549,45,45,1.319017080124448e-40,0.0012185321830859774
8000,8001,40.005,43,1.0642157874629566e-39,16,0.001362612207723974,0.0013626122077239737,1.5913583723082754e-16,3,0.0012185321830859774,2.342481647551083e-05,1.6931159901808826e-05,0.0012185321830859774,9.083888942205933e-05,0.9905437814474451,0.00932095180517156,0.0001352667473833399,0.0094562185525549,45,45,1.319017080124448e-40,0.0012185321830859774
8000,8001,40.005,44,6.48546173770464e-40,8,0.001362612207723974,0.0013626122077239737,1.5913583723082754e-16,3,0.0012185321830859774,2.342481647551083e-05,1.6931159901808826e-05,0.0012185321830859774,9.083888942205933e-05,0.9905437814474451,0.00932095180517156,0.0001352667473833399,0.0094562185525549,45,45,1.319017080124448e-40,0.0012185321830859774
8000,8001,40.005,45,1.319017080124448e-40,5,0.001362612207723974,0.0013626122077239737,1.5913583723082754e-16,3,0.0012185321830859774,2.342481647551083e-05,1.6931159901808826e-05,0.0012185321830859774,9.083888942205933e-05,0.9905437814474451,0.00932095180517156,0.0001352667473833399,0.0094562185525549,45,45,1.319017080124448e-40,0.0012185321830859774
8500,8501,42.505,1,3.36633815044218e-05,8,0.0014975419696025625,0.0014975419696025623,1.447975675464033e-16,3,0.0013348074296184954,3.36633815044218e-05,1.9265509209975163e-05,0.0013348074296184954,9.47397109378888e-05,0.9899395551927139,0.00990666057374153,0.0001537842335445268,0.010060444807286056,45,45,6.222583240571818e-41,0.0013348074296184954
8500,8501,42.505,2,1.9265509209975163e-05,12,0.0014975419696025625,0.0014975419696025623,1.447975675464033e-16,3,0.0013348074296184954,3.36633815044218e-05,1.9265509209975163e-05,0.0013348074296184954,9.47397109378888e-05,0.9899395551927139,0.00990666057374153,0.0001537842335445268,0.010060444807286056,45,45,6.222583240571818e-41,0.0013348074296184954
8500,8501,42.505,3,0.0013348074296184954,16,0.0014975419696025625,0.0014975419696025623,1.447975675464033e-16,3,0.0013348074296184954,3.36633815044218e-05,1.9265509209975163e-05,0.0013348074296184954,9.47397109378888e-05,0.9899395551927139,0.00990666057374153,0.0001537842335445268,0.010060444807286056,45,45,6.222583240571818e-41,0.0013348074296184954
8500,8501,42.505,4,9.47397109378888e-05,32,0.0014975419696025625,0.0014975419696025623,1.447975675464033e-16,3,0.0013348074296184954,3.36633815044218e-05,1.9265509209975163e-05,0.0013348074296184954,9.47397109378888e-05,0.9899395551927139,0.00990666057374153,0.0001537842335445268,0.010060444807286056,45,45,6.222583240571818e-41,0.0013348074296184954
8500,8501,42.505,5,7.067388495580485e-06,28,0.0014975419696025625,0.0014975419696025623,1.447975675464033e-16,3,0.0013348074296184954,3.36633815044218e-05,1.9265509209975163e-05,0.0013348074296184954,9.47397109378888e-05,0.9899395551927139,0.00990666057374153,0.0001537842335445268,0.010060444807286056,45,45,6.222583240571818e-41,0.0013348074296184954
8500,8501,42.505,6,5.853413518991355e-06,40,0.0014975419696025625,0.0014975419696025623,1.447975675464033e-16,3,0.0013348074296184954,3.36633815044218e-05,1.9265509209975163e-05,0.0013348074296184954,9.47397109378888e-05,0.9899395551927139,0.00990666057374153,0.0001537842335445268,0.010060444807286056,45,45,6.222583240571818e-41,0.0013348074296184954
8500,8501,42.505,7,1.1812945927430208e-06,40,0.0014975419696025625,0.0014975419696025623,1.447975675464033e-16,3,0.0013348074296184954,3.36633815044218e-05,1.9265509209975163e-05,0.0013348074296184954,9.47397109378888e-05,0.9899395551927139,0.00990666057374153,0.0001537842335445268,0.010060444807286056,45,45,6.222583240571818e-41,0.0013348074296184954
8500,8501,42.505,8,5.13263513366621e-07,48,0.0014975419696025625,0.0014975419696025623,1.447975675464033e-16,3,0.0013348074296184954,3.36633815044218e-05,1.9265509209975163e-05,0.0013348074296184954,9.47397109378888e-05,0.9899395551927139,0.00990666057374153,0.0001537842335445268,0.010060444807286056,45,45,6.222583240571818e-41,0.0013348074296184954
8500,8501,42.505,9,2.202798671034576e-07,68,0.0014975419696025625,0.0014975419696025623,1.447975675464033e-16,3,0.0013348074296184954,3.36633815044218e-05,1.9265509209975163e-05,0.0013348074296184954,9.47397109378888e-05,0.9899395551927139,0.00990666057374153,0.0001537842335445268,0.010060444807286056,45,45,6.222583240571818e-41,0.0013348074296184954
8500,8501,42.505,10,1.3663340416006274e-07,56,0.0014975419696025625,0.0014975419696025623,1.447975675464033e-16,3,0.0013348074296184954,3.36633815044218e-05,1.9265509209975163e-05,0.0013348074296184954,9.47397109378888e-05,0.9899395551927139,0.00990666057374153,0.0001537842335445268,0.010060444807286056,45,45,6.222583240571818e-41,0.0013348074296184954
8500,8501,42.505,11,3.460453789364023e-08,72,0.0014975419696025625,0.0014975419696025623,1.447975675464033e-16,3,0.0013348074296184954,3.36633815044218e-05,1.9265509209975163e-05,0.0013348074296184954,9.47397109378888e-05,0.9899395551927139,0.00990666057374153,0.0001537842335445268,0.010060444807286056,45,45,6.222583240571818e-41,0.0013348074296184954
8500,8501,42.505,12,3.084655564916179e-08,68,0.0014975419696025625,0.0014975419696025623,1.447975675464033e-16,3,0.0013348074296184954,3.36633815044218e-05,1.9265509209975163e-05,0.0013348074296184954,9.47397109378888e-05,0.9899395551927139,0.00990666057374153,0.0001537842335445268,0.010060444807286056,45,45,6.222583240571818e-41,0.0013348074296184954
8500,8501,42.505,13,1.1748218204285216e-08,88,0.0014975419696025625,0.0014975419696025623,1.447975675464033e-16,3,0.0013348074296184954,3.36633815044218e-05,1.9265509209975163e-05,0.0013348074296184954,9.47397109378888e-05,0.9899395551927139,0.00990666057374153,0.0001537842335445268,0.010060444807286056,45,45,6.222583240571818e-41,0.0013348074296184954
8500,8501,42.505,14,8.945778277172287e-09,88,0.0014975419696025625,0.0014975419696025623,1.447975675464033e-16,3,0.0013348074296184954,3.36633815044218e-05,1.9265509209975163e-05,0.0013348074296184954,9.47397109378888e-05,0.9899395551927139,0.00990666057374153,0.0001537842335445268,0.010060444807286056,45,45,6.222583240571818e-41,0.0013348074296184954
8500,8501,42.505,15,3.026000180683158e-09,84,0.0014975419696025625,0.0014975419696025623,1.447975675464033e-16,3,0.0013348074296184954,3.36633815044218e-05,1.9265509209975163e-05,0.0013348074296184954,9.47397109378888e-05,0.9899395551927139,0.00990666057374153,0.0001537842335445268,0.010060444807286056,45,45,6.222583240571818e-41,0.0013348074296184954
8500,8501,42.505,16,2.517068171853183e-09,112,0.0014975419696025625,0.0014975419696025623,1.447975675464033e-16,3,0.0013348074296184954,3.36633815044218e-05,1.9265509209975163e-05,0.0013348074296184954,9.47397109378888e-05,0.9899395551927139,0.00990666057374153,0.0001537842335445268,0.010060444807286056,45,45,6.222583240571818e-41,0.0013348074296184954
8500,8501,42.505,17,9.683626563854532e-10,112,0.0014975419696025625,0.0014975419696025623,1.447975675464033e-16,3,0.0013348074296184954,3.36633815044218e-05,1.9265509209975163e-05,0.0013348074296184954,9.47397109378888e-05,0.9899395551927139,0.00990666057374153,0.0001537842335445268,0.010060444807286056,45,45,6.222583240571818e-41,0.0013348074296184954
8500,8501,42.505,18,5.052636020125138e-10,112,0.0014975419696025625,0.0014975419696025623,1.447975675464033e-16,3,0.0013348074296184954,3.36633815044218e-05,1.9265509209975163e-05,0.0013348074296184954,9.47397109378888e-05,0.9899395551927139,0.00990666057374153,0.0001537842335445268,0.010060444807286056,45,45,6.222583240571818e-41,0.0013348074296184954
8500,8501,42.505,19,2.524189269140842e-10,116,0.0014975419696025625,0.0014975419696025623,1.447975675464033e-16,3,0.0013348074296184954,3.36633815044218e-05,1.9265509209975163e-05,0.0013348074296184954,9.47397109378888e-05,0.9899395551927139,0.00990666057374153,0.0001537842335445268,0.010060444807286056,45,45,6.222583240571818e-41,0.0013348074296184954
8500,8501,42.505,20,1.4720275662010125e-10,112,0.0014975419696025625,0.0014975419696025623,1.447975675464033e-16,3,0.0013348074296184954,3.36633815044218e-05,1.9265509209975163e-05,0.0013348074296184954,9.47397109378888e-05,0.9899395551927139,0.00990666057374153,0.0001537842335445268,0.010060444807286056,45,45,6.222583240571818e-41,0.0013348074296184954
8500,8501,42.505,21,7.969415511562557e-11,144,0.0014975419696025625,0.0014975419696025623,1.447975675464033e-16,3,0.0013348074296184954,3.36633815044218e-05,1.9265509209975163e-05,0.0013348074296184954,9.47397109378888e-05,0.9899395551927139,0.00990666057374153,0.0001537842335445268,0.010060444807286056,45,45,6.222583240571818e-41,0.0013348074296184954
8500,8501,42.505,22,2.148888265358265e-11,140,0.0014975419696025625,0.0014975419696025623,1.447975675464033e-16,3,0.0013348074296184954,3.36633815044218e-05,1.9265509209975163e-05,0.0013348074296184954,9.47397109378888e-05,0.9899395551927139,0.00990666057374153,0.0001537842335445268,0.010060444807286056,45,45,6.222583240571818e-41,0.0013348074296184954
8500,8501,42.505,23,1.882074707814797e-12,144,0.0014975419696025625,0.0014975419696025623,1.447975675464033e-16,3,0.0013348074296184954,3.36633815044218e-05,1.9265509209975163e-05,0.0013348074296184954,9.47397109378888e-05,0.9899395551927139,0.00990666057374153,0.0001537842335445268,0.010060444807286056,45,45,6.222583240571818e-41,0.0013348074296184954
8500,8501,42.505,24,4.0465118367815796e-13,144,0.0014975419696025625,0.0014975419696025623,1.447975675464033e-16,3,0.0013348074296184954,3.36633815044218e-05,1.9265509209975163e-05,0.0013348074296184954,9.47397109378888e-05,0.9899395551927139,0.00990666057374153,0.0001537842335445268,0.010060444807286056,45,45,6.222583240571818e-41,0.0013348074296184954
8500,8501,42.505,25,5.441174226383124e-14,168,0.0014975419696025625,0.0014975419696025623,1.447975675464033e-16,3,0.0013348074296184954,3.36633815044218e-05,1.9265509209975163e-05,0.0013348074296184954,9.47397109378888e-05,0.9899395551927139,0.00990666057374153,0.0001537842335445268,0.010060444807286056,45,45,6.222583240571818e-41,0.0013348074296184954
8500,8501,42.505,26,8.257516531545364e-15,164,0.0014975419696025625,0.0014975419696025623,1.447975675464033e-16,3,0.0013348074296184954,3.36633815044218e-05,1.9265509209975163e-05,0.0013348074296184954,9.47397109378888e-05,0.9899395551927139,0.00990666057374153,0.0001537842335445268,0.010060444807286056,45,45,6.222583240571818e-41,0.0013348074296184954
8500,8501,42.505,27,7.393320675118526e-16,160,0.0014975419696025625,0.0014975419696025623,1.447975675464033e-16,3,0.0013348074296184954,3.36633815044218e-05,1.9265509209975163e-05,0.0013348074296184954,9.47397109378888e-05,0.9899395551927139,0.00990666057374153,0.0001537842335445268,0.010060444807286056,45,45,6.222583240571818e-41,0.0013348074296184954
8500,8501,42.505,28,3.2919872110258767e-16,184,0.0014975419696025625,0.0014975419696025623,1.447975675464033e-16,3,0.0013348074296184954,3.36633815044218e-05,1.9265509209975163e-05,0.0013348074296184954,9.47397109378888e-05,0.9899395551927139,0.00990666057374153,0.0001537842335445268,0.010060444807286056,45,45,6.222583240571818e-41,0.0013348074296184954
8500,8501,42.505,29,1.4738260614508645e-17,172,0.0014975419696025625,0.0014975419696025623,1.447975675464033e-16,3,0.0013348074296184954,3.36633815044218e-05,1.9265509209975163e-05,0.0013348074296184954,9.47397109378888e-05,0.9899395551927139,0.00990666057374153,0.0001537842335445268,0.010060444807286056,45,45,6.222583240571818e-41,0.0013348074296184954
8500,8501,42.505,30,1.1117983854627773e-18,200,0.0014975419696025625,0.0014975419696025623,1.447975675464033e-16,3,0.0013348074296184954,3.36633815044218e-05,1.9265509209975163e-05,0.0013348074296184954,9.47397109378888e-05,0.9899395551927139,0.00990666057374153,0.0001537842335445268,0.010060444807286056,45,45,6.222583240571818e-41,0.0013348074296184954
8500,8501,42.505,31,9.941943092578473e-38,192,0.0014975419696025625,0.0014975419696025623,1.447975675464033e-16,3,0.0013348074296184954,3.36633815044218e-05,1.9265509209975163e-05,0.0013348074296184954,9.47397109378888e-05,0.9899395551927139,0.00990666057374153,0.0001537842335445268,0.010060444807286056,45,45,6.222583240571818e-41,0.0013348074296184954
8500,8501,42.505,32,2.007316597235101e-38,166,0.0014975419696025625,0.0014975419696025623,1.447975675464033e-16,3,0.0013348074296184954,3.36633815044218e-05,1.9265509209975163e-05,0.0013348074296184954,9.47397109378888e-05,0.9899395551927139,0.00990666057374153,0.0001537842335445268,0.010060444807286056,45,45,6.222583240571818e-41,0.0013348074296184954
8500,8501,42.505,33,1.3402592698887137e-38,148,0.0014975419696025625,0.0014975419696025623,1.447975675464033e-16,3,0.0013348074296184954,3.36633815044218e-05,1.9265509209975163e-05,0.0013348074296184954,9.47397109378888e-05,0.9899395551927139,0.00990666057374153,0.0001537842335445268,0.010060444807286056,45,45,6.222583240571818e-41,0.0013348074296184954
8500,8501,42.505,34,1.3604130606287798e-38,128,0.0014975419696025625,0.0014975419696025623,1.447975675464033e-16,3,0.0013348074296184954,3.36633815044218e-05,1.9265509209975163e-05,0.0013348074296184954,9.47397109378888e-05,0.9899395551927139,0.00990666057374153,0.0001537842335445268,0.010060444807286056,45,45,6.222583240571818e-41,0.0013348074296184954
8500,8501,42.505,35,6.881236574533591e-39,104,0.0014975419696025625,0.0014975419696025623,1.447975675464033e-16,3,0.0013348074296184954,3.36633815044218e-05,1.9265509209975163e-05,0.0013348074296184954,9.47397109378888e-05,0.9899395551927139,0.00990666057374153,0.0001537842335445268,0.010060444807286056,45,45,6.222583240571818e-41,0.0013348074296184954
8500,8501,42.505,36,6.213808322861144e-39,88,0.0014975419696025625,0.0014975419696025623,1.447975675464033e-16,3,0.0013348074296184954,3.36633815044218e-05,1.9265509209975163e-05,0.0013348074296184954,9.47397109378888e-05,0.9899395551927139,0.00990666057374153,0.0001537842335445268,0.010060444807286056,45,45,6.222583240571818e-41,0.0013348074296184954
8500,8501,42.505,37,6.390334906349039e-39,76,0.0014975419696025625,0.0014975419696025623,1.447975675464033e-16,3,0.0013348074296184954,3.36633815044218e-05,1.9265509209975163e-05,0.0013348074296184954,9.47397109378888e-05,0.9899395551927139,0.00990666057374153,0.0001537842335445268,0.010060444807286056,45,45,6.222583240571818e-41,0.0013348074296184954
8500,8501,42.505,38,7.563706092944605e-39,68,0.0014975419696025625,0.0014975419696025623,1.447975675464033e-16,3,0.0013348074296184954,3.36633815044218e-05,1.9265509209975163e-05,0.0013348074296184954,9.47397109378888e-05,0.9899395551927139,0.00990666057374153,0.0001537842335445268,0.010060444807286056,45,45,6.222583240571818e-41,0.0013348074296184954
8500,8501,42.505,39,3.424237737452516e-39,48,0.0014975419696025625,0.0014975419696025623,1.447975675464033e-16,3,0.0013348074296184954,3.36633815044218e-05,1.9265509209975163e-05,0.0013348074296184954,9.47397109378888e-05,0.9899395551927139,0.00990666057374153,0.0001537842335445268,0.010060444807286056,45,45,6.222583240571818e-41,0.0013348074296184954
8500,8501,42.505,40,4.609654113785451e-39,56,0.0014975419696025625,0.0014975419696025623,1.447975675464033e-16,3,0.0013348074296184954,3.36633815044218e-05,1.9265509209975163e-05,0.0013348074296184954,9.47397109378888e-05,0.9899395551927139,0.00990666057374153,0.0001537842335445268,0.010060444807286056,45,45,6.222583240571818e-41,0.0013348074296184954
8500,8501,42.505,41,2.157402763405155e-39,28,0.0014975419696025625,0.0014975419696025623,1.447975675464033e-16,3,0.0013348074296184954,3.36633815044218e-05,1.9265509209975163e-05,0.0013348074296184954,9.47397109378888e-05,0.9899395551927139,0.00990666057374153,0.0001537842335445268,0.010060444807286056,45,45,6.222583240571818e-41,0.0013348074296184954
8500,8501,42.505,42,2.1559303488988914e-39,32,0.0014975419696025625,0.0014975419696025623,1.447975675464033e-16,3,0.0013348074296184954,3.36633815044218e-05,1.9265509209975163e-05,0.0013348074296184954,9.47397109378888e-05,0.9899395551927139,0.00990666057374153,0.0001537842335445268,0.010060444807286056,45,45,6.222583240571818e-41,0.0013348074296184954
8500,8501,42.505,43,1.2048390112033548e-39,16,0.0014975419696025625,0.0014975419696025623,1.447975675464033e-16,3,0.0013348074296184954,3.36633815044218e-05,1.9265509209975163e-05,0.0013348074296184954,9.47397109378888e-05,0.9899395551927139,0.00990666057374153,0.0001537842335445268,0.010060444807286056,45,45,6.222583240571818e-41,0.0013348074296184954
8500,8501,42.505,44,2.460193015030401e-40,8,0.0014975419696025625,0.0014975419696025623,1.447975675464033e-16,3,0.0013348074296184954,3.36633815044218e-05,1.9265509209975163e-05,0.0013348074296184954,9.47397109378888e-05,0.9899395551927139,0.00990666057374153,0.0001537842335445268,0.010060444807286056,45,45,6.222583240571818e-41,0.0013348074296184954
8500,8501,42.505,45,6.222583240571818e-41,5,0.0014975419696025625,0.0014975419696025623,1.447975675464033e-16,3,0.0013348074296184954,3.36633815044218e-05,1.9265509209975163e-05,0.0013348074296184954,9.47397109378888e-05,0.9899395551927139,0.00990666057374153,0.0001537842335445268,0.010060444807286056,45,45,6.222583240571818e-41,0.0013348074296184954
9000,9001,45.005,1,4.711558015515123e-05,8,0.0016336988311003511,0.001633698831100351,1.327297482064375e-16,3,0.0014493427240657643,4.711558015515123e-05,2.1171846782177876e-05,0.0014493427240657643,9.887774381953375e-05,0.9894772916828586,0.010350425959482953,0.00017228235765839195,0.010522708317141345,45,45,6.130121328064523e-41,0.0014493427240657643
9000,9001,45.005,2,2.1171846782177876e-05,12,0.0016336988311003511,0.001633698831100351,1.327297482064375e-16,3,0.0014493427240657643,4.711558015515123e-05,2.1171846782177876e-05,0.0014493427240657643,9.887774381953375e-05,0.9894772916828586,0.010350425959482953,0.00017228235765839195,0.010522708317141345,45,45,6.130121328064523e-41,0.0014493427240657643
9000,9001,45.005,3,0.0014493427240657643,16,0.0016336988311003511,0.001633698831100351,1.327297482064375e-16,3,0.0014493427240657643,4.711558015515123e-05,2.1171846782177876e-05,0.0014493427240657643,9.887774381953375e-05,0.9894772916828586,0.010350425959482953,0.00017228235765839195,0.010522708317141345,45,45,6.130121328064523e-41,0.0014493427240657643
9000,9001,45.005,4,9.887774381953375e-05,32,0.0016336988311003511,0.001633698831100351,1.327297482064375e-16,3,0.0014493427240657643,4.711558015515123e-05,2.1171846782177876e-05,0.0014493427240657643,9.887774381953375e-05,0.9894772916828586,0.010350425959482953,0.00017228235765839195,0.010522708317141345,45,45,6.130121328064523e-41,0.0014493427240657643
9000,9001,45.005,5,8.343196208888243e-06,28,0.0016336988311003511,0.001633698831100351,1.327297482064375e-16,3,0.0014493427240657643,4.711558015515123e-05,2.1171846782177876e-05,0.0014493427240657643,9.887774381953375e-05,0.9894772916828586,0.010350425959482953,0.00017228235765839195,0.010522708317141345,45,45,6.130121328064523e-41,0.0014493427240657643
9000,9001,45.005,6,6.288549481722398e-06,40,0.0016336988311003511,0.001633698831100351,1.327297482064375e-16,3,0.0014493427240657643,4.711558015515123e-05,2.1171846782177876e-05,0.0014493427240657643,9.887774381953375e-05,0.9894772916828586,0.010350425959482953,0.00017228235765839195,0.010522708317141345,45,45,6.130121328064523e-41,0.0014493427240657643
9000,9001,45.005,7,1.472269685654454e-06,40,0.0016336988311003511,0.001633698831100351,1.327297482064375e-16,3,0.0014493427240657643,4.711558015515123e-05,2.1171846782177876e-05,0.0014493427240657643,9.887774381953375e-05,0.9894772916828586,0.010350425959482953,0.00017228235765839195,0.010522708317141345,45,45,6.130121328064523e-41,0.0014493427240657643
9000,9001,45.005,8,5.526177864014839e-07,48,0.0016336988311003511,0.001633698831100351,1.327297482064375e-16,3,0.0014493427240657643,4.711558015515123e-05,2.1171846782177876e-05,0.0014493427240657643,9.887774381953375e-05,0.9894772916828586,0.010350425959482953,0.00017228235765839195,0.010522708317141345,45,45,6.130121328064523e-41,0.0014493427240657643
9000,9001,45.005,9,2.5284562873144954e-07,68,0.0016336988311003511,0.001633698831100351,1.327297482064375e-16,3,0.0014493427240657643,4.711558015515123e-05,2.1171846782177876e-05,0.0014493427240657643,9.887774381953375e-05,0.9894772916828586,0.010350425959482953,0.00017228235765839195,0.010522708317141345,45,45,6.130121328064523e-41,0.0014493427240657643
9000,9001,45.005,10,1.675106310865105e-07,56,0.0016336988311003511,0.001633698831100351,1.327297482064375e-16,3,0.0014493427240657643,4.711558015515123e-05,2.1171846782177876e-05,0.0014493427240657643,9.887774381953375e-05,0.9894772916828586,0.010350425959482953,0.00017228235765839195,0.010522708317141345,45,45,6.130121328064523e-41,0.0014493427240657643
9000,9001,45.005,11,4.336817203072427e-08,72,0.0016336988311003511,0.001633698831100351,1.327297482064375e-16,3,0.0014493427240657643,4.711558015515123e-05,2.1171846782177876e-05,0.0014493427240657643,9.887774381953375e-05,0.9894772916828586,0.010350425959482953,0.00017228235765839195,0.010522708317141345,45,45,6.130121328064523e-41,0.0014493427240657643
9000,9001,45.005,12,3.5374580554724626e-08,68,0.0016336988311003511,0.001633698831100351,1.327297482064375e-16,3,0.0014493427240657643,4.711558015515123e-05,2.1171846782177876e-05,0.0014493427240657643,9.887774381953375e-05,0.9894772916828586,0.010350425959482953,0.00017228235765839195,0.010522708317141345,45,45,6.130121328064523e-41,0.0014493427240657643
9000,9001,45.005,13,1.4323198678420531e-08,88,0.0016336988311003511,0.001633698831100351,1.327297482064375e-16,3,0.0014493427240657643,4.711558015515123e-05,2.1171846782177876e-05,0.0014493427240657643,9.887774381953375e-05,0.9894772916828586,0.010350425959482953,0.00017228235765839195,0.010522708317141345,45,45,6.130121328064523e-41,0.0014493427240657643
9000,9001,45.005,14,1.1044188324372261e-08,88,0.0016336988311003511,0.001633698831100351,1.327297482064375e-16,3,0.0014493427240657643,4.711558015515123e-05,2.1171846782177876e-05,0.0014493427240657643,9.887774381953375e-05,0.9894772916828586,0.010350425959482953,0.00017228235765839195,0.010522708317141345,45,45,6.130121328064523e-41,0.0014493427240657643
9000,9001,45.005,15,3.900640066552571e-09,84,0.0016336988311003511,0.001633698831100351,1.327297482064375e-16,3,0.0014493427240657643,4.711558015515123e-05,2.1171846782177876e-05,0.0014493427240657643,9.887774381953375e-05,0.9894772916828586,0.010350425959482953,0.00017228235765839195,0.010522708317141345,45,45,6.130121328064523e-41,0.0014493427240657643
9000,9001,45.005,16,3.23600880599144e-09,112,0.0016336988311003511,0.001633698831100351,1.327297482064375e-16,3,0.0014493427240657643,4.711558015515123e-05,2.1171846782177876e-05,0.0014493427240657643,9.887774381953375e-05,0.9894772916828586,0.010350425959482953,0.00017228235765839195,0.010522708317141345,45,45,6.130121328064523e-41,0.0014493427240657643
9000,9001,45.005,17,1.2519144129188367e-09,112,0.0016336988311003511,0.001633698831100351,1.327297482064375e-16,3,0.0014493427240657643,4.711558015515123e-05,2.1171846782177876e-05,0.0014493427240657643,9.887774381953375e-05,0.9894772916828586,0.010350425959482953,0.00017228235765839195,0.010522708317141345,45,45,6.130121328064523e-41,0.0014493427240657643
9000,9001,45.005,18,7.117181247846004e-10,112,0.0016336988311003511,0.001633698831100351,1.327297482064375e-16,3,0.0014493427240657643,4.711558015515123e-05,2.1171846782177876e-05,0.0014493427240657643,9.887774381953375e-05,0.9894772916828586,0.010350425959482953,0.00017228235765839195,0.010522708317141345,45,45,6.130121328064523e-41,0.0014493427240657643
9000,9001,45.005,19,3.5503384934902494e-10,116,0.0016336988311003511,0.001633698831100351,1.327297482064375e-16,3,0.0014493427240657643,4.711558015515123e-05,2.1171846782177876e-05,0.0014493427240657643,9.887774381953375e-05,0.9894772916828586,0.010350425959482953,0.00017228235765839195,0.010522708317141345,45,45,6.130121328064523e-41,0.0014493427240657643
9000,9001,45.005,20,2.2562528897927674e-10,112,0.0016336988311003511,0.001633698831100351,1.327297482064375e-16,3,0.0014493427240657643,4.711558015515123e-05,2.1171846782177876e-05,0.0014493427240657643,9.887774381953375e-05,0.9894772916828586,0.010350425959482953,0.00017228235765839195,0.010522708317141345,45,45,6.130121328064523e-41,0.0014493427240657643
9000,9001,45.005,21,1.163284103711433e-10,144,0.0016336988311003511,0.001633698831100351,1.327297482064375e-16,3,0.0014493427240657643,4.711558015515123e-05,2.1171846782177876e-05,0.0014493427240657643,9.887774381953375e-05,0.9894772916828586,0.010350425959482953,0.00017228235765839195,0.010522708317141345,45,45,6.130121328064523e-41,0.0014493427240657643
9000,9001,45.005,22,3.487540556121128e-11,140,0.0016336988311003511,0.001633698831100351,1.327297482064375e-16,3,0.0014493427240657643,4.711558015515123e-05,2.1171846782177876e-05,0.0014493427240657643,9.887774381953375e-05,0.9894772916828586,0.010350425959482953,0.00017228235765839195,0.010522708317141345,45,45,6.130121328064523e-41,0.0014493427240657643
9000,9001,45.005,23,3.5966120578373924e-12,144,0.0016336988311003511,0.001633698831100351,1.327297482064375e-16,3,0.0014493427240657643,4.711558015515123e-05,2.1171846782177876e-05,0.0014493427240657643,9.887774381953375e-05,0.9894772916828586,0.010350425959482953,0.00017228235765839195,0.010522708317141345,45,45,6.130121328064523e-41,0.0014493427240657643
9000,9001,45.005,24,8.222334970008241e-13,144,0.0016336988311003511,0.001633698831100351,1.327297482064375e-16,3,0.0014493427240657643,4.711558015515123e-05,2.1171846782177876e-05,0.0014493427240657643,9.887774381953375e-05,0.9894772916828586,0.010350425959482953,0.00017228235765839195,0.010522708317141345,45,45,6.130121328064523e-41,0.0014493427240657643
9000,9001,45.005,25,1.2785188385027091e-13,168,0.0016336988311003511,0.001633698831100351,1.327297482064375e-16,3,0.0014493427240657643,4.711558015515123e-05,2.1171846782177876e-05,0.0014493427240657643,9.887774381953375e-05,0.9894772916828586,0.010350425959482953,0.00017228235765839195,0.010522708317141345,45,45,6.130121328064523e-41,0.0014493427240657643
9000,9001,45.005,26,2.1587721695735528e-14,164,0.0016336988311003511,0.001633698831100351,1.327297482064375e-16,3,0.0014493427240657643,4.711558015515123e-05,2.1171846782177876e-05,0.0014493427240657643,9.887774381953375e-05,0.9894772916828586,0.010350425959482953,0.00017228235765839195,0.010522708317141345,45,45,6.130121328064523e-41,0.0014493427240657643
9000,9001,45.005,27,1.9957589881241366e-15,160,0.0016336988311003511,0.001633698831100351,1.327297482064375e-16,3,0.0014493427240657643,4.711558015515123e-05,2.1171846782177876e-05,0.0014493427240657643,9.887774381953375e-05,0.9894772916828586,0.010350425959482953,0.00017228235765839195,0.010522708317141345,45,45,6.130121328064523e-41,0.0014493427240657643
9000,9001,45.005,28,9.46455855469862e-16,184,0.0016336988311003511,0.001633698831100351,1.327297482064375e-16,3,0.0014493427240657643,4.711558015515123e-05,2.1171846782177876e-05,0.0014493427240657643,9.887774381953375e-05,0.9894772916828586,0.010350425959482953,0.00017228235765839195,0.010522708317141345,45,45,6.130121328064523e-41,0.0014493427240657643
9000,9001,45.005,29,5.417841313409144e-17,172,0.0016336988311003511,0.001633698831100351,1.327297482064375e-16,3,0.0014493427240657643,4.711558015515123e-05,2.1171846782177876e-05,0.0014493427240657643,9.887774381953375e-05,0.9894772916828586,0.010350425959482953,0.00017228235765839195,0.010522708317141345,45,45,6.130121328064523e-41,0.0014493427240657643
9000,9001,45.005,30,4.913534507828141e-18,200,0.0016336988311003511,0.001633698831100351,1.327297482064375e-16,3,0.0014493427240657643,4.711558015515123e-05,2.1171846782177876e-05,0.0014493427240657643,9.887774381953375e-05,0.9894772916828586,0.010350425959482953,0.00017228235765839195,0.010522708317141345,45,45,6.130121328064523e-41,0.0014493427240657643
9000,9001,45.005,31,1.0951698141726946e-37,192,0.0016336988311003511,0.001633698831100351,1.327297482064375e-16,3,0.0014493427240657643,4.711558015515123e-05,2.1171846782177876e-05,0.0014493427240657643,9.887774381953375e-05,0.9894772916828586,0.010350425959482953,0.00017228235765839195,0.010522708317141345,45,45,6.130121328064523e-41,0.0014493427240657643
9000,9001,45.005,32,2.640923354819996e-38,166,0.0016336988311003511,0.001633698831100351,1.327297482064375e-16,3,0.0014493427240657643,4.711558015515123e-05,2.1171846782177876e-05,0.0014493427240657643,9.887774381953375e-05,0.9894772916828586,0.010350425959482953,0.00017228235765839195,0.010522708317141345,45,45,6.130121328064523e-41,0.0014493427240657643
9000,9001,45.005,33,1.7201240496799557e-38,148,0.0016336988311003511,0.001633698831100351,1.327297482064375e-16,3,0.0014493427240657643,4.711558015515123e-05,2.1171846782177876e-05,0.0014493427240657643,9.887774381953375e-05,0.9894772916828586,0.010350425959482953,0.00017228235765839195,0.010522708317141345,45,45,6.130121328064523e-41,0.0014493427240657643
9000,9001,45.005,34,1.5829062486141898e-38,128,0.0016336988311003511,0.001633698831100351,1.327297482064375e-16,3,0.0014493427240657643,4.711558015515123e-05,2.1171846782177876e-05,0.0014493427240657643,9.887774381953375e-05,0.9894772916828586,0.010350425959482953,0.00017228235765839195,0.010522708317141345,45,45,6.130121328064523e-41,0.0014493427240657643
9000,9001,45.005,35,1.0751780842375889e-38,104,0.0016336988311003511,0.001633698831100351,1.327297482064375e-16,3,0.0014493427240657643,4.711558015515123e-05,2.1171846782177876e-05,0.0014493427240657643,9.887774381953375e-05,0.9894772916828586,0.010350425959482953,0.00017228235765839195,0.010522708317141345,45,45,6.130121328064523e-41,0.0014493427240657643
9000,9001,45.005,36,9.4272494136579e-39,88,0.0016336988311003511,0.001633698831100351,1.327297482064375e-16,3,0.0014493427240657643,4.711558015515123e-05,2.1171846782177876e-05,0.0014493427240657643,9.887774381953375e-05,0.9894772916828586,0.010350425959482953,0.00017228235765839195,0.010522708317141345,45,45,6.130121328064523e-41,0.0014493427240657643
9000,9001,45.005,37,7.51233638452727e-39,76,0.0016336988311003511,0.001633698831100351,1.327297482064375e-16,3,0.0014493427240657643,4.711558015515123e-05,2.1171846782177876e-05,0.0014493427240657643,9.887774381953375e-05,0.9894772916828586,0.010350425959482953,0.00017228235765839195,0.010522708317141345,45,45,6.130121328064523e-41,0.0014493427240657643
9000,9001,45.005,38,6.753504190948065e-39,68,0.0016336988311003511,0.001633698831100351,1.327297482064375e-16,3,0.0014493427240657643,4.711558015515123e-05,2.1171846782177876e-05,0.0014493427240657643,9.887774381953375e-05,0.9894772916828586,0.010350425959482953,0.00017228235765839195,0.010522708317141345,45,45,6.130121328064523e-41,0.0014493427240657643
9000,9001,45.005,39,2.8044719863138303e-39,48,0.0016336988311003511,0.001633698831100351,1.327297482064375e-16,3,0.0014493427240657643,4.711558015515123e-05,2.1171846782177876e-05,0.0014493427240657643,9.887774381953375e-05,0.9894772916828586,0.010350425959482953,0.00017228235765839195,0.010522708317141345,45,45,6.130121328064523e-41,0.0014493427240657643
9000,9001,45.005,40,3.065838917357338e-39,56,0.0016336988311003511,0.001633698831100351,1.327297482064375e-16,3,0.0014493427240657643,4.711558015515123e-05,2.1171846782177876e-05,0.0014493427240657643,9.887774381953375e-05,0.9894772916828586,0.010350425959482953,0.00017228235765839195,0.010522708317141345,45,45,6.130121328064523e-41,0.0014493427240657643
9000,9001,45.005,41,2.9685331092162756e-39,28,0.0016336988311003511,0.001633698831100351,1.327297482064375e-16,3,0.0014493427240657643,4.711558015515123e-05,2.1171846782177876e-05,0.0014493427240657643,9.887774381953375e-05,0.9894772916828586,0.010350425959482953,0.00017228235765839195,0.010522708317141345,45,45,6.130121328064523e-41,0.0014493427240657643
9000,9001,45.005,42,2.6884445880563057e-39,32,0.0016336988311003511,0.001633698831100351,1.327297482064375e-16,3,0.0014493427240657643,4.711558015515123e-05,2.1171846782177876e-05,0.0014493427240657643,9.887774381953375e-05,0.9894772916828586,0.010350425959482953,0.00017228235765839195,0.010522708317141345,45,45,6.130121328064523e-41,0.0014493427240657643
9000,9001,45.005,43,6.697440534501357e-40,16,0.0016336988311003511,0.001633698831100351,1.327297482064375e-16,3,0.0014493427240657643,4.711558015515123e-05,2.1171846782177876e-05,0.0014493427240657643,9.887774381953375e-05,0.9894772916828586,0.010350425959482953,0.00017228235765839195,0.010522708317141345,45,45,6.130121328064523e-41,0.0014493427240657643
9000,9001,45.005,44,5.75785835832299e-40,8,0.0016336988311003511,0.001633698831100351,1.327297482064375e-16,3,0.0014493427240657643,4.711558015515123e-05,2.1171846782177876e-05,0.0014493427240657643,9.887774381953375e-05,0.9894772916828586,0.010350425959482953,0.00017228235765839195,0.010522708317141345,45,45,6.130121328064523e-41,0.0014493427240657643
9000,9001,45.005,45,6.130121328064523e-41,5,0.0016336988311003511,0.001633698831100351,1.327297482064375e-16,3,0.0014493427240657643,4.711558015515123e-05,2.1171846782177876e-05,0.0014493427240657643,9.887774381953375e-05,0.9894772916828586,0.010350425959482953,0.00017228235765839195,0.010522708317141345,45,45,6.130121328064523e-41,0.0014493427240657643
9500,9501,47.505,1,6.429021261494046e-05,8,0.001770309950754649,0.001770309950754649,0.0,3,0.0015603924889936783,6.429021261494046e-05,2.2796842091196226e-05,0.0015603924889936783,0.00010363997330861672,0.9891598452926073,0.010648918958704406,0.0001912357486881546,0.010840154707392562,45,45,1.7351305459053388e-40,0.0015603924889936783
9500,9501,47.505,2,2.2796842091196226e-05,12,0.001770309950754649,0.001770309950754649,0.0,3,0.0015603924889936783,6.429021261494046e-05,2.2796842091196226e-05,0.0015603924889936783,0.00010363997330861672,0.9891598452926073,0.010648918958704406,0.0001912357486881546,0.010840154707392562,45,45,1.7351305459053388e-40,0.0015603924889936783
9500,9501,47.505,3,0.0015603924889936783,16,0.001770309950754649,0.001770309950754649,0.0,3,0.0015603924889936783,6.429021261494046e-05,2.2796842091196226e-05,0.0015603924889936783,0.00010363997330861672,0.9891598452926073,0.010648918958704406,0.0001912357486881546,0.010840154707392562,45,45,1.7351305459053388e-40,0.0015603924889936783
9500,9501,47.505,4,0.00010363997330861672,32,0.001770309950754649,0.001770309950754649,0.0,3,0.0015603924889936783,6.429021261494046e-05,2.2796842091196226e-05,0.0015603924889936783,0.00010363997330861672,0.9891598452926073,0.010648918958704406,0.0001912357486881546,0.010840154707392562,45,45,1.7351305459053388e-40,0.0015603924889936783
9500,9501,47.505,5,9.638745940723849e-06,28,0.001770309950754649,0.001770309950754649,0.0,3,0.0015603924889936783,6.429021261494046e-05,2.2796842091196226e-05,0.0015603924889936783,0.00010363997330861672,0.9891598452926073,0.010648918958704406,0.0001912357486881546,0.010840154707392562,45,45,1.7351305459053388e-40,0.0015603924889936783
9500,9501,47.505,6,6.5698260473921935e-06,40,0.001770309950754649,0.001770309950754649,0.0,3,0.0015603924889936783,6.429021261494046e-05,2.2796842091196226e-05,0.0015603924889936783,0.00010363997330861672,0.9891598452926073,0.010648918958704406,0.0001912357486881546,0.010840154707392562,45,45,1.7351305459053388e-40,0.0015603924889936783
9500,9501,47.505,7,1.7638598680340332e-06,40,0.001770309950754649,0.001770309950754649,0.0,3,0.0015603924889936783,6.429021261494046e-05,2.2796842091196226e-05,0.0015603924889936783,0.00010363997330861672,0.9891598452926073,0.010648918958704406,0.0001912357486881546,0.010840154707392562,45,45,1.7351305459053388e-40,0.0015603924889936783
9500,9501,47.505,8,6.049073728304109e-07,48,0.001770309950754649,0.001770309950754649,0.0,3,0.0015603924889936783,6.429021261494046e-05,2.2796842091196226e-05,0.0015603924889936783,0.00010363997330861672,0.9891598452926073,0.010648918958704406,0.0001912357486881546,0.010840154707392562,45,45,1.7351305459053388e-40,0.0015603924889936783
9500,9501,47.505,9,2.745479683937593e-07,68,0.001770309950754649,0.001770309950754649,0.0,3,0.0015603924889936783,6.429021261494046e-05,2.2796842091196226e-05,0.0015603924889936783,0.00010363997330861672,0.9891598452926073,0.010648918958704406,0.0001912357486881546,0.010840154707392562,45,45,1.7351305459053388e-40,0.0015603924889936783
9500,9501,47.505,10,2.0103682969951649e-07,56,0.001770309950754649,0.001770309950754649,0.0,3,0.0015603924889936783,6.429021261494046e-05,2.2796842091196226e-05,0.0015603924889936783,0.00010363997330861672,0.9891598452926073,0.010648918958704406,0.0001912357486881546,0.010840154707392562,45,45,1.7351305459053388e-40,0.0015603924889936783
9500,9501,47.505,11,5.5877088194417374e-08,72,0.001770309950754649,0.001770309950754649,0.0,3,0.0015603924889936783,6.429021261494046e-05,2.2796842091196226e-05,0.0015603924889936783,0.00010363997330861672,0.9891598452926073,0.010648918958704406,0.0001912357486881546,0.010840154707392562,45,45,1.7351305459053388e-40,0.0015603924889936783
9500,9501,47.505,12,3.9355985139799456e-08,68,0.001770309950754649,0.001770309950754649,0.0,3,0.0015603924889936783,6.429021261494046e-05,2.2796842091196226e-05,0.0015603924889936783,0.00010363997330861672,0.9891598452926073,0.010648918958704406,0.0001912357486881546,0.010840154707392562,45,45,1.7351305459053388e-40,0.0015603924889936783
9500,9501,47.505,13,1.719429336048341e-08,88,0.001770309950754649,0.001770309950754649,0.0,3,0.0015603924889936783,6.429021261494046e-05,2.2796842091196226e-05,0.0015603924889936783,0.00010363997330861672,0.9891598452926073,0.010648918958704406,0.0001912357486881546,0.010840154707392562,45,45,1.7351305459053388e-40,0.0015603924889936783
9500,9501,47.505,14,1.278864764230636e-08,88,0.001770309950754649,0.001770309950754649,0.0,3,0.0015603924889936783,6.429021261494046e-05,2.2796842091196226e-05,0.0015603924889936783,0.00010363997330861672,0.9891598452926073,0.010648918958704406,0.0001912357486881546,0.010840154707392562,45,45,1.7351305459053388e-40,0.0015603924889936783
9500,9501,47.505,15,5.002982910127556e-09,84,0.001770309950754649,0.001770309950754649,0.0,3,0.0015603924889936783,6.429021261494046e-05,2.2796842091196226e-05,0.0015603924889936783,0.00010363997330861672,0.9891598452926073,0.010648918958704406,0.0001912357486881546,0.010840154707392562,45,45,1.7351305459053388e-40,0.0015603924889936783
9500,9501,47.505,16,3.854827405416046e-09,112,0.001770309950754649,0.001770309950754649,0.0,3,0.0015603924889936783,6.429021261494046e-05,2.2796842091196226e-05,0.0015603924889936783,0.00010363997330861672,0.9891598452926073,0.010648918958704406,0.0001912357486881546,0.010840154707392562,45,45,1.7351305459053388e-40,0.0015603924889936783
9500,9501,47.505,17,1.5384239984190175e-09,112,0.001770309950754649,0.001770309950754649,0.0,3,0.0015603924889936783,6.429021261494046e-05,2.2796842091196226e-05,0.0015603924889936783,0.00010363997330861672,0.9891598452926073,0.010648918958704406,0.0001912357486881546,0.010840154707392562,45,45,1.7351305459053388e-40,0.0015603924889936783
9500,9501,47.505,18,9.082735976832265e-10,112,0.001770309950754649,0.001770309950754649,0.0,3,0.0015603924889936783,6.429021261494046e-05,2.2796842091196226e-05,0.0015603924889936783,0.00010363997330861672,0.9891598452926073,0.010648918958704406,0.0001912357486881546,0.010840154707392562,45,45,1.7351305459053388e-40,0.0015603924889936783
9500,9501,47.505,19,4.621887604991002e-10,116,0.001770309950754649,0.001770309950754649,0.0,3,0.0015603924889936783,6.429021261494046e-05,2.2796842091196226e-05,0.0015603924889936783,0.00010363997330861672,0.9891598452926073,0.010648918958704406,0.0001912357486881546,0.010840154707392562,45,45,1.7351305459053388e-40,0.0015603924889936783
9500,9501,47.505,20,3.153035845771008e-10,112,0.001770309950754649,0.001770309950754649,0.0,3,0.0015603924889936783,6.429021261494046e-05,2.2796842091196226e-05,0.0015603924889936783,0.00010363997330861672,0.9891598452926073,0.010648918958704406,0.0001912357486881546,0.010840154707392562,45,45,1.7351305459053388e-40,0.0015603924889936783
9500,9501,47.505,21,1.5367729757698822e-10,144,0.001770309950754649,0.001770309950754649,0.0,3,0.0015603924889936783,6.429021261494046e-05,2.2796842091196226e-05,0.0015603924889936783,0.00010363997330861672,0.9891598452926073,0.010648918958704406,0.0001912357486881546,0.010840154707392562,45,45,1.7351305459053388e-40,0.0015603924889936783
9500,9501,47.505,22,5.008713998629904e-11,140,0.001770309950754649,0.001770309950754649,0.0,3,0.0015603924889936783,6.429021261494046e-05,2.2796842091196226e-05,0.0015603924889936783,0.00010363997330861672,0.9891598452926073,0.010648918958704406,0.0001912357486881546,0.010840154707392562,45,45,1.7351305459053388e-40,0.0015603924889936783
9500,9501,47.505,23,6.085175845673093e-12,144,0.001770309950754649,0.001770309950754649,0.0,3,0.0015603924889936783,6.429021261494046e-05,2.2796842091196226e-05,0.0015603924889936783,0.00010363997330861672,0.9891598452926073,0.010648918958704406,0.0001912357486881546,0.010840154707392562,45,45,1.7351305459053388e-40,0.0015603924889936783
9500,9501,47.505,24,1.5207443644301599e-12,144,0.001770309950754649,0.001770309950754649,0.0,3,0.0015603924889936783,6.429021261494046e-05,2.2796842091196226e-05,0.0015603924889936783,0.00010363997330861672,0.9891598452926073,0.010648918958704406,0.0001912357486881546,0.010840154707392562,45,45,1.7351305459053388e-40,0.0015603924889936783
9500,9501,47.505,25,2.7267949436897153e-13,168,0.001770309950754649,0.001770309950754649,0.0,3,0.0015603924889936783,6.429021261494046e-05,2.2796842091196226e-05,0.0015603924889936783,0.00010363997330861672,0.9891598452926073,0.010648918958704406,0.0001912357486881546,0.010840154707392562,45,45,1.7351305459053388e-40,0.0015603924889936783
9500,9501,47.505,26,5.381011619854089e-14,164,0.001770309950754649,0.001770309950754649,0.0,3,0.0015603924889936783,6.429021261494046e-05,2.2796842091196226e-05,0.0015603924889936783,0.00010363997330861672,0.9891598452926073,0.010648918958704406,0.0001912357486881546,0.010840154707392562,45,45,1.7351305459053388e-40,0.0015603924889936783
9500,9501,47.505,27,5.044684517080708e-15,160,0.001770309950754649,0.001770309950754649,0.0,3,0.0015603924889936783,6.429021261494046e-05,2.2796842091196226e-05,0.0015603924889936783,0.00010363997330861672,0.9891598452926073,0.010648918958704406,0.0001912357486881546,0.010840154707392562,45,45,1.7351305459053388e-40,0.0015603924889936783
9500,9501,47.505,28,2.4726783744679998e-15,184,0.001770309950754649,0.001770309950754649,0.0,3,0.0015603924889936783,6.429021261494046e-05,2.2796842091196226e-05,0.0015603924889936783,0.00010363997330861672,0.9891598452926073,0.010648918958704406,0.0001912357486881546,0.010840154707392562,45,45,1.7351305459053388e-40,0.0015603924889936783
9500,9501,47.505,29,1.6488994083544703e-16,172,0.001770309950754649,0.001770309950754649,0.0,3,0.0015603924889936783,6.429021261494046e-05,2.2796842091196226e-05,0.0015603924889936783,0.00010363997330861672,0.9891598452926073,0.010648918958704406,0.0001912357486881546,0.010840154707392562,45,45,1.7351305459053388e-40,0.0015603924889936783
9500,9501,47.505,30,1.9773424099947537e-17,200,0.001770309950754649,0.001770309950754649,0.0,3,0.0015603924889936783,6.429021261494046e-05,2.2796842091196226e-05,0.0015603924889936783,0.00010363997330861672,0.9891598452926073,0.010648918958704406,0.0001912357486881546,0.010840154707392562,45,45,1.7351305459053388e-40,0.0015603924889936783
9500,9501,47.505,31,1.0851586546297763e-37,192,0.001770309950754649,0.001770309950754649,0.0,3,0.0015603924889936783,6.429021261494046e-05,2.2796842091196226e-05,0.0015603924889936783,0.00010363997330861672,0.9891598452926073,0.010648918958704406,0.0001912357486881546,0.010840154707392562,45,45,1.7351305459053388e-40,0.0015603924889936783
9500,9501,47.505,32,3.254148315233388e-38,166,0.001770309950754649,0.001770309950754649,0.0,3,0.0015603924889936783,6.429021261494046e-05,2.2796842091196226e-05,0.0015603924889936783,0.00010363997330861672,0.9891598452926073,0.010648918958704406,0.0001912357486881546,0.010840154707392562,45,45,1.7351305459053388e-40,0.0015603924889936783
9500,9501,47.505,33,1.3070344817968693e-38,148,0.001770309950754649,0.001770309950754649,0.0,3,0.0015603924889936783,6.429021261494046e-05,2.2796842091196226e-05,0.0015603924889936783,0.00010363997330861672,0.9891598452926073,0.010648918958704406,0.0001912357486881546,0.010840154707392562,45,45,1.7351305459053388e-40,0.0015603924889936783
9500,9501,47.505,34,1.453699159996962e-38,128,0.001770309950754649,0.001770309950754649,0.0,3,0.0015603924889936783,6.429021261494046e-05,2.2796842091196226e-05,0.0015603924889936783,0.00010363997330861672,0.9891598452926073,0.010648918958704406,0.0001912357486881546,0.010840154707392562,45,45,1.7351305459053388e-40,0.0015603924889936783
9500,9501,47.505,35,1.1449273774139303e-38,104,0.001770309950754649,0.001770309950754649,0.0,3,0.0015603924889936783,6.429021261494046e-05,2.2796842091196226e-05,0.0015603924889936783,0.00010363997330861672,0.9891598452926073,0.010648918958704406,0.0001912357486881546,0.010840154707392562,45,45,1.7351305459053388e-40,0.0015603924889936783
9500,9501,47.505,36,7.239113861290092e-39,88,0.001770309950754649,0.001770309950754649,0.0,3,0.0015603924889936783,6.429021261494046e-05,2.2796842091196226e-05,0.0015603924889936783,0.00010363997330861672,0.9891598452926073,0.010648918958704406,0.0001912357486881546,0.010840154707392562,45,45,1.7351305459053388e-40,0.0015603924889936783
9500,9501,47.505,37,7.837578673747766e-39,76,0.001770309950754649,0.001770309950754649,0.0,3,0.0015603924889936783,6.429021261494046e-05,2.2796842091196226e-05,0.0015603924889936783,0.00010363997330861672,0.9891598452926073,0.010648918958704406,0.0001912357486881546,0.010840154707392562,45,45,1.7351305459053388e-40,0.0015603924889936783
9500,9501,47.505,38,5.0169021407897085e-39,68,0.001770309950754649,0.001770309950754649,0.0,3,0.0015603924889936783,6.429021261494046e-05,2.2796842091196226e-05,0.0015603924889936783,0.00010363997330861672,0.9891598452926073,0.010648918958704406,0.0001912357486881546,0.010840154707392562,45,45,1.7351305459053388e-40,0.0015603924889936783
9500,9501,47.505,39,3.7202681121414345e-39,48,0.001770309950754649,0.001770309950754649,0.0,3,0.0015603924889936783,6.429021261494046e-05,2.2796842091196226e-05,0.0015603924889936783,0.00010363997330861672,0.9891598452926073,0.010648918958704406,0.0001912357486881546,0.010840154707392562,45,45,1.7351305459053388e-40,0.0015603924889936783
9500,9501,47.505,40,5.6444783774808526e-39,56,0.001770309950754649,0.001770309950754649,0.0,3,0.0015603924889936783,6.429021261494046e-05,2.2796842091196226e-05,0.0015603924889936783,0.00010363997330861672,0.9891598452926073,0.010648918958704406,0.0001912357486881546,0.010840154707392562,45,45,1.7351305459053388e-40,0.0015603924889936783
9500,9501,47.505,41,2.0610081372387528e-39,28,0.001770309950754649,0.001770309950754649,0.0,3,0.0015603924889936783,6.429021261494046e-05,2.2796842091196226e-05,0.0015603924889936783,0.00010363997330861672,0.9891598452926073,0.010648918958704406,0.0001912357486881546,0.010840154707392562,45,45,1.7351305459053388e-40,0.0015603924889936783
9500,9501,47.505,42,3.0616732688892995e-39,32,0.001770309950754649,0.001770309950754649,0.0,3,0.0015603924889936783,6.429021261494046e-05,2.2796842091196226e-05,0.0015603924889936783,0.00010363997330861672,0.9891598452926073,0.010648918958704406,0.0001912357486881546,0.010840154707392562,45,45,1.7351305459053388e-40,0.0015603924889936783
9500,9501,47.505,43,1.6516729093128462e-39,16,0.001770309950754649,0.001770309950754649,0.0,3,0.0015603924889936783,6.429021261494046e-05,2.2796842091196226e-05,0.0015603924889936783,0.00010363997330861672,0.9891598452926073,0.010648918958704406,0.0001912357486881546,0.010840154707392562,45,45,1.7351305459053388e-40,0.0015603924889936783
9500,9501,47.505,44,6.925475043932848e-40,8,0.001770309950754649,0.001770309950754649,0.0,3,0.0015603924889936783,6.429021261494046e-05,2.2796842091196226e-05,0.0015603924889936783,0.00010363997330861672,0.9891598452926073,0.010648918958704406,0.0001912357486881546,0.010840154707392562,45,45,1.7351305459053388e-40,0.0015603924889936783
9500,9501,47.505,45,1.7351305459053388e-40,5,0.001770309950754649,0.001770309950754649,0.0,3,0.0015603924889936783,6.429021261494046e-05,2.2796842091196226e-05,0.0015603924889936783,0.00010363997330861672,0.9891598452926073,0.010648918958704406,0.0001912357486881546,0.010840154707392562,45,45,1.7351305459053388e-40,0.0015603924889936783
10000,10001,50.005,1,8.559401204310182e-05,8,0.0019065553852088512,0.0019065553852088512,0.0,3,0.0016657627378303859,8.559401204310182e-05,2.4678948415495674e-05,0.0016657627378303859,0.00010950646352650004,0.988978435372825,0.010812033949212109,0.0002095306779628335,0.011021564627174943,45,45,2.09765565764088e-40,0.0016657627378303859
10000,10001,50.005,2,2.4678948415495674e-05,12,0.0019065553852088512,0.0019065553852088512,0.0,3,0.0016657627378303859,8.559401204310182e-05,2.4678948415495674e-05,0.0016657627378303859,0.00010950646352650004,0.988978435372825,0.010812033949212109,0.0002095306779628335,0.011021564627174943,45,45,2.09765565764088e-40,0.0016657627378303859
10000,10001,50.005,3,0.0016657627378303859,16,0.0019065553852088512,0.0019065553852088512,0.0,3,0.0016657627378303859,8.559401204310182e-05,2.4678948415495674e-05,0.0016657627378303859,0.00010950646352650004,0.988978435372825,0.010812033949212109,0.0002095306779628335,0.011021564627174943,45,45,2.09765565764088e-40,0.0016657627378303859
10000,10001,50.005,4,0.00010950646352650004,32,0.0019065553852088512,0.0019065553852088512,0.0,3,0.0016657627378303859,8.559401204310182e-05,2.4678948415495674e-05,0.0016657627378303859,0.00010950646352650004,0.988978435372825,0.010812033949212109,0.0002095306779628335,0.011021564627174943,45,45,2.09765565764088e-40,0.0016657627378303859
10000,10001,50.005,5,1.0947777704833853e-05,28,0.0019065553852088512,0.0019065553852088512,0.0,3,0.0016657627378303859,8.559401204310182e-05,2.4678948415495674e-05,0.0016657627378303859,0.00010950646352650004,0.988978435372825,0.010812033949212109,0.0002095306779628335,0.011021564627174943,45,45,2.09765565764088e-40,0.0016657627378303859
10000,10001,50.005,6,6.694168737686393e-06,40,0.0019065553852088512,0.0019065553852088512,0.0,3,0.0016657627378303859,8.559401204310182e-05,2.4678948415495674e-05,0.0016657627378303859,0.00010950646352650004,0.988978435372825,0.010812033949212109,0.0002095306779628335,0.011021564627174943,45,45,2.09765565764088e-40,0.0016657627378303859
10000,10001,50.005,7,2.0075981334847146e-06,40,0.0019065553852088512,0.0019065553852088512,0.0,3,0.0016657627378303859,8.559401204310182e-05,2.4678948415495674e-05,0.0016657627378303859,0.00010950646352650004,0.988978435372825,0.010812033949212109,0.0002095306779628335,0.011021564627174943,45,45,2.09765565764088e-40,0.0016657627378303859
10000,10001,50.005,8,6.751802240486921e-07,48,0.0019065553852088512,0.0019065553852088512,0.0,3,0.0016657627378303859,8.559401204310182e-05,2.4678948415495674e-05,0.0016657627378303859,0.00010950646352650004,0.988978435372825,0.010812033949212109,0.0002095306779628335,0.011021564627174943,45,45,2.09765565764088e-40,0.0016657627378303859
10000,10001,50.005,9,2.8901675087761866e-07,68,0.0019065553852088512,0.0019065553852088512,0.0,3,0.0016657627378303859,8.559401204310182e-05,2.4678948415495674e-05,0.0016657627378303859,0.00010950646352650004,0.988978435372825,0.010812033949212109,0.0002095306779628335,0.011021564627174943,45,45,2.09765565764088e-40,0.0016657627378303859
10000,10001,50.005,10,2.3335748785520688e-07,56,0.0019065553852088512,0.0019065553852088512,0.0,3,0.0016657627378303859,8.559401204310182e-05,2.4678948415495674e-05,0.0016657627378303859,0.00010950646352650004,0.988978435372825,0.010812033949212109,0.0002095306779628335,0.011021564627174943,45,45,2.09765565764088e-40,0.0016657627378303859
10000,10001,50.005,11,7.312706653671948e-08,72,0.0019065553852088512,0.0019065553852088512,0.0,3,0.0016657627378303859,8.559401204310182e-05,2.4678948415495674e-05,0.0016657627378303859,0.00010950646352650004,0.988978435372825,0.010812033949212109,0.0002095306779628335,0.011021564627174943,45,45,2.09765565764088e-40,0.0016657627378303859
10000,10001,50.005,12,4.3042078459620764e-08,68,0.0019065553852088512,0.0019065553852088512,0.0,3,0.0016657627378303859,8.559401204310182e-05,2.4678948415495674e-05,0.0016657627378303859,0.00010950646352650004,0.988978435372825,0.010812033949212109,0.0002095306779628335,0.011021564627174943,45,45,2.09765565764088e-40,0.0016657627378303859
10000,10001,50.005,13,2.07100490856539e-08,88,0.0019065553852088512,0.0019065553852088512,0.0,3,0.0016657627378303859,8.559401204310182e-05,2.4678948415495674e-05,0.0016657627378303859,0.00010950646352650004,0.988978435372825,0.010812033949212109,0.0002095306779628335,0.011021564627174943,45,45,2.09765565764088e-40,0.0016657627378303859
10000,10001,50.005,14,1.411629123446742e-08,88,0.0019065553852088512,0.0019065553852088512,0.0,3,0.0016657627378303859,8.559401204310182e-05,2.4678948415495674e-05,0.0016657627378303859,0.00010950646352650004,0.988978435372825,0.010812033949212109,0.0002095306779628335,0.011021564627174943,45,45,2.09765565764088e-40,0.0016657627378303859
10000,10001,50.005,15,6.543075014658615e-09,84,0.0019065553852088512,0.0019065553852088512,0.0,3,0.0016657627378303859,8.559401204310182e-05,2.4678948415495674e-05,0.0016657627378303859,0.00010950646352650004,0.988978435372825,0.010812033949212109,0.0002095306779628335,0.011021564627174943,45,45,2.09765565764088e-40,0.0016657627378303859
10000,10001,50.005,16,4.386336121280852e-09,112,0.0019065553852088512,0.0019065553852088512,0.0,3,0.0016657627378303859,8.559401204310182e-05,2.4678948415495674e-05,0.0016657627378303859,0.00010950646352650004,0.988978435372825,0.010812033949212109,0.0002095306779628335,0.011021564627174943,45,45,2.09765565764088e-40,0.0016657627378303859
10000,10001,50.005,17,1.8702018289657634e-09,112,0.0019065553852088512,0.0019065553852088512,0.0,3,0.0016657627378303859,8.559401204310182e-05,2.4678948415495674e-05,0.0016657627378303859,0.00010950646352650004,0.988978435372825,0.010812033949212109,0.0002095306779628335,0.011021564627174943,45,45,2.09765565764088e-40,0.0016657627378303859
10000,10001,50.005,18,1.0807985966670608e-09,112,0.0019065553852088512,0.0019065553852088512,0.0,3,0.0016657627378303859,8.559401204310182e-05,2.4678948415495674e-05,0.0016657627378303859,0.00010950646352650004,0.988978435372825,0.010812033949212109,0.0002095306779628335,0.011021564627174943,45,45,2.09765565764088e-40,0.0016657627378303859
10000,10001,50.005,19,5.663379452567074e-10,116,0.0019065553852088512,0.0019065553852088512,0.0,3,0.0016657627378303859,8.559401204310182e-05,2.4678948415495674e-05,0.0016657627378303859,0.00010950646352650004,0.988978435372825,0.010812033949212109,0.0002095306779628335,0.011021564627174943,45,45,2.09765565764088e-40,0.0016657627378303859
10000,10001,50.005,20,4.1416972029725937e-10,112,0.0019065553852088512,0.0019065553852088512,0.0,3,0.0016657627378303859,8.559401204310182e-05,2.4678948415495674e-05,0.0016657627378303859,0.00010950646352650004,0.988978435372825,0.010812033949212109,0.0002095306779628335,0.011021564627174943,45,45,2.09765565764088e-40,0.0016657627378303859
10000,10001,50.005,21,1.908713064103041e-10,144,0.0019065553852088512,0.0019065553852088512,0.0,3,0.0016657627378303859,8.559401204310182e-05,2.4678948415495674e-05,0.0016657627378303859,0.00010950646352650004,0.988978435372825,0.010812033949212109,0.0002095306779628335,0.011021564627174943,45,45,2.09765565764088e-40,0.0016657627378303859
10000,10001,50.005,22,6.470965469269097e-11,140,0.0019065553852088512,0.0019065553852088512,0.0,3,0.0016657627378303859,8.559401204310182e-05,2.4678948415495674e-05,0.0016657627378303859,0.00010950646352650004,0.988978435372825,0.010812033949212109,0.0002095306779628335,0.011021564627174943,45,45,2.09765565764088e-40,0.0016657627378303859
10000,10001,50.005,23,9.129740736062066e-12,144,0.0019065553852088512,0.0019065553852088512,0.0,3,0.0016657627378303859,8.559401204310182e-05,2.4678948415495674e-05,0.0016657627378303859,0.00010950646352650004,0.988978435372825,0.010812033949212109,0.0002095306779628335,0.011021564627174943,45,45,2.09765565764088e-40,0.0016657627378303859
10000,10001,50.005,24,2.5665498573166824e-12,144,0.0019065553852088512,0.0019065553852088512,0.0,3,0.0016657627378303859,8.559401204310182e-05,2.4678948415495674e-05,0.0016657627378303859,0.00010950646352650004,0.988978435372825,0.010812033949212109,0.0002095306779628335,0.011021564627174943,45,45,2.09765565764088e-40,0.0016657627378303859
10000,10001,50.005,25,5.252529050720331e-13,168,0.0019065553852088512,0.0019065553852088512,0.0,3,0.0016657627378303859,8.559401204310182e-05,2.4678948415495674e-05,0.0016657627378303859,0.00010950646352650004,0.988978435372825,0.010812033949212109,0.0002095306779628335,0.011021564627174943,45,45,2.09765565764088e-40,0.0016657627378303859
10000,10001,50.005,26,1.2755883224541526e-13,164,0.0019065553852088512,0.0019065553852088512,0.0,3,0.0016657627378303859,8.559401204310182e-05,2.4678948415495674e-05,0.0016657627378303859,0.00010950646352650004,0.988978435372825,0.010812033949212109,0.0002095306779628335,0.011021564627174943,45,45,2.09765565764088e-40,0.0016657627378303859
10000,10001,50.005,27,1.307840666918007e-14,160,0.0019065553852088512,0.0019065553852088512,0.0,3,0.0016657627378303859,8.559401204310182e-05,2.4678948415495674e-05,0.0016657627378303859,0.00010950646352650004,0.988978435372825,0.010812033949212109,0.0002095306779628335,0.011021564627174943,45,45,2.09765565764088e-40,0.0016657627378303859
10000,10001,50.005,28,6.345333669127626e-15,184,0.0019065553852088512,0.0019065553852088512,0.0,3,0.0016657627378303859,8.559401204310182e-05,2.4678948415495674e-05,0.0016657627378303859,0.00010950646352650004,0.988978435372825,0.010812033949212109,0.0002095306779628335,0.011021564627174943,45,45,2.09765565764088e-40,0.0016657627378303859
10000,10001,50.005,29,4.734090752292088e-16,172,0.0019065553852088512,0.0019065553852088512,0.0,3,0.0016657627378303859,8.559401204310182e-05,2.4678948415495674e-05,0.0016657627378303859,0.00010950646352650004,0.988978435372825,0.010812033949212109,0.0002095306779628335,0.011021564627174943,45,45,2.09765565764088e-40,0.0016657627378303859
10000,10001,50.005,30,7.712398038020676e-17,200,0.0019065553852088512,0.0019065553852088512,0.0,3,0.0016657627378303859,8.559401204310182e-05,2.4678948415495674e-05,0.0016657627378303859,0.00010950646352650004,0.988978435372825,0.010812033949212109,0.0002095306779628335,0.011021564627174943,45,45,2.09765565764088e-40,0.0016657627378303859
10000,10001,50.005,31,6.99219315067674e-38,192,0.0019065553852088512,0.0019065553852088512,0.0,3,0.0016657627378303859,8.559401204310182e-05,2.4678948415495674e-05,0.0016657627378303859,0.00010950646352650004,0.988978435372825,0.010812033949212109,0.0002095306779628335,0.011021564627174943,45,45,2.09765565764088e-40,0.0016657627378303859
10000,10001,50.005,32,3.054269892262462e-38,166,0.0019065553852088512,0.0019065553852088512,0.0,3,0.0016657627378303859,8.559401204310182e-05,2.4678948415495674e-05,0.0016657627378303859,0.00010950646352650004,0.988978435372825,0.010812033949212109,0.0002095306779628335,0.011021564627174943,45,45,2.09765565764088e-40,0.0016657627378303859
10000,10001,50.005,33,1.7145889665694822e-38,148,0.0019065553852088512,0.0019065553852088512,0.0,3,0.0016657627378303859,8.559401204310182e-05,2.4678948415495674e-05,0.0016657627378303859,0.00010950646352650004,0.988978435372825,0.010812033949212109,0.0002095306779628335,0.011021564627174943,45,45,2.09765565764088e-40,0.0016657627378303859
10000,10001,50.005,34,1.6215734405694028e-38,128,0.0019065553852088512,0.0019065553852088512,0.0,3,0.0016657627378303859,8.559401204310182e-05,2.4678948415495674e-05,0.0016657627378303859,0.00010950646352650004,0.988978435372825,0.010812033949212109,0.0002095306779628335,0.011021564627174943,45,45,2.09765565764088e-40,0.0016657627378303859
10000,10001,50.005,35,1.2828052512186905e-38,104,0.0019065553852088512,0.0019065553852088512,0.0,3,0.0016657627378303859,8.559401204310182e-05,2.4678948415495674e-05,0.0016657627378303859,0.00010950646352650004,0.988978435372825,0.010812033949212109,0.0002095306779628335,0.011021564627174943,45,45,2.09765565764088e-40,0.0016657627378303859
10000,10001,50.005,36,1.0029231806549586e-38,88,0.0019065553852088512,0.0019065553852088512,0.0,3,0.0016657627378303859,8.559401204310182e-05,2.4678948415495674e-05,0.0016657627378303859,0.00010950646352650004,0.988978435372825,0.010812033949212109,0.0002095306779628335,0.011021564627174943,45,45,2.09765565764088e-40,0.0016657627378303859
10000,10001,50.005,37,7.028187589644041e-39,76,0.0019065553852088512,0.0019065553852088512,0.0,3,0.0016657627378303859,8.559401204310182e-05,2.4678948415495674e-05,0.0016657627378303859,0.00010950646352650004,0.988978435372825,0.010812033949212109,0.0002095306779628335,0.011021564627174943,45,45,2.09765565764088e-40,0.0016657627378303859
10000,10001,50.005,38,6.092782402280937e-39,68,0.0019065553852088512,0.0019065553852088512,0.0,3,0.0016657627378303859,8.559401204310182e-05,2.4678948415495674e-05,0.0016657627378303859,0.00010950646352650004,0.988978435372825,0.010812033949212109,0.0002095306779628335,0.011021564627174943,45,45,2.09765565764088e-40,0.0016657627378303859
10000,10001,50.005,39,3.9244849886048766e-39,48,0.0019065553852088512,0.0019065553852088512,0.0,3,0.0016657627378303859,8.559401204310182e-05,2.4678948415495674e-05,0.0016657627378303859,0.00010950646352650004,0.988978435372825,0.010812033949212109,0.0002095306779628335,0.011021564627174943,45,45,2.09765565764088e-40,0.0016657627378303859
10000,10001,50.005,40,5.7527810861529e-39,56,0.0019065553852088512,0.0019065553852088512,0.0,3,0.0016657627378303859,8.559401204310182e-05,2.4678948415495674e-05,0.0016657627378303859,0.00010950646352650004,0.988978435372825,0.010812033949212109,0.0002095306779628335,0.011021564627174943,45,45,2.09765565764088e-40,0.0016657627378303859
10000,10001,50.005,41,2.4057313353807947e-39,28,0.0019065553852088512,0.0019065553852088512,0.0,3,0.0016657627378303859,8.559401204310182e-05,2.4678948415495674e-05,0.0016657627378303859,0.00010950646352650004,0.988978435372825,0.010812033949212109,0.0002095306779628335,0.011021564627174943,45,45,2.09765565764088e-40,0.0016657627378303859
10000,10001,50.005,42,2.7607102437982904e-39,32,0.0019065553852088512,0.0019065553852088512,0.0,3,0.0016657627378303859,8.559401204310182e-05,2.4678948415495674e-05,0.0016657627378303859,0.00010950646352650004,0.988978435372825,0.010812033949212109,0.0002095306779628335,0.011021564627174943,45,45,2.09765565764088e-40,0.0016657627378303859
10000,10001,50.005,43,9.67047671894982e-40,16,0.0019065553852088512,0.0019065553852088512,0.0,3,0.0016657627378303859,8.559401204310182e-05,2.4678948415495674e-05,0.0016657627378303859,0.00010950646352650004,0.988978435372825,0.010812033949212109,0.0002095306779628335,0.011021564627174943,45,45,2.09765565764088e-40,0.0016657627378303859
10000,10001,50.005,44,2.6052561278201193e-40,8,0.0019065553852088512,0.0019065553852088512,0.0,3,0.0016657627378303859,8.559401204310182e-05,2.4678948415495674e-05,0.0016657627378303859,0.00010950646352650004,0.988978435372825,0.010812033949212109,0.0002095306779628335,0.011021564627174943,45,45,2.09765565764088e-40,0.0016657627378303859
10000,10001,50.005,45,2.09765565764088e-40,5,0.0019065553852088512,0.0019065553852088512,0.0,3,0.0016657627378303859,8.559401204310182e-05,2.4678948415495674e-05,0.0016657627378303859,0.00010950646352650004,0.988978435372825,0.010812033949212109,0.0002095306779628335,0.011021564627174943,45,45,2.09765565764088e-40,0.0016657627378303859
10500,10501,52.505,1,0.00011126237556937968,8,0.0020415444444924504,0.0020415444444924504,0.0,3,0.0017626599676638707,0.00011126237556937968,2.7903917880780148e-05,0.0017626599676638707,0.00011706760604869549,0.9889051754955276,0.010870033192505506,0.00022479131196700486,0.011094824504472512,45,45,9.784526268700265e-41,0.0017626599676638707
10500,10501,52.505,2,2.7903917880780148e-05,12,0.0020415444444924504,0.0020415444444924504,0.0,3,0.0017626599676638707,0.00011126237556937968,2.7903917880780148e-05,0.0017626599676638707,0.00011706760604869549,0.9889051754955276,0.010870033192505506,0.00022479131196700486,0.011094824504472512,45,45,9.784526268700265e-41,0.0017626599676638707
10500,10501,52.505,3,0.0017626599676638707,16,0.0020415444444924504,0.0020415444444924504,0.0,3,0.0017626599676638707,0.00011126237556937968,2.7903917880780148e-05,0.0017626599676638707,0.00011706760604869549,0.9889051754955276,0.010870033192505506,0.00022479131196700486,0.011094824504472512,45,45,9.784526268700265e-41,0.0017626599676638707
10500,10501,52.505,4,0.00011706760604869549,32,0.0020415444444924504,0.0020415444444924504,0.0,3,0.0017626599676638707,0.00011126237556937968,2.7903917880780148e-05,0.0017626599676638707,0.00011706760604869549,0.9889051754955276,0.010870033192505506,0.00022479131196700486,0.011094824504472512,45,45,9.784526268700265e-41,0.0017626599676638707
10500,10501,52.505,5,1.2298225820381576e-05,28,0.0020415444444924504,0.0020415444444924504,0.0,3,0.0017626599676638707,0.00011126237556937968,2.7903917880780148e-05,0.0017626599676638707,0.00011706760604869549,0.9889051754955276,0.010870033192505506,0.00022479131196700486,0.011094824504472512,45,45,9.784526268700265e-41,0.0017626599676638707
10500,10501,52.505,6,6.66925704322432e-06,40,0.0020415444444924504,0.0020415444444924504,0.0,3,0.0017626599676638707,0.00011126237556937968,2.7903917880780148e-05,0.0017626599676638707,0.00011706760604869549,0.9889051754955276,0.010870033192505506,0.00022479131196700486,0.011094824504472512,45,45,9.784526268700265e-41,0.0017626599676638707
10500,10501,52.505,7,2.161640272161592e-06,40,0.0020415444444924504,0.0020415444444924504,0.0,3,0.0017626599676638707,0.00011126237556937968,2.7903917880780148e-05,0.0017626599676638707,0.00011706760604869549,0.9889051754955276,0.010870033192505506,0.00022479131196700486,0.011094824504472512,45,45,9.784526268700265e-41,0.0017626599676638707
10500,10501,52.505,8,7.562966215321275e-07,48,0.0020415444444924504,0.0020415444444924504,0.0,3,0.0017626599676638707,0.00011126237556937968,2.7903917880780148e-05,0.0017626599676638707,0.00011706760604869549,0.9889051754955276,0.010870033192505506,0.00022479131196700486,0.011094824504472512,45,45,9.784526268700265e-41,0.0017626599676638707
10500,10501,52.505,9,3.0623611830853505e-07,68,0.0020415444444924504,0.0020415444444924504,0.0,3,0.0017626599676638707,0.00011126237556937968,2.7903917880780148e-05,0.0017626599676638707,0.00011706760604869549,0.9889051754955276,0.010870033192505506,0.00022479131196700486,0.011094824504472512,45,45,9.784526268700265e-41,0.0017626599676638707
10500,10501,52.505,10,2.5810671173153244e-07,56,0.0020415444444924504,0.0020415444444924504,0.0,3,0.0017626599676638707,0.00011126237556937968,2.7903917880780148e-05,0.0017626599676638707,0.00011706760604869549,0.9889051754955276,0.010870033192505506,0.00022479131196700486,0.011094824504472512,45,45,9.784526268700265e-41,0.0017626599676638707
10500,10501,52.505,11,9.563083294860606e-08,72,0.0020415444444924504,0.0020415444444924504,0.0,3,0.0017626599676638707,0.00011126237556937968,2.7903917880780148e-05,0.0017626599676638707,0.00011706760604869549,0.9889051754955276,0.010870033192505506,0.00022479131196700486,0.011094824504472512,45,45,9.784526268700265e-41,0.0017626599676638707
10500,10501,52.505,12,4.643735915730053e-08,68,0.0020415444444924504,0.0020415444444924504,0.0,3,0.0017626599676638707,0.00011126237556937968,2.7903917880780148e-05,0.0017626599676638707,0.00011706760604869549,0.9889051754955276,0.010870033192505506,0.00022479131196700486,0.011094824504472512,45,45,9.784526268700265e-41,0.0017626599676638707
10500,10501,52.505,13,2.5262917236877815e-08,88,0.0020415444444924504,0.0020415444444924504,0.0,3,0.0017626599676638707,0.00011126237556937968,2.7903917880780148e-05,0.0017626599676638707,0.00011706760604869549,0.9889051754955276,0.010870033192505506,0.00022479131196700486,0.011094824504472512,45,45,9.784526268700265e-41,0.0017626599676638707
10500,10501,52.505,14,1.4851326553398631e-08,88,0.0020415444444924504,0.0020415444444924504,0.0,3,0.0017626599676638707,0.00011126237556937968,2.7903917880780148e-05,0.0017626599676638707,0.00011706760604869549,0.9889051754955276,0.010870033192505506,0.00022479131196700486,0.011094824504472512,45,45,9.784526268700265e-41,0.0017626599676638707
10500,10501,52.505,15,8.67404597050588e-09,84,0.0020415444444924504,0.0020415444444924504,0.0,3,0.0017626599676638707,0.00011126237556937968,2.7903917880780148e-05,0.0017626599676638707,0.00011706760604869549,0.9889051754955276,0.010870033192505506,0.00022479131196700486,0.011094824504472512,45,45,9.784526268700265e-41,0.0017626599676638707
10500,10501,52.505,16,4.917442512232082e-09,112,0.0020415444444924504,0.0020415444444924504,0.0,3,0.0017626599676638707,0.00011126237556937968,2.7903917880780148e-05,0.0017626599676638707,0.00011706760604869549,0.9889051754955276,0.010870033192505506,0.00022479131196700486,0.011094824504472512,45,45,9.784526268700265e-41,0.0017626599676638707
10500,10501,52.505,17,2.27478569330003e-09,112,0.0020415444444924504,0.0020415444444924504,0.0,3,0.0017626599676638707,0.00011126237556937968,2.7903917880780148e-05,0.0017626599676638707,0.00011706760604869549,0.9889051754955276,0.010870033192505506,0.00022479131196700486,0.011094824504472512,45,45,9.784526268700265e-41,0.0017626599676638707
10500,10501,52.505,18,1.250669455112815e-09,112,0.0020415444444924504,0.0020415444444924504,0.0,3,0.0017626599676638707,0.00011126237556937968,2.7903917880780148e-05,0.0017626599676638707,0.00011706760604869549,0.9889051754955276,0.010870033192505506,0.00022479131196700486,0.011094824504472512,45,45,9.784526268700265e-41,0.0017626599676638707
10500,10501,52.505,19,6.633999988389541e-10,116,0.0020415444444924504,0.0020415444444924504,0.0,3,0.0017626599676638707,0.00011126237556937968,2.7903917880780148e-05,0.0017626599676638707,0.00011706760604869549,0.9889051754955276,0.010870033192505506,0.00022479131196700486,0.011094824504472512,45,45,9.784526268700265e-41,0.0017626599676638707
10500,10501,52.505,20,5.301642709921442e-10,112,0.0020415444444924504,0.0020415444444924504,0.0,3,0.0017626599676638707,0.00011126237556937968,2.7903917880780148e-05,0.0017626599676638707,0.00011706760604869549,0.9889051754955276,0.010870033192505506,0.00022479131196700486,0.011094824504472512,45,45,9.784526268700265e-41,0.0017626599676638707
10500,10501,52.505,21,2.2721285577335184e-10,144,0.0020415444444924504,0.0020415444444924504,0.0,3,0.0017626599676638707,0.00011126237556937968,2.7903917880780148e-05,0.0017626599676638707,0.00011706760604869549,0.9889051754955276,0.010870033192505506,0.00022479131196700486,0.011094824504472512,45,45,9.784526268700265e-41,0.0017626599676638707
10500,10501,52.505,22,7.714383217200208e-11,140,0.0020415444444924504,0.0020415444444924504,0.0,3,0.0017626599676638707,0.00011126237556937968,2.7903917880780148e-05,0.0017626599676638707,0.00011706760604869549,0.9889051754955276,0.010870033192505506,0.00022479131196700486,0.011094824504472512,45,45,9.784526268700265e-41,0.0017626599676638707
10500,10501,52.505,23,1.2380265054751092e-11,144,0.0020415444444924504,0.0020415444444924504,0.0,3,0.0017626599676638707,0.00011126237556937968,2.7903917880780148e-05,0.0017626599676638707,0.00011706760604869549,0.9889051754955276,0.010870033192505506,0.00022479131196700486,0.011094824504472512,45,45,9.784526268700265e-41,0.0017626599676638707
10500,10501,52.505,24,3.817824444426013e-12,144,0.0020415444444924504,0.0020415444444924504,0.0,3,0.0017626599676638707,0.00011126237556937968,2.7903917880780148e-05,0.0017626599676638707,0.00011706760604869549,0.9889051754955276,0.010870033192505506,0.00022479131196700486,0.011094824504472512,45,45,9.784526268700265e-41,0.0017626599676638707
10500,10501,52.505,25,9.197065222778184e-13,168,0.0020415444444924504,0.0020415444444924504,0.0,3,0.0017626599676638707,0.00011126237556937968,2.7903917880780148e-05,0.0017626599676638707,0.00011706760604869549,0.9889051754955276,0.010870033192505506,0.00022479131196700486,0.011094824504472512,45,45,9.784526268700265e-41,0.0017626599676638707
10500,10501,52.505,26,2.709777149450059e-13,164,0.0020415444444924504,0.0020415444444924504,0.0,3,0.0017626599676638707,0.00011126237556937968,2.7903917880780148e-05,0.0017626599676638707,0.00011706760604869549,0.9889051754955276,0.010870033192505506,0.00022479131196700486,0.011094824504472512,45,45,9.784526268700265e-41,0.0017626599676638707
10500,10501,52.505,27,3.420477143080246e-14,160,0.0020415444444924504,0.0020415444444924504,0.0,3,0.0017626599676638707,0.00011126237556937968,2.7903917880780148e-05,0.0017626599676638707,0.00011706760604869549,0.9889051754955276,0.010870033192505506,0.00022479131196700486,0.011094824504472512,45,45,9.784526268700265e-41,0.0017626599676638707
10500,10501,52.505,28,1.7135178104577082e-14,184,0.0020415444444924504,0.0020415444444924504,0.0,3,0.0017626599676638707,0.00011126237556937968,2.7903917880780148e-05,0.0017626599676638707,0.00011706760604869549,0.9889051754955276,0.010870033192505506,0.00022479131196700486,0.011094824504472512,45,45,9.784526268700265e-41,0.0017626599676638707
10500,10501,52.505,29,1.4831573818384789e-15,172,0.0020415444444924504,0.0020415444444924504,0.0,3,0.0017626599676638707,0.00011126237556937968,2.7903917880780148e-05,0.0017626599676638707,0.00011706760604869549,0.9889051754955276,0.010870033192505506,0.00022479131196700486,0.011094824504472512,45,45,9.784526268700265e-41,0.0017626599676638707
10500,10501,52.505,30,3.0292203702058036e-16,200,0.0020415444444924504,0.0020415444444924504,0.0,3,0.0017626599676638707,0.00011126237556937968,2.7903917880780148e-05,0.0017626599676638707,0.00011706760604869549,0.9889051754955276,0.010870033192505506,0.00022479131196700486,0.011094824504472512,45,45,9.784526268700265e-41,0.0017626599676638707
10500,10501,52.505,31,1.6119483389104503e-37,192,0.0020415444444924504,0.0020415444444924504,0.0,3,0.0017626599676638707,0.00011126237556937968,2.7903917880780148e-05,0.0017626599676638707,0.00011706760604869549,0.9889051754955276,0.010870033192505506,0.00022479131196700486,0.011094824504472512,45,45,9.784526268700265e-41,0.0017626599676638707
10500,10501,52.505,32,2.6863451302747594e-38,166,0.0020415444444924504,0.0020415444444924504,0.0,3,0.0017626599676638707,0.00011126237556937968,2.7903917880780148e-05,0.0017626599676638707,0.00011706760604869549,0.9889051754955276,0.010870033192505506,0.00022479131196700486,0.011094824504472512,45,45,9.784526268700265e-41,0.0017626599676638707
10500,10501,52.505,33,2.0942538345836382e-38,148,0.0020415444444924504,0.0020415444444924504,0.0,3,0.0017626599676638707,0.00011126237556937968,2.7903917880780148e-05,0.0017626599676638707,0.00011706760604869549,0.9889051754955276,0.010870033192505506,0.00022479131196700486,0.011094824504472512,45,45,9.784526268700265e-41,0.0017626599676638707
10500,10501,52.505,34,1.6896322350097336e-38,128,0.0020415444444924504,0.0020415444444924504,0.0,3,0.0017626599676638707,0.00011126237556937968,2.7903917880780148e-05,0.0017626599676638707,0.00011706760604869549,0.9889051754955276,0.010870033192505506,0.00022479131196700486,0.011094824504472512,45,45,9.784526268700265e-41,0.0017626599676638707
10500,10501,52.505,35,1.144974126429481e-38,104,0.0020415444444924504,0.0020415444444924504,0.0,3,0.0017626599676638707,0.00011126237556937968,2.7903917880780148e-05,0.0017626599676638707,0.00011706760604869549,0.9889051754955276,0.010870033192505506,0.00022479131196700486,0.011094824504472512,45,45,9.784526268700265e-41,0.0017626599676638707
10500,10501,52.505,36,8.566652544703396e-39,88,0.0020415444444924504,0.0020415444444924504,0.0,3,0.0017626599676638707,0.00011126237556937968,2.7903917880780148e-05,0.0017626599676638707,0.00011706760604869549,0.9889051754955276,0.010870033192505506,0.00022479131196700486,0.011094824504472512,45,45,9.784526268700265e-41,0.0017626599676638707
10500,10501,52.505,37,8.806095511406467e-39,76,0.0020415444444924504,0.0020415444444924504,0.0,3,0.0017626599676638707,0.00011126237556937968,2.7903917880780148e-05,0.0017626599676638707,0.00011706760604869549,0.9889051754955276,0.010870033192505506,0.00022479131196700486,0.011094824504472512,45,45,9.784526268700265e-41,0.0017626599676638707
10500,10501,52.505,38,5.995815701315179e-39,68,0.0020415444444924504,0.0020415444444924504,0.0,3,0.0017626599676638707,0.00011126237556937968,2.7903917880780148e-05,0.0017626599676638707,0.00011706760604869549,0.9889051754955276,0.010870033192505506,0.00022479131196700486,0.011094824504472512,45,45,9.784526268700265e-41,0.0017626599676638707
10500,10501,52.505,39,3.4228496627075656e-39,48,0.0020415444444924504,0.0020415444444924504,0.0,3,0.0017626599676638707,0.00011126237556937968,2.7903917880780148e-05,0.0017626599676638707,0.00011706760604869549,0.9889051754955276,0.010870033192505506,0.00022479131196700486,0.011094824504472512,45,45,9.784526268700265e-41,0.0017626599676638707
10500,10501,52.505,40,7.485298913211996e-39,56,0.0020415444444924504,0.0020415444444924504,0.0,3,0.0017626599676638707,0.00011126237556937968,2.7903917880780148e-05,0.0017626599676638707,0.00011706760604869549,0.9889051754955276,0.010870033192505506,0.00022479131196700486,0.011094824504472512,45,45,9.784526268700265e-41,0.0017626599676638707
10500,10501,52.505,41,2.1342665809375624e-39,28,0.0020415444444924504,0.0020415444444924504,0.0,3,0.0017626599676638707,0.00011126237556937968,2.7903917880780148e-05,0.0017626599676638707,0.00011706760604869549,0.9889051754955276,0.010870033192505506,0.00022479131196700486,0.011094824504472512,45,45,9.784526268700265e-41,0.0017626599676638707
10500,10501,52.505,42,3.513529637492366e-39,32,0.0020415444444924504,0.0020415444444924504,0.0,3,0.0017626599676638707,0.00011126237556937968,2.7903917880780148e-05,0.0017626599676638707,0.00011706760604869549,0.9889051754955276,0.010870033192505506,0.00022479131196700486,0.011094824504472512,45,45,9.784526268700265e-41,0.0017626599676638707
10500,10501,52.505,43,7.96638443344629e-40,16,0.0020415444444924504,0.0020415444444924504,0.0,3,0.0017626599676638707,0.00011126237556937968,2.7903917880780148e-05,0.0017626599676638707,0.00011706760604869549,0.9889051754955276,0.010870033192505506,0.00022479131196700486,0.011094824504472512,45,45,9.784526268700265e-41,0.0017626599676638707
10500,10501,52.505,44,1.2317752728701171e-39,8,0.0020415444444924504,0.0020415444444924504,0.0,3,0.0017626599676638707,0.00011126237556937968,2.7903917880780148e-05,0.0017626599676638707,0.00011706760604869549,0.9889051754955276,0.010870033192505506,0.00022479131196700486,0.011094824504472512,45,45,9.784526268700265e-41,0.0017626599676638707
10500,10501,52.505,45,9.784526268700265e-41,5,0.0020415444444924504,0.0020415444444924504,0.0,3,0.0017626599676638707,0.00011126237556937968,2.7903917880780148e-05,0.0017626599676638707,0.00011706760604869549,0.9889051754955276,0.010870033192505506,0.00022479131196700486,0.011094824504472512,45,45,9.784526268700265e-41,0.0017626599676638707
11000,11001,55.005,1,0.0001412958131646424,8,0.0021742892558560896,0.0021742892558560896,0.0,3,0.0018475798058262358,0.0001412958131646424,3.422798425025245e-05,0.0018475798058262358,0.00012701953886543047,0.9888855111230298,0.010880547207302176,0.00023394166966789683,0.011114488876970073,45,45,3.3063193263368844e-40,0.0018475798058262358
11000,11001,55.005,2,3.422798425025245e-05,12,0.0021742892558560896,0.0021742892558560896,0.0,3,0.0018475798058262358,0.0001412958131646424,3.422798425025245e-05,0.0018475798058262358,0.00012701953886543047,0.9888855111230298,0.010880547207302176,0.00023394166966789683,0.011114488876970073,45,45,3.3063193263368844e-40,0.0018475798058262358
11000,11001,55.005,3,0.0018475798058262358,16,0.0021742892558560896,0.0021742892558560896,0.0,3,0.0018475798058262358,0.0001412958131646424,3.422798425025245e-05,0.0018475798058262358,0.00012701953886543047,0.9888855111230298,0.010880547207302176,0.00023394166966789683,0.011114488876970073,45,45,3.3063193263368844e-40,0.0018475798058262358
11000,11001,55.005,4,0.00012701953886543047,32,0.0021742892558560896,0.0021742892558560896,0.0,3,0.0018475798058262358,0.0001412958131646424,3.422798425025245e-05,0.0018475798058262358,0.00012701953886543047,0.9888855111230298,0.010880547207302176,0.00023394166966789683,0.011114488876970073,45,45,3.3063193263368844e-40,0.0018475798058262358
11000,11001,55.005,5,1.377543427649487e-05,28,0.0021742892558560896,0.0021742892558560896,0.0,3,0.0018475798058262358,0.0001412958131646424,3.422798425025245e-05,0.0018475798058262358,0.00012701953886543047,0.9888855111230298,0.010880547207302176,0.00023394166966789683,0.011114488876970073,45,45,3.3063193263368844e-40,0.0018475798058262358
11000,11001,55.005,6,6.500323282352554e-06,40,0.0021742892558560896,0.0021742892558560896,0.0,3,0.0018475798058262358,0.0001412958131646424,3.422798425025245e-05,0.0018475798058262358,0.00012701953886543047,0.9888855111230298,0.010880547207302176,0.00023394166966789683,0.011114488876970073,45,45,3.3063193263368844e-40,0.0018475798058262358
11000,11001,55.005,7,2.2101093161329805e-06,40,0.0021742892558560896,0.0021742892558560896,0.0,3,0.0018475798058262358,0.0001412958131646424,3.422798425025245e-05,0.0018475798058262358,0.00012701953886543047,0.9888855111230298,0.010880547207302176,0.00023394166966789683,0.011114488876970073,45,45,3.3063193263368844e-40,0.0018475798058262358
11000,11001,55.005,8,8.343308405713227e-07,48,0.0021742892558560896,0.0021742892558560896,0.0,3,0.0018475798058262358,0.0001412958131646424,3.422798425025245e-05,0.0018475798058262358,0.00012701953886543047,0.9888855111230298,0.010880547207302176,0.00023394166966789683,0.011114488876970073,45,45,3.3063193263368844e-40,0.0018475798058262358
11000,11001,55.005,9,3.3725917512037457e-07,68,0.0021742892558560896,0.0021742892558560896,0.0,3,0.0018475798058262358,0.0001412958131646424,3.422798425025245e-05,0.0018475798058262358,0.00012701953886543047,0.9888855111230298,0.010880547207302176,0.00023394166966789683,0.011114488876970073,45,45,3.3063193263368844e-40,0.0018475798058262358
11000,11001,55.005,10,2.675395834268154e-07,56,0.0021742892558560896,0.0021742892558560896,0.0,3,0.0018475798058262358,0.0001412958131646424,3.422798425025245e-05,0.0018475798058262358,0.00012701953886543047,0.9888855111230298,0.010880547207302176,0.00023394166966789683,0.011114488876970073,45,45,3.3063193263368844e-40,0.0018475798058262358
11000,11001,55.005,11,1.2253413215916292e-07,72,0.0021742892558560896,0.0021742892558560896,0.0,3,0.0018475798058262358,0.0001412958131646424,3.422798425025245e-05,0.0018475798058262358,0.00012701953886543047,0.9888855111230298,0.010880547207302176,0.00023394166966789683,0.011114488876970073,45,45,3.3063193263368844e-40,0.0018475798058262358
11000,11001,55.005,12,4.969080400854616e-08,68,0.0021742892558560896,0.0021742892558560896,0.0,3,0.0018475798058262358,0.0001412958131646424,3.422798425025245e-05,0.0018475798058262358,0.00012701953886543047,0.9888855111230298,0.010880547207302176,0.00023394166966789683,0.011114488876970073,45,45,3.3063193263368844e-40,0.0018475798058262358
11000,11001,55.005,13,3.1222102041314084e-08,88,0.0021742892558560896,0.0021742892558560896,0.0,3,0.0018475798058262358,0.0001412958131646424,3.422798425025245e-05,0.0018475798058262358,0.00012701953886543047,0.9888855111230298,0.010880547207302176,0.00023394166966789683,0.011114488876970073,45,45,3.3063193263368844e-40,0.0018475798058262358
11000,11001,55.005,14,1.4806889455119788e-08,88,0.0021742892558560896,0.0021742892558560896,0.0,3,0.0018475798058262358,0.0001412958131646424,3.422798425025245e-05,0.0018475798058262358,0.00012701953886543047,0.9888855111230298,0.010880547207302176,0.00023394166966789683,0.011114488876970073,45,45,3.3063193263368844e-40,0.0018475798058262358
11000,11001,55.005,15,1.1282335289331303e-08,84,0.0021742892558560896,0.0021742892558560896,0.0,3,0.0018475798058262358,0.0001412958131646424,3.422798425025245e-05,0.0018475798058262358,0.00012701953886543047,0.9888855111230298,0.010880547207302176,0.00023394166966789683,0.011114488876970073,45,45,3.3063193263368844e-40,0.0018475798058262358
11000,11001,55.005,16,5.590997063941941e-09,112,0.0021742892558560896,0.0021742892558560896,0.0,3,0.0018475798058262358,0.0001412958131646424,3.422798425025245e-05,0.0018475798058262358,0.00012701953886543047,0.9888855111230298,0.010880547207302176,0.00023394166966789683,0.011114488876970073,45,45,3.3063193263368844e-40,0.0018475798058262358
11000,11001,55.005,17,2.7151832001348316e-09,112,0.0021742892558560896,0.0021742892558560896,0.0,3,0.0018475798058262358,0.0001412958131646424,3.422798425025245e-05,0.0018475798058262358,0.00012701953886543047,0.9888855111230298,0.010880547207302176,0.00023394166966789683,0.011114488876970073,45,45,3.3063193263368844e-40,0.0018475798058262358
11000,11001,55.005,18,1.4836012548899633e-09,112,0.0021742892558560896,0.0021742892558560896,0.0,3,0.0018475798058262358,0.0001412958131646424,3.422798425025245e-05,0.0018475798058262358,0.00012701953886543047,0.9888855111230298,0.010880547207302176,0.00023394166966789683,0.011114488876970073,45,45,3.3063193263368844e-40,0.0018475798058262358
11000,11001,55.005,19,7.397562635772613e-10,116,0.0021742892558560896,0.0021742892558560896,0.0,3,0.0018475798058262358,0.0001412958131646424,3.422798425025245e-05,0.0018475798058262358,0.00012701953886543047,0.9888855111230298,0.010880547207302176,0.00023394166966789683,0.011114488876970073,45,45,3.3063193263368844e-40,0.0018475798058262358
11000,11001,55.005,20,6.797340575715143e-10,112,0.0021742892558560896,0.0021742892558560896,0.0,3,0.0018475798058262358,0.0001412958131646424,3.422798425025245e-05,0.0018475798058262358,0.00012701953886543047,0.9888855111230298,0.010880547207302176,0.00023394166966789683,0.011114488876970073,45,45,3.3063193263368844e-40,0.0018475798058262358
11000,11001,55.005,21,2.618719905214248e-10,144,0.0021742892558560896,0.0021742892558560896,0.0,3,0.0018475798058262358,0.0001412958131646424,3.422798425025245e-05,0.0018475798058262358,0.00012701953886543047,0.9888855111230298,0.010880547207302176,0.00023394166966789683,0.011114488876970073,45,45,3.3063193263368844e-40,0.0018475798058262358
11000,11001,55.005,22,8.740789642769686e-11,140,0.0021742892558560896,0.0021742892558560896,0.0,3,0.0018475798058262358,0.0001412958131646424,3.422798425025245e-05,0.0018475798058262358,0.00012701953886543047,0.9888855111230298,0.010880547207302176,0.00023394166966789683,0.011114488876970073,45,45,3.3063193263368844e-40,0.0018475798058262358
11000,11001,55.005,23,1.5512366908427574e-11,144,0.0021742892558560896,0.0021742892558560896,0.0,3,0.0018475798058262358,0.0001412958131646424,3.422798425025245e-05,0.0018475798058262358,0.00012701953886543047,0.9888855111230298,0.010880547207302176,0.00023394166966789683,0.011114488876970073,45,45,3.3063193263368844e-40,0.0018475798058262358
11000,11001,55.005,24,4.8679639190794015e-12,144,0.0021742892558560896,0.0021742892558560896,0.0,3,0.0018475798058262358,0.0001412958131646424,3.422798425025245e-05,0.0018475798058262358,0.00012701953886543047,0.9888855111230298,0.010880547207302176,0.00023394166966789683,0.011114488876970073,45,45,3.3063193263368844e-40,0.0018475798058262358
11000,11001,55.005,25,1.4676422643913187e-12,168,0.0021742892558560896,0.0021742892558560896,0.0,3,0.0018475798058262358,0.0001412958131646424,3.422798425025245e-05,0.0018475798058262358,0.00012701953886543047,0.9888855111230298,0.010880547207302176,0.00023394166966789683,0.011114488876970073,45,45,3.3063193263368844e-40,0.0018475798058262358
11000,11001,55.005,26,4.799867466966093e-13,164,0.0021742892558560896,0.0021742892558560896,0.0,3,0.0018475798058262358,0.0001412958131646424,3.422798425025245e-05,0.0018475798058262358,0.00012701953886543047,0.9888855111230298,0.010880547207302176,0.00023394166966789683,0.011114488876970073,45,45,3.3063193263368844e-40,0.0018475798058262358
11000,11001,55.005,27,8.20543204425856e-14,160,0.0021742892558560896,0.0021742892558560896,0.0,3,0.0018475798058262358,0.0001412958131646424,3.422798425025245e-05,0.0018475798058262358,0.00012701953886543047,0.9888855111230298,0.010880547207302176,0.00023394166966789683,0.011114488876970073,45,45,3.3063193263368844e-40,0.0018475798058262358
11000,11001,55.005,28,4.514125491098955e-14,184,0.0021742892558560896,0.0021742892558560896,0.0,3,0.0018475798058262358,0.0001412958131646424,3.422798425025245e-05,0.0018475798058262358,0.00012701953886543047,0.9888855111230298,0.010880547207302176,0.00023394166966789683,0.011114488876970073,45,45,3.3063193263368844e-40,0.0018475798058262358
11000,11001,55.005,29,4.584941190179966e-15,172,0.0021742892558560896,0.0021742892558560896,0.0,3,0.0018475798058262358,0.0001412958131646424,3.422798425025245e-05,0.0018475798058262358,0.00012701953886543047,0.9888855111230298,0.010880547207302176,0.00023394166966789683,0.011114488876970073,45,45,3.3063193263368844e-40,0.0018475798058262358
11000,11001,55.005,30,1.0082331659609703e-15,200,0.0021742892558560896,0.0021742892558560896,0.0,3,0.0018475798058262358,0.0001412958131646424,3.422798425025245e-05,0.0018475798058262358,0.00012701953886543047,0.9888855111230298,0.010880547207302176,0.00023394166966789683,0.011114488876970073,45,45,3.3063193263368844e-40,0.0018475798058262358
11000,11001,55.005,31,8.172940102773298e-38,192,0.0021742892558560896,0.0021742892558560896,0.0,3,0.0018475798058262358,0.0001412958131646424,3.422798425025245e-05,0.0018475798058262358,0.00012701953886543047,0.9888855111230298,0.010880547207302176,0.00023394166966789683,0.011114488876970073,45,45,3.3063193263368844e-40,0.0018475798058262358
11000,11001,55.005,32,2.501110111420689e-38,166,0.0021742892558560896,0.0021742892558560896,0.0,3,0.0018475798058262358,0.0001412958131646424,3.422798425025245e-05,0.0018475798058262358,0.00012701953886543047,0.9888855111230298,0.010880547207302176,0.00023394166966789683,0.011114488876970073,45,45,3.3063193263368844e-40,0.0018475798058262358
11000,11001,55.005,33,2.4148172693111304e-38,148,0.0021742892558560896,0.0021742892558560896,0.0,3,0.0018475798058262358,0.0001412958131646424,3.422798425025245e-05,0.0018475798058262358,0.00012701953886543047,0.9888855111230298,0.010880547207302176,0.00023394166966789683,0.011114488876970073,45,45,3.3063193263368844e-40,0.0018475798058262358
11000,11001,55.005,34,1.9683557122224079e-38,128,0.0021742892558560896,0.0021742892558560896,0.0,3,0.0018475798058262358,0.0001412958131646424,3.422798425025245e-05,0.0018475798058262358,0.00012701953886543047,0.9888855111230298,0.010880547207302176,0.00023394166966789683,0.011114488876970073,45,45,3.3063193263368844e-40,0.0018475798058262358
11000,11001,55.005,35,1.1891174500633353e-38,104,0.0021742892558560896,0.0021742892558560896,0.0,3,0.0018475798058262358,0.0001412958131646424,3.422798425025245e-05,0.0018475798058262358,0.00012701953886543047,0.9888855111230298,0.010880547207302176,0.00023394166966789683,0.011114488876970073,45,45,3.3063193263368844e-40,0.0018475798058262358
11000,11001,55.005,36,9.265007321860035e-39,88,0.0021742892558560896,0.0021742892558560896,0.0,3,0.0018475798058262358,0.0001412958131646424,3.422798425025245e-05,0.0018475798058262358,0.00012701953886543047,0.9888855111230298,0.010880547207302176,0.00023394166966789683,0.011114488876970073,45,45,3.3063193263368844e-40,0.0018475798058262358
11000,11001,55.005,37,6.441617594227489e-39,76,0.0021742892558560896,0.0021742892558560896,0.0,3,0.0018475798058262358,0.0001412958131646424,3.422798425025245e-05,0.0018475798058262358,0.00012701953886543047,0.9888855111230298,0.010880547207302176,0.00023394166966789683,0.011114488876970073,45,45,3.3063193263368844e-40,0.0018475798058262358
11000,11001,55.005,38,7.091628967720284e-39,68,0.0021742892558560896,0.0021742892558560896,0.0,3,0.0018475798058262358,0.0001412958131646424,3.422798425025245e-05,0.0018475798058262358,0.00012701953886543047,0.9888855111230298,0.010880547207302176,0.00023394166966789683,0.011114488876970073,45,45,3.3063193263368844e-40,0.0018475798058262358
11000,11001,55.005,39,3.4287211466398105e-39,48,0.0021742892558560896,0.0021742892558560896,0.0,3,0.0018475798058262358,0.0001412958131646424,3.422798425025245e-05,0.0018475798058262358,0.00012701953886543047,0.9888855111230298,0.010880547207302176,0.00023394166966789683,0.011114488876970073,45,45,3.3063193263368844e-40,0.0018475798058262358
11000,11001,55.005,40,6.271487305053262e-39,56,0.0021742892558560896,0.0021742892558560896,0.0,3,0.0018475798058262358,0.0001412958131646424,3.422798425025245e-05,0.0018475798058262358,0.00012701953886543047,0.9888855111230298,0.010880547207302176,0.00023394166966789683,0.011114488876970073,45,45,3.3063193263368844e-40,0.0018475798058262358
11000,11001,55.005,41,1.5203397706895697e-39,28,0.0021742892558560896,0.0021742892558560896,0.0,3,0.0018475798058262358,0.0001412958131646424,3.422798425025245e-05,0.0018475798058262358,0.00012701953886543047,0.9888855111230298,0.010880547207302176,0.00023394166966789683,0.011114488876970073,45,45,3.3063193263368844e-40,0.0018475798058262358
11000,11001,55.005,42,2.6445153518136514e-39,32,0.0021742892558560896,0.0021742892558560896,0.0,3,0.0018475798058262358,0.0001412958131646424,3.422798425025245e-05,0.0018475798058262358,0.00012701953886543047,0.9888855111230298,0.010880547207302176,0.00023394166966789683,0.011114488876970073,45,45,3.3063193263368844e-40,0.0018475798058262358
11000,11001,55.005,43,1.2405604444437669e-39,16,0.0021742892558560896,0.0021742892558560896,0.0,3,0.0018475798058262358,0.0001412958131646424,3.422798425025245e-05,0.0018475798058262358,0.00012701953886543047,0.9888855111230298,0.010880547207302176,0.00023394166966789683,0.011114488876970073,45,45,3.3063193263368844e-40,0.0018475798058262358
11000,11001,55.005,44,7.1952430441838785e-40,8,0.0021742892558560896,0.0021742892558560896,0.0,3,0.0018475798058262358,0.0001412958131646424,3.422798425025245e-05,0.0018475798058262358,0.00012701953886543047,0.9888855111230298,0.010880547207302176,0.00023394166966789683,0.011114488876970073,45,45,3.3063193263368844e-40,0.0018475798058262358
11000,11001,55.005,45,3.3063193263368844e-40,5,0.0021742892558560896,0.0021742892558560896,0.0,3,0.0018475798058262358,0.0001412958131646424,3.422798425025245e-05,0.0018475798058262358,0.00012701953886543047,0.9888855111230298,0.010880547207302176,0.00023394166966789683,0.011114488876970073,45,45,3.3063193263368844e-40,0.0018475798058262358
11500,11501,57.505,1,0.00017541200151932265,8,0.0023036759050910007,0.0023036759050910007,0.0,3,0.001916320675286076,0.00017541200151932265,4.611945023301413e-05,0.001916320675286076,0.00014009758888471757,0.9888325484018751,0.010933376349255028,0.00023407524886972578,0.011167451598124755,45,45,9.220261798873327e-41,0.001916320675286076
11500,11501,57.505,2,4.611945023301413e-05,12,0.0023036759050910007,0.0023036759050910007,0.0,3,0.001916320675286076,0.00017541200151932265,4.611945023301413e-05,0.001916320675286076,0.00014009758888471757,0.9888325484018751,0.010933376349255028,0.00023407524886972578,0.011167451598124755,45,45,9.220261798873327e-41,0.001916320675286076
11500,11501,57.505,3,0.001916320675286076,16,0.0023036759050910007,0.0023036759050910007,0.0,3,0.001916320675286076,0.00017541200151932265,4.611945023301413e-05,0.001916320675286076,0.00014009758888471757,0.9888325484018751,0.010933376349255028,0.00023407524886972578,0.011167451598124755,45,45,9.220261798873327e-41,0.001916320675286076
11500,11501,57.505,4,0.00014009758888471757,32,0.0023036759050910007,0.0023036759050910007,0.0,3,0.001916320675286076,0.00017541200151932265,4.611945023301413e-05,0.001916320675286076,0.00014009758888471757,0.9888325484018751,0.010933376349255028,0.00023407524886972578,0.011167451598124755,45,45,9.220261798873327e-41,0.001916320675286076
11500,11501,57.505,5,1.5535164786770122e-05,28,0.0023036759050910007,0.0023036759050910007,0.0,3,0.001916320675286076,0.00017541200151932265,4.611945023301413e-05,0.001916320675286076,0.00014009758888471757,0.9888325484018751,0.010933376349255028,0.00023407524886972578,0.011167451598124755,45,45,9.220261798873327e-41,0.001916320675286076
11500,11501,57.505,6,6.198075675346803e-06,40,0.0023036759050910007,0.0023036759050910007,0.0,3,0.001916320675286076,0.00017541200151932265,4.611945023301413e-05,0.001916320675286076,0.00014009758888471757,0.9888325484018751,0.010933376349255028,0.00023407524886972578,0.011167451598124755,45,45,9.220261798873327e-41,0.001916320675286076
11500,11501,57.505,7,2.1579800182014635e-06,40,0.0023036759050910007,0.0023036759050910007,0.0,3,0.001916320675286076,0.00017541200151932265,4.611945023301413e-05,0.001916320675286076,0.00014009758888471757,0.9888325484018751,0.010933376349255028,0.00023407524886972578,0.011167451598124755,45,45,9.220261798873327e-41,0.001916320675286076
11500,11501,57.505,8,9.09415011171801e-07,48,0.0023036759050910007,0.0023036759050910007,0.0,3,0.001916320675286076,0.00017541200151932265,4.611945023301413e-05,0.001916320675286076,0.00014009758888471757,0.9888325484018751,0.010933376349255028,0.00023407524886972578,0.011167451598124755,45,45,9.220261798873327e-41,0.001916320675286076
11500,11501,57.505,9,3.863201655804278e-07,68,0.0023036759050910007,0.0023036759050910007,0.0,3,0.001916320675286076,0.00017541200151932265,4.611945023301413e-05,0.001916320675286076,0.00014009758888471757,0.9888325484018751,0.010933376349255028,0.00023407524886972578,0.011167451598124755,45,45,9.220261798873327e-41,0.001916320675286076
11500,11501,57.505,10,2.555877013514683e-07,56,0.0023036759050910007,0.0023036759050910007,0.0,3,0.001916320675286076,0.00017541200151932265,4.611945023301413e-05,0.001916320675286076,0.00014009758888471757,0.9888325484018751,0.010933376349255028,0.00023407524886972578,0.011167451598124755,45,45,9.220261798873327e-41,0.001916320675286076
11500,11501,57.505,11,1.4998057601274819e-07,72,0.0023036759050910007,0.0023036759050910007,0.0,3,0.001916320675286076,0.00017541200151932265,4.611945023301413e-05,0.001916320675286076,0.00014009758888471757,0.9888325484018751,0.010933376349255028,0.00023407524886972578,0.011167451598124755,45,45,9.220261798873327e-41,0.001916320675286076
11500,11501,57.505,12,5.3333203806367584e-08,68,0.0023036759050910007,0.0023036759050910007,0.0,3,0.001916320675286076,0.00017541200151932265,4.611945023301413e-05,0.001916320675286076,0.00014009758888471757,0.9888325484018751,0.010933376349255028,0.00023407524886972578,0.011167451598124755,45,45,9.220261798873327e-41,0.001916320675286076
11500,11501,57.505,13,3.8535823300287965e-08,88,0.0023036759050910007,0.0023036759050910007,0.0,3,0.001916320675286076,0.00017541200151932265,4.611945023301413e-05,0.001916320675286076,0.00014009758888471757,0.9888325484018751,0.010933376349255028,0.00023407524886972578,0.011167451598124755,45,45,9.220261798873327e-41,0.001916320675286076
11500,11501,57.505,14,1.440332678853107e-08,88,0.0023036759050910007,0.0023036759050910007,0.0,3,0.001916320675286076,0.00017541200151932265,4.611945023301413e-05,0.001916320675286076,0.00014009758888471757,0.9888325484018751,0.010933376349255028,0.00023407524886972578,0.011167451598124755,45,45,9.220261798873327e-41,0.001916320675286076
11500,11501,57.505,15,1.382226433675037e-08,84,0.0023036759050910007,0.0023036759050910007,0.0,3,0.001916320675286076,0.00017541200151932265,4.611945023301413e-05,0.001916320675286076,0.00014009758888471757,0.9888325484018751,0.010933376349255028,0.00023407524886972578,0.011167451598124755,45,45,9.220261798873327e-41,0.001916320675286076
11500,11501,57.505,16,6.5370594036804806e-09,112,0.0023036759050910007,0.0023036759050910007,0.0,3,0.001916320675286076,0.00017541200151932265,4.611945023301413e-05,0.001916320675286076,0.00014009758888471757,0.9888325484018751,0.010933376349255028,0.00023407524886972578,0.011167451598124755,45,45,9.220261798873327e-41,0.001916320675286076
11500,11501,57.505,17,3.1015154545627916e-09,112,0.0023036759050910007,0.0023036759050910007,0.0,3,0.001916320675286076,0.00017541200151932265,4.611945023301413e-05,0.001916320675286076,0.00014009758888471757,0.9888325484018751,0.010933376349255028,0.00023407524886972578,0.011167451598124755,45,45,9.220261798873327e-41,0.001916320675286076
11500,11501,57.505,18,1.8620349217734136e-09,112,0.0023036759050910007,0.0023036759050910007,0.0,3,0.001916320675286076,0.00017541200151932265,4.611945023301413e-05,0.001916320675286076,0.00014009758888471757,0.9888325484018751,0.010933376349255028,0.00023407524886972578,0.011167451598124755,45,45,9.220261798873327e-41,0.001916320675286076
11500,11501,57.505,19,7.795135431599977e-10,116,0.0023036759050910007,0.0023036759050910007,0.0,3,0.001916320675286076,0.00017541200151932265,4.611945023301413e-05,0.001916320675286076,0.00014009758888471757,0.9888325484018751,0.010933376349255028,0.00023407524886972578,0.011167451598124755,45,45,9.220261798873327e-41,0.001916320675286076
11500,11501,57.505,20,8.700798138536602e-10,112,0.0023036759050910007,0.0023036759050910007,0.0,3,0.001916320675286076,0.00017541200151932265,4.611945023301413e-05,0.001916320675286076,0.00014009758888471757,0.9888325484018751,0.010933376349255028,0.00023407524886972578,0.011167451598124755,45,45,9.220261798873327e-41,0.001916320675286076
11500,11501,57.505,21,2.9615765774969754e-10,144,0.0023036759050910007,0.0023036759050910007,0.0,3,0.001916320675286076,0.00017541200151932265,4.611945023301413e-05,0.001916320675286076,0.00014009758888471757,0.9888325484018751,0.010933376349255028,0.00023407524886972578,0.011167451598124755,45,45,9.220261798873327e-41,0.001916320675286076
11500,11501,57.505,22,9.763490582390579e-11,140,0.0023036759050910007,0.0023036759050910007,0.0,3,0.001916320675286076,0.00017541200151932265,4.611945023301413e-05,0.001916320675286076,0.00014009758888471757,0.9888325484018751,0.010933376349255028,0.00023407524886972578,0.011167451598124755,45,45,9.220261798873327e-41,0.001916320675286076
11500,11501,57.505,23,1.8075105586246364e-11,144,0.0023036759050910007,0.0023036759050910007,0.0,3,0.001916320675286076,0.00017541200151932265,4.611945023301413e-05,0.001916320675286076,0.00014009758888471757,0.9888325484018751,0.010933376349255028,0.00023407524886972578,0.011167451598124755,45,45,9.220261798873327e-41,0.001916320675286076
11500,11501,57.505,24,5.45621871936545e-12,144,0.0023036759050910007,0.0023036759050910007,0.0,3,0.001916320675286076,0.00017541200151932265,4.611945023301413e-05,0.001916320675286076,0.00014009758888471757,0.9888325484018751,0.010933376349255028,0.00023407524886972578,0.011167451598124755,45,45,9.220261798873327e-41,0.001916320675286076
11500,11501,57.505,25,2.0973459560680716e-12,168,0.0023036759050910007,0.0023036759050910007,0.0,3,0.001916320675286076,0.00017541200151932265,4.611945023301413e-05,0.001916320675286076,0.00014009758888471757,0.9888325484018751,0.010933376349255028,0.00023407524886972578,0.011167451598124755,45,45,9.220261798873327e-41,0.001916320675286076
11500,11501,57.505,26,7.131553338265798e-13,164,0.0023036759050910007,0.0023036759050910007,0.0,3,0.001916320675286076,0.00017541200151932265,4.611945023301413e-05,0.001916320675286076,0.00014009758888471757,0.9888325484018751,0.010933376349255028,0.00023407524886972578,0.011167451598124755,45,45,9.220261798873327e-41,0.001916320675286076
11500,11501,57.505,27,1.6490215071611522e-13,160,0.0023036759050910007,0.0023036759050910007,0.0,3,0.001916320675286076,0.00017541200151932265,4.611945023301413e-05,0.001916320675286076,0.00014009758888471757,0.9888325484018751,0.010933376349255028,0.00023407524886972578,0.011167451598124755,45,45,9.220261798873327e-41,0.001916320675286076
11500,11501,57.505,28,9.958117387527548e-14,184,0.0023036759050910007,0.0023036759050910007,0.0,3,0.001916320675286076,0.00017541200151932265,4.611945023301413e-05,0.001916320675286076,0.00014009758888471757,0.9888325484018751,0.010933376349255028,0.00023407524886972578,0.011167451598124755,45,45,9.220261798873327e-41,0.001916320675286076
11500,11501,57.505,29,1.0878932673072873e-14,172,0.0023036759050910007,0.0023036759050910007,0.0,3,0.001916320675286076,0.00017541200151932265,4.611945023301413e-05,0.001916320675286076,0.00014009758888471757,0.9888325484018751,0.010933376349255028,0.00023407524886972578,0.011167451598124755,45,45,9.220261798873327e-41,0.001916320675286076
11500,11501,57.505,30,2.3147565592088056e-15,200,0.0023036759050910007,0.0023036759050910007,0.0,3,0.001916320675286076,0.00017541200151932265,4.611945023301413e-05,0.001916320675286076,0.00014009758888471757,0.9888325484018751,0.010933376349255028,0.00023407524886972578,0.011167451598124755,45,45,9.220261798873327e-41,0.001916320675286076
11500,11501,57.505,31,2.1767540419234267e-37,192,0.0023036759050910007,0.0023036759050910007,0.0,3,0.001916320675286076,0.00017541200151932265,4.611945023301413e-05,0.001916320675286076,0.00014009758888471757,0.9888325484018751,0.010933376349255028,0.00023407524886972578,0.011167451598124755,45,45,9.220261798873327e-41,0.001916320675286076
11500,11501,57.505,32,3.353182191198061e-38,166,0.0023036759050910007,0.0023036759050910007,0.0,3,0.001916320675286076,0.00017541200151932265,4.611945023301413e-05,0.001916320675286076,0.00014009758888471757,0.9888325484018751,0.010933376349255028,0.00023407524886972578,0.011167451598124755,45,45,9.220261798873327e-41,0.001916320675286076
11500,11501,57.505,33,1.90615603685886e-38,148,0.0023036759050910007,0.0023036759050910007,0.0,3,0.001916320675286076,0.00017541200151932265,4.611945023301413e-05,0.001916320675286076,0.00014009758888471757,0.9888325484018751,0.010933376349255028,0.00023407524886972578,0.011167451598124755,45,45,9.220261798873327e-41,0.001916320675286076
11500,11501,57.505,34,1.507261303033476e-38,128,0.0023036759050910007,0.0023036759050910007,0.0,3,0.001916320675286076,0.00017541200151932265,4.611945023301413e-05,0.001916320675286076,0.00014009758888471757,0.9888325484018751,0.010933376349255028,0.00023407524886972578,0.011167451598124755,45,45,9.220261798873327e-41,0.001916320675286076
11500,11501,57.505,35,1.1539843216866962e-38,104,0.0023036759050910007,0.0023036759050910007,0.0,3,0.001916320675286076,0.00017541200151932265,4.611945023301413e-05,0.001916320675286076,0.00014009758888471757,0.9888325484018751,0.010933376349255028,0.00023407524886972578,0.011167451598124755,45,45,9.220261798873327e-41,0.001916320675286076
11500,11501,57.505,36,1.0984065431314592e-38,88,0.0023036759050910007,0.0023036759050910007,0.0,3,0.001916320675286076,0.00017541200151932265,4.611945023301413e-05,0.001916320675286076,0.00014009758888471757,0.9888325484018751,0.010933376349255028,0.00023407524886972578,0.011167451598124755,45,45,9.220261798873327e-41,0.001916320675286076
11500,11501,57.505,37,7.56197602896122e-39,76,0.0023036759050910007,0.0023036759050910007,0.0,3,0.001916320675286076,0.00017541200151932265,4.611945023301413e-05,0.001916320675286076,0.00014009758888471757,0.9888325484018751,0.010933376349255028,0.00023407524886972578,0.011167451598124755,45,45,9.220261798873327e-41,0.001916320675286076
11500,11501,57.505,38,6.074204621114039e-39,68,0.0023036759050910007,0.0023036759050910007,0.0,3,0.001916320675286076,0.00017541200151932265,4.611945023301413e-05,0.001916320675286076,0.00014009758888471757,0.9888325484018751,0.010933376349255028,0.00023407524886972578,0.011167451598124755,45,45,9.220261798873327e-41,0.001916320675286076
11500,11501,57.505,39,6.646204125946842e-39,48,0.0023036759050910007,0.0023036759050910007,0.0,3,0.001916320675286076,0.00017541200151932265,4.611945023301413e-05,0.001916320675286076,0.00014009758888471757,0.9888325484018751,0.010933376349255028,0.00023407524886972578,0.011167451598124755,45,45,9.220261798873327e-41,0.001916320675286076
11500,11501,57.505,40,6.012898963419523e-39,56,0.0023036759050910007,0.0023036759050910007,0.0,3,0.001916320675286076,0.00017541200151932265,4.611945023301413e-05,0.001916320675286076,0.00014009758888471757,0.9888325484018751,0.010933376349255028,0.00023407524886972578,0.011167451598124755,45,45,9.220261798873327e-41,0.001916320675286076
11500,11501,57.505,41,1.676532406018305e-39,28,0.0023036759050910007,0.0023036759050910007,0.0,3,0.001916320675286076,0.00017541200151932265,4.611945023301413e-05,0.001916320675286076,0.00014009758888471757,0.9888325484018751,0.010933376349255028,0.00023407524886972578,0.011167451598124755,45,45,9.220261798873327e-41,0.001916320675286076
11500,11501,57.505,42,4.198177594256805e-39,32,0.0023036759050910007,0.0023036759050910007,0.0,3,0.001916320675286076,0.00017541200151932265,4.611945023301413e-05,0.001916320675286076,0.00014009758888471757,0.9888325484018751,0.010933376349255028,0.00023407524886972578,0.011167451598124755,45,45,9.220261798873327e-41,0.001916320675286076
11500,11501,57.505,43,1.0641571206993664e-39,16,0.0023036759050910007,0.0023036759050910007,0.0,3,0.001916320675286076,0.00017541200151932265,4.611945023301413e-05,0.001916320675286076,0.00014009758888471757,0.9888325484018751,0.010933376349255028,0.00023407524886972578,0.011167451598124755,45,45,9.220261798873327e-41,0.001916320675286076
11500,11501,57.505,44,7.562294768079573e-40,8,0.0023036759050910007,0.0023036759050910007,0.0,3,0.001916320675286076,0.00017541200151932265,4.611945023301413e-05,0.001916320675286076,0.00014009758888471757,0.9888325484018751,0.010933376349255028,0.00023407524886972578,0.011167451598124755,45,45,9.220261798873327e-41,0.001916320675286076
11500,11501,57.505,45,9.220261798873327e-41,5,0.0023036759050910007,0.0023036759050910007,0.0,3,0.001916320675286076,0.00017541200151932265,4.611945023301413e-05,0.001916320675286076,0.00014009758888471757,0.9888325484018751,0.010933376349255028,0.00023407524886972578,0.011167451598124755,45,45,9.220261798873327e-41,0.001916320675286076
12000,12001,60.005,1,0.00021301666347554307,8,0.0024284327675484366,0.0024284327675484357,3.571693437755853e-16,3,0.001964230517761523,0.00021301666347554307,6.66620977510151e-05,0.001964230517761523,0.00015690165921359293,0.9886256561367986,0.011149520719280465,0.00022482314392101074,0.011374343863201474,45,45,1.6090742075785376e-40,0.001964230517761523
12000,12001,60.005,2,6.66620977510151e-05,12,0.0024284327675484366,0.0024284327675484357,3.571693437755853e-16,3,0.001964230517761523,0.00021301666347554307,6.66620977510151e-05,0.001964230517761523,0.00015690165921359293,0.9886256561367986,0.011149520719280465,0.00022482314392101074,0.011374343863201474,45,45,1.6090742075785376e-40,0.001964230517761523
12000,12001,60.005,3,0.001964230517761523,16,0.0024284327675484366,0.0024284327675484357,3.571693437755853e-16,3,0.001964230517761523,0.00021301666347554307,6.66620977510151e-05,0.001964230517761523,0.00015690165921359293,0.9886256561367986,0.011149520719280465,0.00022482314392101074,0.011374343863201474,45,45,1.6090742075785376e-40,0.001964230517761523
12000,12001,60.005,4,0.00015690165921359293,32,0.0024284327675484366,0.0024284327675484357,3.571693437755853e-16,3,0.001964230517761523,0.00021301666347554307,6.66620977510151e-05,0.001964230517761523,0.00015690165921359293,0.9886256561367986,0.011149520719280465,0.00022482314392101074,0.011374343863201474,45,45,1.6090742075785376e-40,0.001964230517761523
12000,12001,60.005,5,1.7782837240093142e-05,28,0.0024284327675484366,0.0024284327675484357,3.571693437755853e-16,3,0.001964230517761523,0.00021301666347554307,6.66620977510151e-05,0.001964230517761523,0.00015690165921359293,0.9886256561367986,0.011149520719280465,0.00022482314392101074,0.011374343863201474,45,45,1.6090742075785376e-40,0.001964230517761523
12000,12001,60.005,6,5.829450350354894e-06,40,0.0024284327675484366,0.0024284327675484357,3.571693437755853e-16,3,0.001964230517761523,0.00021301666347554307,6.66620977510151e-05,0.001964230517761523,0.00015690165921359293,0.9886256561367986,0.011149520719280465,0.00022482314392101074,0.011374343863201474,45,45,1.6090742075785376e-40,0.001964230517761523
12000,12001,60.005,7,2.0046108525628066e-06,40,0.0024284327675484366,0.0024284327675484357,3.571693437755853e-16,3,0.001964230517761523,0.00021301666347554307,6.66620977510151e-05,0.001964230517761523,0.00015690165921359293,0.9886256561367986,0.011149520719280465,0.00022482314392101074,0.011374343863201474,45,45,1.6090742075785376e-40,0.001964230517761523
12000,12001,60.005,8,1.011524568580849e-06,48,0.0024284327675484366,0.0024284327675484357,3.571693437755853e-16,3,0.001964230517761523,0.00021301666347554307,6.66620977510151e-05,0.001964230517761523,0.00015690165921359293,0.9886256561367986,0.011149520719280465,0.00022482314392101074,0.011374343863201474,45,45,1.6090742075785376e-40,0.001964230517761523
12000,12001,60.005,9,4.4743844556918964e-07,68,0.0024284327675484366,0.0024284327675484357,3.571693437755853e-16,3,0.001964230517761523,0.00021301666347554307,6.66620977510151e-05,0.001964230517761523,0.00015690165921359293,0.9886256561367986,0.011149520719280465,0.00022482314392101074,0.011374343863201474,45,45,1.6090742075785376e-40,0.001964230517761523
12000,12001,60.005,10,2.2494326583950014e-07,56,0.0024284327675484366,0.0024284327675484357,3.571693437755853e-16,3,0.001964230517761523,0.00021301666347554307,6.66620977510151e-05,0.001964230517761523,0.00015690165921359293,0.9886256561367986,0.011149520719280465,0.00022482314392101074,0.011374343863201474,45,45,1.6090742075785376e-40,0.001964230517761523
12000,12001,60.005,11,1.7075421616068563e-07,72,0.0024284327675484366,0.0024284327675484357,3.571693437755853e-16,3,0.001964230517761523,0.00021301666347554307,6.66620977510151e-05,0.001964230517761523,0.00015690165921359293,0.9886256561367986,0.011149520719280465,0.00022482314392101074,0.011374343863201474,45,45,1.6090742075785376e-40,0.001964230517761523
12000,12001,60.005,12,5.741728819691836e-08,68,0.0024284327675484366,0.0024284327675484357,3.571693437755853e-16,3,0.001964230517761523,0.00021301666347554307,6.66620977510151e-05,0.001964230517761523,0.00015690165921359293,0.9886256561367986,0.011149520719280465,0.00022482314392101074,0.011374343863201474,45,45,1.6090742075785376e-40,0.001964230517761523
12000,12001,60.005,13,4.644091458552887e-08,88,0.0024284327675484366,0.0024284327675484357,3.571693437755853e-16,3,0.001964230517761523,0.00021301666347554307,6.66620977510151e-05,0.001964230517761523,0.00015690165921359293,0.9886256561367986,0.011149520719280465,0.00022482314392101074,0.011374343863201474,45,45,1.6090742075785376e-40,0.001964230517761523
12000,12001,60.005,14,1.5008050891331232e-08,88,0.0024284327675484366,0.0024284327675484357,3.571693437755853e-16,3,0.001964230517761523,0.00021301666347554307,6.66620977510151e-05,0.001964230517761523,0.00015690165921359293,0.9886256561367986,0.011149520719280465,0.00022482314392101074,0.011374343863201474,45,45,1.6090742075785376e-40,0.001964230517761523
12000,12001,60.005,15,1.5526812626150396e-08,84,0.0024284327675484366,0.0024284327675484357,3.571693437755853e-16,3,0.001964230517761523,0.00021301666347554307,6.66620977510151e-05,0.001964230517761523,0.00015690165921359293,0.9886256561367986,0.011149520719280465,0.00022482314392101074,0.011374343863201474,45,45,1.6090742075785376e-40,0.001964230517761523
12000,12001,60.005,16,7.747444586051633e-09,112,0.0024284327675484366,0.0024284327675484357,3.571693437755853e-16,3,0.001964230517761523,0.00021301666347554307,6.66620977510151e-05,0.001964230517761523,0.00015690165921359293,0.9886256561367986,0.011149520719280465,0.00022482314392101074,0.011374343863201474,45,45,1.6090742075785376e-40,0.001964230517761523
12000,12001,60.005,17,3.3848926492921178e-09,112,0.0024284327675484366,0.0024284327675484357,3.571693437755853e-16,3,0.001964230517761523,0.00021301666347554307,6.66620977510151e-05,0.001964230517761523,0.00015690165921359293,0.9886256561367986,0.011149520719280465,0.00022482314392101074,0.011374343863201474,45,45,1.6090742075785376e-40,0.001964230517761523
12000,12001,60.005,18,2.3701884556655395e-09,112,0.0024284327675484366,0.0024284327675484357,3.571693437755853e-16,3,0.001964230517761523,0.00021301666347554307,6.66620977510151e-05,0.001964230517761523,0.00015690165921359293,0.9886256561367986,0.011149520719280465,0.00022482314392101074,0.011374343863201474,45,45,1.6090742075785376e-40,0.001964230517761523
12000,12001,60.005,19,8.247342538359329e-10,116,0.0024284327675484366,0.0024284327675484357,3.571693437755853e-16,3,0.001964230517761523,0.00021301666347554307,6.66620977510151e-05,0.001964230517761523,0.00015690165921359293,0.9886256561367986,0.011149520719280465,0.00022482314392101074,0.011374343863201474,45,45,1.6090742075785376e-40,0.001964230517761523
12000,12001,60.005,20,1.0684986046423193e-09,112,0.0024284327675484366,0.0024284327675484357,3.571693437755853e-16,3,0.001964230517761523,0.00021301666347554307,6.66620977510151e-05,0.001964230517761523,0.00015690165921359293,0.9886256561367986,0.011149520719280465,0.00022482314392101074,0.011374343863201474,45,45,1.6090742075785376e-40,0.001964230517761523
12000,12001,60.005,21,3.414481938669668e-10,144,0.0024284327675484366,0.0024284327675484357,3.571693437755853e-16,3,0.001964230517761523,0.00021301666347554307,6.66620977510151e-05,0.001964230517761523,0.00015690165921359293,0.9886256561367986,0.011149520719280465,0.00022482314392101074,0.011374343863201474,45,45,1.6090742075785376e-40,0.001964230517761523
12000,12001,60.005,22,1.1043188605933363e-10,140,0.0024284327675484366,0.0024284327675484357,3.571693437755853e-16,3,0.001964230517761523,0.00021301666347554307,6.66620977510151e-05,0.001964230517761523,0.00015690165921359293,0.9886256561367986,0.011149520719280465,0.00022482314392101074,0.011374343863201474,45,45,1.6090742075785376e-40,0.001964230517761523
12000,12001,60.005,23,1.9696557931718577e-11,144,0.0024284327675484366,0.0024284327675484357,3.571693437755853e-16,3,0.001964230517761523,0.00021301666347554307,6.66620977510151e-05,0.001964230517761523,0.00015690165921359293,0.9886256561367986,0.011149520719280465,0.00022482314392101074,0.011374343863201474,45,45,1.6090742075785376e-40,0.001964230517761523
12000,12001,60.005,24,5.927688517558341e-12,144,0.0024284327675484366,0.0024284327675484357,3.571693437755853e-16,3,0.001964230517761523,0.00021301666347554307,6.66620977510151e-05,0.001964230517761523,0.00015690165921359293,0.9886256561367986,0.011149520719280465,0.00022482314392101074,0.011374343863201474,45,45,1.6090742075785376e-40,0.001964230517761523
12000,12001,60.005,25,2.663714752143742e-12,168,0.0024284327675484366,0.0024284327675484357,3.571693437755853e-16,3,0.001964230517761523,0.00021301666347554307,6.66620977510151e-05,0.001964230517761523,0.00015690165921359293,0.9886256561367986,0.011149520719280465,0.00022482314392101074,0.011374343863201474,45,45,1.6090742075785376e-40,0.001964230517761523
12000,12001,60.005,26,9.62822468414614e-13,164,0.0024284327675484366,0.0024284327675484357,3.571693437755853e-16,3,0.001964230517761523,0.00021301666347554307,6.66620977510151e-05,0.001964230517761523,0.00015690165921359293,0.9886256561367986,0.011149520719280465,0.00022482314392101074,0.011374343863201474,45,45,1.6090742075785376e-40,0.001964230517761523
12000,12001,60.005,27,2.643710781889891e-13,160,0.0024284327675484366,0.0024284327675484357,3.571693437755853e-16,3,0.001964230517761523,0.00021301666347554307,6.66620977510151e-05,0.001964230517761523,0.00015690165921359293,0.9886256561367986,0.011149520719280465,0.00022482314392101074,0.011374343863201474,45,45,1.6090742075785376e-40,0.001964230517761523
12000,12001,60.005,28,1.662203543017415e-13,184,0.0024284327675484366,0.0024284327675484357,3.571693437755853e-16,3,0.001964230517761523,0.00021301666347554307,6.66620977510151e-05,0.001964230517761523,0.00015690165921359293,0.9886256561367986,0.011149520719280465,0.00022482314392101074,0.011374343863201474,45,45,1.6090742075785376e-40,0.001964230517761523
12000,12001,60.005,29,1.7826254860714254e-14,172,0.0024284327675484366,0.0024284327675484357,3.571693437755853e-16,3,0.001964230517761523,0.00021301666347554307,6.66620977510151e-05,0.001964230517761523,0.00015690165921359293,0.9886256561367986,0.011149520719280465,0.00022482314392101074,0.011374343863201474,45,45,1.6090742075785376e-40,0.001964230517761523
12000,12001,60.005,30,3.470154794371911e-15,200,0.0024284327675484366,0.0024284327675484357,3.571693437755853e-16,3,0.001964230517761523,0.00021301666347554307,6.66620977510151e-05,0.001964230517761523,0.00015690165921359293,0.9886256561367986,0.011149520719280465,0.00022482314392101074,0.011374343863201474,45,45,1.6090742075785376e-40,0.001964230517761523
12000,12001,60.005,31,8.523859961956813e-38,192,0.0024284327675484366,0.0024284327675484357,3.571693437755853e-16,3,0.001964230517761523,0.00021301666347554307,6.66620977510151e-05,0.001964230517761523,0.00015690165921359293,0.9886256561367986,0.011149520719280465,0.00022482314392101074,0.011374343863201474,45,45,1.6090742075785376e-40,0.001964230517761523
12000,12001,60.005,32,3.8790752272607457e-38,166,0.0024284327675484366,0.0024284327675484357,3.571693437755853e-16,3,0.001964230517761523,0.00021301666347554307,6.66620977510151e-05,0.001964230517761523,0.00015690165921359293,0.9886256561367986,0.011149520719280465,0.00022482314392101074,0.011374343863201474,45,45,1.6090742075785376e-40,0.001964230517761523
12000,12001,60.005,33,1.7955113356130874e-38,148,0.0024284327675484366,0.0024284327675484357,3.571693437755853e-16,3,0.001964230517761523,0.00021301666347554307,6.66620977510151e-05,0.001964230517761523,0.00015690165921359293,0.9886256561367986,0.011149520719280465,0.00022482314392101074,0.011374343863201474,45,45,1.6090742075785376e-40,0.001964230517761523
12000,12001,60.005,34,2.0643398344112657e-38,128,0.0024284327675484366,0.0024284327675484357,3.571693437755853e-16,3,0.001964230517761523,0.00021301666347554307,6.66620977510151e-05,0.001964230517761523,0.00015690165921359293,0.9886256561367986,0.011149520719280465,0.00022482314392101074,0.011374343863201474,45,45,1.6090742075785376e-40,0.001964230517761523
12000,12001,60.005,35,1.1027637520666549e-38,104,0.0024284327675484366,0.0024284327675484357,3.571693437755853e-16,3,0.001964230517761523,0.00021301666347554307,6.66620977510151e-05,0.001964230517761523,0.00015690165921359293,0.9886256561367986,0.011149520719280465,0.00022482314392101074,0.011374343863201474,45,45,1.6090742075785376e-40,0.001964230517761523
12000,12001,60.005,36,1.0516873499652671e-38,88,0.0024284327675484366,0.0024284327675484357,3.571693437755853e-16,3,0.001964230517761523,0.00021301666347554307,6.66620977510151e-05,0.001964230517761523,0.00015690165921359293,0.9886256561367986,0.011149520719280465,0.00022482314392101074,0.011374343863201474,45,45,1.6090742075785376e-40,0.001964230517761523
12000,12001,60.005,37,8.652277939989489e-39,76,0.0024284327675484366,0.0024284327675484357,3.571693437755853e-16,3,0.001964230517761523,0.00021301666347554307,6.66620977510151e-05,0.001964230517761523,0.00015690165921359293,0.9886256561367986,0.011149520719280465,0.00022482314392101074,0.011374343863201474,45,45,1.6090742075785376e-40,0.001964230517761523
12000,12001,60.005,38,5.709932473904235e-39,68,0.0024284327675484366,0.0024284327675484357,3.571693437755853e-16,3,0.001964230517761523,0.00021301666347554307,6.66620977510151e-05,0.001964230517761523,0.00015690165921359293,0.9886256561367986,0.011149520719280465,0.00022482314392101074,0.011374343863201474,45,45,1.6090742075785376e-40,0.001964230517761523
12000,12001,60.005,39,6.394860599910502e-39,48,0.0024284327675484366,0.0024284327675484357,3.571693437755853e-16,3,0.001964230517761523,0.00021301666347554307,6.66620977510151e-05,0.001964230517761523,0.00015690165921359293,0.9886256561367986,0.011149520719280465,0.00022482314392101074,0.011374343863201474,45,45,1.6090742075785376e-40,0.001964230517761523
12000,12001,60.005,40,8.05999709360242e-39,56,0.0024284327675484366,0.0024284327675484357,3.571693437755853e-16,3,0.001964230517761523,0.00021301666347554307,6.66620977510151e-05,0.001964230517761523,0.00015690165921359293,0.9886256561367986,0.011149520719280465,0.00022482314392101074,0.011374343863201474,45,45,1.6090742075785376e-40,0.001964230517761523
12000,12001,60.005,41,2.855033214049627e-39,28,0.0024284327675484366,0.0024284327675484357,3.571693437755853e-16,3,0.001964230517761523,0.00021301666347554307,6.66620977510151e-05,0.001964230517761523,0.00015690165921359293,0.9886256561367986,0.011149520719280465,0.00022482314392101074,0.011374343863201474,45,45,1.6090742075785376e-40,0.001964230517761523
12000,12001,60.005,42,8.273342312422939e-39,32,0.0024284327675484366,0.0024284327675484357,3.571693437755853e-16,3,0.001964230517761523,0.00021301666347554307,6.66620977510151e-05,0.001964230517761523,0.00015690165921359293,0.9886256561367986,0.011149520719280465,0.00022482314392101074,0.011374343863201474,45,45,1.6090742075785376e-40,0.001964230517761523
12000,12001,60.005,43,3.34303595557777e-39,16,0.0024284327675484366,0.0024284327675484357,3.571693437755853e-16,3,0.001964230517761523,0.00021301666347554307,6.66620977510151e-05,0.001964230517761523,0.00015690165921359293,0.9886256561367986,0.011149520719280465,0.00022482314392101074,0.011374343863201474,45,45,1.6090742075785376e-40,0.001964230517761523
12000,12001,60.005,44,9.13189206234741e-40,8,0.0024284327675484366,0.0024284327675484357,3.571693437755853e-16,3,0.001964230517761523,0.00021301666347554307,6.66620977510151e-05,0.001964230517761523,0.00015690165921359293,0.9886256561367986,0.011149520719280465,0.00022482314392101074,0.011374343863201474,45,45,1.6090742075785376e-40,0.001964230517761523
12000,12001,60.005,45,1.6090742075785376e-40,5,0.0024284327675484366,0.0024284327675484357,3.571693437755853e-16,3,0.001964230517761523,0.00021301666347554307,6.66620977510151e-05,0.001964230517761523,0.00015690165921359293,0.9886256561367986,0.011149520719280465,0.00022482314392101074,0.011374343863201474,45,45,1.6090742075785376e-40,0.001964230517761523
12500,12501,62.505,1,0.0002531868636317195,8,0.0025470963556590317,0.0025470963556590313,1.7026480683805614e-16,3,0.0019867669436626893,0.0002531868636317195,9.926961934493793e-05,0.0019867669436626893,0.0001776110348354035,0.9881190618811705,0.011669576084937967,0.00021136203389161018,0.011880938118829577,45,45,2.245474911079106e-40,0.0019867669436626893
12500,12501,62.505,2,9.926961934493793e-05,12,0.0025470963556590317,0.0025470963556590313,1.7026480683805614e-16,3,0.0019867669436626893,0.0002531868636317195,9.926961934493793e-05,0.0019867669436626893,0.0001776110348354035,0.9881190618811705,0.011669576084937967,0.00021136203389161018,0.011880938118829577,45,45,2.245474911079106e-40,0.0019867669436626893
12500,12501,62.505,3,0.0019867669436626893,16,0.0025470963556590317,0.0025470963556590313,1.7026480683805614e-16,3,0.0019867669436626893,0.0002531868636317195,9.926961934493793e-05,0.0019867669436626893,0.0001776110348354035,0.9881190618811705,0.011669576084937967,0.00021136203389161018,0.011880938118829577,45,45,2.245474911079106e-40,0.0019867669436626893
12500,12501,62.505,4,0.0001776110348354035,32,0.0025470963556590317,0.0025470963556590313,1.7026480683805614e-16,3,0.0019867669436626893,0.0002531868636317195,9.926961934493793e-05,0.0019867669436626893,0.0001776110348354035,0.9881190618811705,0.011669576084937967,0.00021136203389161018,0.011880938118829577,45,45,2.245474911079106e-40,0.0019867669436626893
12500,12501,62.505,5,2.0705721965953894e-05,28,0.0025470963556590317,0.0025470963556590313,1.7026480683805614e-16,3,0.0019867669436626893,0.0002531868636317195,9.926961934493793e-05,0.0019867669436626893,0.0001776110348354035,0.9881190618811705,0.011669576084937967,0.00021136203389161018,0.011880938118829577,45,45,2.245474911079106e-40,0.0019867669436626893
12500,12501,62.505,6,5.5797774934864425e-06,40,0.0025470963556590317,0.0025470963556590313,1.7026480683805614e-16,3,0.0019867669436626893,0.0002531868636317195,9.926961934493793e-05,0.0019867669436626893,0.0001776110348354035,0.9881190618811705,0.011669576084937967,0.00021136203389161018,0.011880938118829577,45,45,2.245474911079106e-40,0.0019867669436626893
12500,12501,62.505,7,1.752355675292328e-06,40,0.0025470963556590317,0.0025470963556590313,1.7026480683805614e-16,3,0.0019867669436626893,0.0002531868636317195,9.926961934493793e-05,0.0019867669436626893,0.0001776110348354035,0.9881190618811705,0.011669576084937967,0.00021136203389161018,0.011880938118829577,45,45,2.245474911079106e-40,0.0019867669436626893
12500,12501,62.505,8,1.1722196000680785e-06,48,0.0025470963556590317,0.0025470963556590313,1.7026480683805614e-16,3,0.0019867669436626893,0.0002531868636317195,9.926961934493793e-05,0.0019867669436626893,0.0001776110348354035,0.9881190618811705,0.011669576084937967,0.00021136203389161018,0.011880938118829577,45,45,2.245474911079106e-40,0.0019867669436626893
12500,12501,62.505,9,5.134599832305395e-07,68,0.0025470963556590317,0.0025470963556590313,1.7026480683805614e-16,3,0.0019867669436626893,0.0002531868636317195,9.926961934493793e-05,0.0019867669436626893,0.0001776110348354035,0.9881190618811705,0.011669576084937967,0.00021136203389161018,0.011880938118829577,45,45,2.245474911079106e-40,0.0019867669436626893
12500,12501,62.505,10,1.9398142219321787e-07,56,0.0025470963556590317,0.0025470963556590313,1.7026480683805614e-16,3,0.0019867669436626893,0.0002531868636317195,9.926961934493793e-05,0.0019867669436626893,0.0001776110348354035,0.9881190618811705,0.011669576084937967,0.00021136203389161018,0.011880938118829577,45,45,2.245474911079106e-40,0.0019867669436626893
12500,12501,62.505,11,1.7758696647487848e-07,72,0.0025470963556590317,0.0025470963556590313,1.7026480683805614e-16,3,0.0019867669436626893,0.0002531868636317195,9.926961934493793e-05,0.0019867669436626893,0.0001776110348354035,0.9881190618811705,0.011669576084937967,0.00021136203389161018,0.011880938118829577,45,45,2.245474911079106e-40,0.0019867669436626893
12500,12501,62.505,12,6.133461642290249e-08,68,0.0025470963556590317,0.0025470963556590313,1.7026480683805614e-16,3,0.0019867669436626893,0.0002531868636317195,9.926961934493793e-05,0.0019867669436626893,0.0001776110348354035,0.9881190618811705,0.011669576084937967,0.00021136203389161018,0.011880938118829577,45,45,2.245474911079106e-40,0.0019867669436626893
12500,12501,62.505,13,5.3173863361571237e-08,88,0.0025470963556590317,0.0025470963556590313,1.7026480683805614e-16,3,0.0019867669436626893,0.0002531868636317195,9.926961934493793e-05,0.0019867669436626893,0.0001776110348354035,0.9881190618811705,0.011669576084937967,0.00021136203389161018,0.011880938118829577,45,45,2.245474911079106e-40,0.0019867669436626893
12500,12501,62.505,14,1.779126690467112e-08,88,0.0025470963556590317,0.0025470963556590313,1.7026480683805614e-16,3,0.0019867669436626893,0.0002531868636317195,9.926961934493793e-05,0.0019867669436626893,0.0001776110348354035,0.9881190618811705,0.011669576084937967,0.00021136203389161018,0.011880938118829577,45,45,2.245474911079106e-40,0.0019867669436626893
12500,12501,62.505,15,1.617747420949564e-08,84,0.0025470963556590317,0.0025470963556590313,1.7026480683805614e-16,3,0.0019867669436626893,0.0002531868636317195,9.926961934493793e-05,0.0019867669436626893,0.0001776110348354035,0.9881190618811705,0.011669576084937967,0.00021136203389161018,0.011880938118829577,45,45,2.245474911079106e-40,0.0019867669436626893
12500,12501,62.505,16,9.0714901253112e-09,112,0.0025470963556590317,0.0025470963556590313,1.7026480683805614e-16,3,0.0019867669436626893,0.0002531868636317195,9.926961934493793e-05,0.0019867669436626893,0.0001776110348354035,0.9881190618811705,0.011669576084937967,0.00021136203389161018,0.011880938118829577,45,45,2.245474911079106e-40,0.0019867669436626893
12500,12501,62.505,17,3.641552096773209e-09,112,0.0025470963556590317,0.0025470963556590313,1.7026480683805614e-16,3,0.0019867669436626893,0.0002531868636317195,9.926961934493793e-05,0.0019867669436626893,0.0001776110348354035,0.9881190618811705,0.011669576084937967,0.00021136203389161018,0.011880938118829577,45,45,2.245474911079106e-40,0.0019867669436626893
12500,12501,62.505,18,2.824394085752978e-09,112,0.0025470963556590317,0.0025470963556590313,1.7026480683805614e-16,3,0.0019867669436626893,0.0002531868636317195,9.926961934493793e-05,0.0019867669436626893,0.0001776110348354035,0.9881190618811705,0.011669576084937967,0.00021136203389161018,0.011880938118829577,45,45,2.245474911079106e-40,0.0019867669436626893
12500,12501,62.505,19,9.881991624619268e-10,116,0.0025470963556590317,0.0025470963556590313,1.7026480683805614e-16,3,0.0019867669436626893,0.0002531868636317195,9.926961934493793e-05,0.0019867669436626893,0.0001776110348354035,0.9881190618811705,0.011669576084937967,0.00021136203389161018,0.011880938118829577,45,45,2.245474911079106e-40,0.0019867669436626893
12500,12501,62.505,20,1.205152694219394e-09,112,0.0025470963556590317,0.0025470963556590313,1.7026480683805614e-16,3,0.0019867669436626893,0.0002531868636317195,9.926961934493793e-05,0.0019867669436626893,0.0001776110348354035,0.9881190618811705,0.011669576084937967,0.00021136203389161018,0.011880938118829577,45,45,2.245474911079106e-40,0.0019867669436626893
12500,12501,62.505,21,4.2799349020849126e-10,144,0.0025470963556590317,0.0025470963556590313,1.7026480683805614e-16,3,0.0019867669436626893,0.0002531868636317195,9.926961934493793e-05,0.0019867669436626893,0.0001776110348354035,0.9881190618811705,0.011669576084937967,0.00021136203389161018,0.011880938118829577,45,45,2.245474911079106e-40,0.0019867669436626893
12500,12501,62.505,22,1.2286210748789549e-10,140,0.0025470963556590317,0.0025470963556590313,1.7026480683805614e-16,3,0.0019867669436626893,0.0002531868636317195,9.926961934493793e-05,0.0019867669436626893,0.0001776110348354035,0.9881190618811705,0.011669576084937967,0.00021136203389161018,0.011880938118829577,45,45,2.245474911079106e-40,0.0019867669436626893
12500,12501,62.505,23,2.039266335490372e-11,144,0.0025470963556590317,0.0025470963556590313,1.7026480683805614e-16,3,0.0019867669436626893,0.0002531868636317195,9.926961934493793e-05,0.0019867669436626893,0.0001776110348354035,0.9881190618811705,0.011669576084937967,0.00021136203389161018,0.011880938118829577,45,45,2.245474911079106e-40,0.0019867669436626893
12500,12501,62.505,24,6.895013513867617e-12,144,0.0025470963556590317,0.0025470963556590313,1.7026480683805614e-16,3,0.0019867669436626893,0.0002531868636317195,9.926961934493793e-05,0.0019867669436626893,0.0001776110348354035,0.9881190618811705,0.011669576084937967,0.00021136203389161018,0.011880938118829577,45,45,2.245474911079106e-40,0.0019867669436626893
12500,12501,62.505,25,3.1496911774456883e-12,168,0.0025470963556590317,0.0025470963556590313,1.7026480683805614e-16,3,0.0019867669436626893,0.0002531868636317195,9.926961934493793e-05,0.0019867669436626893,0.0001776110348354035,0.9881190618811705,0.011669576084937967,0.00021136203389161018,0.011880938118829577,45,45,2.245474911079106e-40,0.0019867669436626893
12500,12501,62.505,26,1.2044361379268053e-12,164,0.0025470963556590317,0.0025470963556590313,1.7026480683805614e-16,3,0.0019867669436626893,0.0002531868636317195,9.926961934493793e-05,0.0019867669436626893,0.0001776110348354035,0.9881190618811705,0.011669576084937967,0.00021136203389161018,0.011880938118829577,45,45,2.245474911079106e-40,0.0019867669436626893
12500,12501,62.505,27,3.361449474196248e-13,160,0.0025470963556590317,0.0025470963556590313,1.7026480683805614e-16,3,0.0019867669436626893,0.0002531868636317195,9.926961934493793e-05,0.0019867669436626893,0.0001776110348354035,0.9881190618811705,0.011669576084937967,0.00021136203389161018,0.011880938118829577,45,45,2.245474911079106e-40,0.0019867669436626893
12500,12501,62.505,28,2.1022218566503778e-13,184,0.0025470963556590317,0.0025470963556590313,1.7026480683805614e-16,3,0.0019867669436626893,0.0002531868636317195,9.926961934493793e-05,0.0019867669436626893,0.0001776110348354035,0.9881190618811705,0.011669576084937967,0.00021136203389161018,0.011880938118829577,45,45,2.245474911079106e-40,0.0019867669436626893
12500,12501,62.505,29,2.115688305868319e-14,172,0.0025470963556590317,0.0025470963556590313,1.7026480683805614e-16,3,0.0019867669436626893,0.0002531868636317195,9.926961934493793e-05,0.0019867669436626893,0.0001776110348354035,0.9881190618811705,0.011669576084937967,0.00021136203389161018,0.011880938118829577,45,45,2.245474911079106e-40,0.0019867669436626893
12500,12501,62.505,30,3.592848706535721e-15,200,0.0025470963556590317,0.0025470963556590313,1.7026480683805614e-16,3,0.0019867669436626893,0.0002531868636317195,9.926961934493793e-05,0.0019867669436626893,0.0001776110348354035,0.9881190618811705,0.011669576084937967,0.00021136203389161018,0.011880938118829577,45,45,2.245474911079106e-40,0.0019867669436626893
12500,12501,62.505,31,1.3741442595853275e-37,192,0.0025470963556590317,0.0025470963556590313,1.7026480683805614e-16,3,0.0019867669436626893,0.0002531868636317195,9.926961934493793e-05,0.0019867669436626893,0.0001776110348354035,0.9881190618811705,0.011669576084937967,0.00021136203389161018,0.011880938118829577,45,45,2.245474911079106e-40,0.0019867669436626893
12500,12501,62.505,32,3.9351495299930947e-38,166,0.0025470963556590317,0.0025470963556590313,1.7026480683805614e-16,3,0.0019867669436626893,0.0002531868636317195,9.926961934493793e-05,0.0019867669436626893,0.0001776110348354035,0.9881190618811705,0.011669576084937967,0.00021136203389161018,0.011880938118829577,45,45,2.245474911079106e-40,0.0019867669436626893
12500,12501,62.505,33,1.8046561894611376e-38,148,0.0025470963556590317,0.0025470963556590313,1.7026480683805614e-16,3,0.0019867669436626893,0.0002531868636317195,9.926961934493793e-05,0.0019867669436626893,0.0001776110348354035,0.9881190618811705,0.011669576084937967,0.00021136203389161018,0.011880938118829577,45,45,2.245474911079106e-40,0.0019867669436626893
12500,12501,62.505,34,1.8885765684960964e-38,128,0.0025470963556590317,0.0025470963556590313,1.7026480683805614e-16,3,0.0019867669436626893,0.0002531868636317195,9.926961934493793e-05,0.0019867669436626893,0.0001776110348354035,0.9881190618811705,0.011669576084937967,0.00021136203389161018,0.011880938118829577,45,45,2.245474911079106e-40,0.0019867669436626893
12500,12501,62.505,35,1.3374183335365194e-38,104,0.0025470963556590317,0.0025470963556590313,1.7026480683805614e-16,3,0.0019867669436626893,0.0002531868636317195,9.926961934493793e-05,0.0019867669436626893,0.0001776110348354035,0.9881190618811705,0.011669576084937967,0.00021136203389161018,0.011880938118829577,45,45,2.245474911079106e-40,0.0019867669436626893
12500,12501,62.505,36,8.926004923396482e-39,88,0.0025470963556590317,0.0025470963556590313,1.7026480683805614e-16,3,0.0019867669436626893,0.0002531868636317195,9.926961934493793e-05,0.0019867669436626893,0.0001776110348354035,0.9881190618811705,0.011669576084937967,0.00021136203389161018,0.011880938118829577,45,45,2.245474911079106e-40,0.0019867669436626893
12500,12501,62.505,37,1.0044402341251701e-38,76,0.0025470963556590317,0.0025470963556590313,1.7026480683805614e-16,3,0.0019867669436626893,0.0002531868636317195,9.926961934493793e-05,0.0019867669436626893,0.0001776110348354035,0.9881190618811705,0.011669576084937967,0.00021136203389161018,0.011880938118829577,45,45,2.245474911079106e-40,0.0019867669436626893
12500,12501,62.505,38,7.194805071154079e-39,68,0.0025470963556590317,0.0025470963556590313,1.7026480683805614e-16,3,0.0019867669436626893,0.0002531868636317195,9.926961934493793e-05,0.0019867669436626893,0.0001776110348354035,0.9881190618811705,0.011669576084937967,0.00021136203389161018,0.011880938118829577,45,45,2.245474911079106e-40,0.0019867669436626893
12500,12501,62.505,39,3.88693973026573e-39,48,0.0025470963556590317,0.0025470963556590313,1.7026480683805614e-16,3,0.0019867669436626893,0.0002531868636317195,9.926961934493793e-05,0.0019867669436626893,0.0001776110348354035,0.9881190618811705,0.011669576084937967,0.00021136203389161018,0.011880938118829577,45,45,2.245474911079106e-40,0.0019867669436626893
12500,12501,62.505,40,5.447957271338986e-39,56,0.0025470963556590317,0.0025470963556590313,1.7026480683805614e-16,3,0.0019867669436626893,0.0002531868636317195,9.926961934493793e-05,0.0019867669436626893,0.0001776110348354035,0.9881190618811705,0.011669576084937967,0.00021136203389161018,0.011880938118829577,45,45,2.245474911079106e-40,0.0019867669436626893
12500,12501,62.505,41,3.5387567078763994e-39,28,0.0025470963556590317,0.0025470963556590313,1.7026480683805614e-16,3,0.0019867669436626893,0.0002531868636317195,9.926961934493793e-05,0.0019867669436626893,0.0001776110348354035,0.9881190618811705,0.011669576084937967,0.00021136203389161018,0.011880938118829577,45,45,2.245474911079106e-40,0.0019867669436626893
12500,12501,62.505,42,4.196540931879784e-39,32,0.0025470963556590317,0.0025470963556590313,1.7026480683805614e-16,3,0.0019867669436626893,0.0002531868636317195,9.926961934493793e-05,0.0019867669436626893,0.0001776110348354035,0.9881190618811705,0.011669576084937967,0.00021136203389161018,0.011880938118829577,45,45,2.245474911079106e-40,0.0019867669436626893
12500,12501,62.505,43,1.607402293109132e-39,16,0.0025470963556590317,0.0025470963556590313,1.7026480683805614e-16,3,0.0019867669436626893,0.0002531868636317195,9.926961934493793e-05,0.0019867669436626893,0.0001776110348354035,0.9881190618811705,0.011669576084937967,0.00021136203389161018,0.011880938118829577,45,45,2.245474911079106e-40,0.0019867669436626893
12500,12501,62.505,44,2.315258030144415e-39,8,0.0025470963556590317,0.0025470963556590313,1.7026480683805614e-16,3,0.0019867669436626893,0.0002531868636317195,9.926961934493793e-05,0.0019867669436626893,0.0001776110348354035,0.9881190618811705,0.011669576084937967,0.00021136203389161018,0.011880938118829577,45,45,2.245474911079106e-40,0.0019867669436626893
12500,12501,62.505,45,2.245474911079106e-40,5,0.0025470963556590317,0.0025470963556590313,1.7026480683805614e-16,3,0.0019867669436626893,0.0002531868636317195,9.926961934493793e-05,0.0019867669436626893,0.0001776110348354035,0.9881190618811705,0.011669576084937967,0.00021136203389161018,0.011880938118829577,45,45,2.245474911079106e-40,0.0019867669436626893
13000,13001,65.005,1,0.00029465725678268857,8,0.002657982662381692,0.0026579826623816926,1.6316166208759276e-16,3,0.001980341837389707,0.00029465725678268857,0.00014718924493023602,0.001980341837389707,0.0002016944368773894,0.9871707641722854,0.012626031157862863,0.000203204669851571,0.012829235827714435,45,45,1.8103954428435115e-40,0.001980341837389707
13000,13001,65.005,2,0.00014718924493023602,12,0.002657982662381692,0.0026579826623816926,1.6316166208759276e-16,3,0.001980341837389707,0.00029465725678268857,0.00014718924493023602,0.001980341837389707,0.0002016944368773894,0.9871707641722854,0.012626031157862863,0.000203204669851571,0.012829235827714435,45,45,1.8103954428435115e-40,0.001980341837389707
13000,13001,65.005,3,0.001980341837389707,16,0.002657982662381692,0.0026579826623816926,1.6316166208759276e-16,3,0.001980341837389707,0.00029465725678268857,0.00014718924493023602,0.001980341837389707,0.0002016944368773894,0.9871707641722854,0.012626031157862863,0.000203204669851571,0.012829235827714435,45,45,1.8103954428435115e-40,0.001980341837389707
13000,13001,65.005,4,0.0002016944368773894,32,0.002657982662381692,0.0026579826623816926,1.6316166208759276e-16,3,0.001980341837389707,0.00029465725678268857,0.00014718924493023602,0.001980341837389707,0.0002016944368773894,0.9871707641722854,0.012626031157862863,0.000203204669851571,0.012829235827714435,45,45,1.8103954428435115e-40,0.001980341837389707
13000,13001,65.005,5,2.4374930550032823e-05,28,0.002657982662381692,0.0026579826623816926,1.6316166208759276e-16,3,0.001980341837389707,0.00029465725678268857,0.00014718924493023602,0.001980341837389707,0.0002016944368773894,0.9871707641722854,0.012626031157862863,0.000203204669851571,0.012829235827714435,45,45,1.8103954428435115e-40,0.001980341837389707
13000,13001,65.005,6,5.74280400222176e-06,40,0.002657982662381692,0.0026579826623816926,1.6316166208759276e-16,3,0.001980341837389707,0.00029465725678268857,0.00014718924493023602,0.001980341837389707,0.0002016944368773894,0.9871707641722854,0.012626031157862863,0.000203204669851571,0.012829235827714435,45,45,1.8103954428435115e-40,0.001980341837389707
13000,13001,65.005,7,1.4816651587053343e-06,40,0.002657982662381692,0.0026579826623816926,1.6316166208759276e-16,3,0.001980341837389707,0.00029465725678268857,0.00014718924493023602,0.001980341837389707,0.0002016944368773894,0.9871707641722854,0.012626031157862863,0.000203204669851571,0.012829235827714435,45,45,1.8103954428435115e-40,0.001980341837389707
13000,13001,65.005,8,1.3684329769106342e-06,48,0.002657982662381692,0.0026579826623816926,1.6316166208759276e-16,3,0.001980341837389707,0.00029465725678268857,0.00014718924493023602,0.001980341837389707,0.0002016944368773894,0.9871707641722854,0.012626031157862863,0.000203204669851571,0.012829235827714435,45,45,1.8103954428435115e-40,0.001980341837389707
13000,13001,65.005,9,5.91939224419984e-07,68,0.002657982662381692,0.0026579826623816926,1.6316166208759276e-16,3,0.001980341837389707,0.00029465725678268857,0.00014718924493023602,0.001980341837389707,0.0002016944368773894,0.9871707641722854,0.012626031157862863,0.000203204669851571,0.012829235827714435,45,45,1.8103954428435115e-40,0.001980341837389707
13000,13001,65.005,10,1.8747291608143405e-07,56,0.002657982662381692,0.0026579826623816926,1.6316166208759276e-16,3,0.001980341837389707,0.00029465725678268857,0.00014718924493023602,0.001980341837389707,0.0002016944368773894,0.9871707641722854,0.012626031157862863,0.000203204669851571,0.012829235827714435,45,45,1.8103954428435115e-40,0.001980341837389707
13000,13001,65.005,11,1.7079694071158553e-07,72,0.002657982662381692,0.0026579826623816926,1.6316166208759276e-16,3,0.001980341837389707,0.00029465725678268857,0.00014718924493023602,0.001980341837389707,0.0002016944368773894,0.9871707641722854,0.012626031157862863,0.000203204669851571,0.012829235827714435,45,45,1.8103954428435115e-40,0.001980341837389707
13000,13001,65.005,12,6.651413052926325e-08,68,0.002657982662381692,0.0026579826623816926,1.6316166208759276e-16,3,0.001980341837389707,0.00029465725678268857,0.00014718924493023602,0.001980341837389707,0.0002016944368773894,0.9871707641722854,0.012626031157862863,0.000203204669851571,0.012829235827714435,45,45,1.8103954428435115e-40,0.001980341837389707
13000,13001,65.005,13,5.595219807660403e-08,88,0.002657982662381692,0.0026579826623816926,1.6316166208759276e-16,3,0.001980341837389707,0.00029465725678268857,0.00014718924493023602,0.001980341837389707,0.0002016944368773894,0.9871707641722854,0.012626031157862863,0.000203204669851571,0.012829235827714435,45,45,1.8103954428435115e-40,0.001980341837389707
13000,13001,65.005,14,2.1948256250707516e-08,88,0.002657982662381692,0.0026579826623816926,1.6316166208759276e-16,3,0.001980341837389707,0.00029465725678268857,0.00014718924493023602,0.001980341837389707,0.0002016944368773894,0.9871707641722854,0.012626031157862863,0.000203204669851571,0.012829235827714435,45,45,1.8103954428435115e-40,0.001980341837389707
13000,13001,65.005,15,1.6656881273059652e-08,84,0.002657982662381692,0.0026579826623816926,1.6316166208759276e-16,3,0.001980341837389707,0.00029465725678268857,0.00014718924493023602,0.001980341837389707,0.0002016944368773894,0.9871707641722854,0.012626031157862863,0.000203204669851571,0.012829235827714435,45,45,1.8103954428435115e-40,0.001980341837389707
13000,13001,65.005,16,1.037840553900176e-08,112,0.002657982662381692,0.0026579826623816926,1.6316166208759276e-16,3,0.001980341837389707,0.00029465725678268857,0.00014718924493023602,0.001980341837389707,0.0002016944368773894,0.9871707641722854,0.012626031157862863,0.000203204669851571,0.012829235827714435,45,45,1.8103954428435115e-40,0.001980341837389707
13000,13001,65.005,17,4.002287405062679e-09,112,0.002657982662381692,0.0026579826623816926,1.6316166208759276e-16,3,0.001980341837389707,0.00029465725678268857,0.00014718924493023602,0.001980341837389707,0.0002016944368773894,0.9871707641722854,0.012626031157862863,0.000203204669851571,0.012829235827714435,45,45,1.8103954428435115e-40,0.001980341837389707
13000,13001,65.005,18,3.0639786698795448e-09,112,0.002657982662381692,0.0026579826623816926,1.6316166208759276e-16,3,0.001980341837389707,0.00029465725678268857,0.00014718924493023602,0.001980341837389707,0.0002016944368773894,0.9871707641722854,0.012626031157862863,0.000203204669851571,0.012829235827714435,45,45,1.8103954428435115e-40,0.001980341837389707
13000,13001,65.005,19,1.337405577147174e-09,116,0.002657982662381692,0.0026579826623816926,1.6316166208759276e-16,3,0.001980341837389707,0.00029465725678268857,0.00014718924493023602,0.001980341837389707,0.0002016944368773894,0.9871707641722854,0.012626031157862863,0.000203204669851571,0.012829235827714435,45,45,1.8103954428435115e-40,0.001980341837389707
13000,13001,65.005,20,1.252996538860514e-09,112,0.002657982662381692,0.0026579826623816926,1.6316166208759276e-16,3,0.001980341837389707,0.00029465725678268857,0.00014718924493023602,0.001980341837389707,0.0002016944368773894,0.9871707641722854,0.012626031157862863,0.000203204669851571,0.012829235827714435,45,45,1.8103954428435115e-40,0.001980341837389707
13000,13001,65.005,21,5.715565372192315e-10,144,0.002657982662381692,0.0026579826623816926,1.6316166208759276e-16,3,0.001980341837389707,0.00029465725678268857,0.00014718924493023602,0.001980341837389707,0.0002016944368773894,0.9871707641722854,0.012626031157862863,0.000203204669851571,0.012829235827714435,45,45,1.8103954428435115e-40,0.001980341837389707
13000,13001,65.005,22,1.317991277226422e-10,140,0.002657982662381692,0.0026579826623816926,1.6316166208759276e-16,3,0.001980341837389707,0.00029465725678268857,0.00014718924493023602,0.001980341837389707,0.0002016944368773894,0.9871707641722854,0.012626031157862863,0.000203204669851571,0.012829235827714435,45,45,1.8103954428435115e-40,0.001980341837389707
13000,13001,65.005,23,2.0659651340878815e-11,144,0.002657982662381692,0.0026579826623816926,1.6316166208759276e-16,3,0.001980341837389707,0.00029465725678268857,0.00014718924493023602,0.001980341837389707,0.0002016944368773894,0.9871707641722854,0.012626031157862863,0.000203204669851571,0.012829235827714435,45,45,1.8103954428435115e-40,0.001980341837389707
13000,13001,65.005,24,8.606102296560976e-12,144,0.002657982662381692,0.0026579826623816926,1.6316166208759276e-16,3,0.001980341837389707,0.00029465725678268857,0.00014718924493023602,0.001980341837389707,0.0002016944368773894,0.9871707641722854,0.012626031157862863,0.000203204669851571,0.012829235827714435,45,45,1.8103954428435115e-40,0.001980341837389707
13000,13001,65.005,25,3.5045159143540023e-12,168,0.002657982662381692,0.0026579826623816926,1.6316166208759276e-16,3,0.001980341837389707,0.00029465725678268857,0.00014718924493023602,0.001980341837389707,0.0002016944368773894,0.9871707641722854,0.012626031157862863,0.000203204669851571,0.012829235827714435,45,45,1.8103954428435115e-40,0.001980341837389707
13000,13001,65.005,26,1.357769976330088e-12,164,0.002657982662381692,0.0026579826623816926,1.6316166208759276e-16,3,0.001980341837389707,0.00029465725678268857,0.00014718924493023602,0.001980341837389707,0.0002016944368773894,0.9871707641722854,0.012626031157862863,0.000203204669851571,0.012829235827714435,45,45,1.8103954428435115e-40,0.001980341837389707
13000,13001,65.005,27,3.632955606690748e-13,160,0.002657982662381692,0.0026579826623816926,1.6316166208759276e-16,3,0.001980341837389707,0.00029465725678268857,0.00014718924493023602,0.001980341837389707,0.0002016944368773894,0.9871707641722854,0.012626031157862863,0.000203204669851571,0.012829235827714435,45,45,1.8103954428435115e-40,0.001980341837389707
13000,13001,65.005,28,2.2114262375216256e-13,184,0.002657982662381692,0.0026579826623816926,1.6316166208759276e-16,3,0.001980341837389707,0.00029465725678268857,0.00014718924493023602,0.001980341837389707,0.0002016944368773894,0.9871707641722854,0.012626031157862863,0.000203204669851571,0.012829235827714435,45,45,1.8103954428435115e-40,0.001980341837389707
13000,13001,65.005,29,2.1272620933570943e-14,172,0.002657982662381692,0.0026579826623816926,1.6316166208759276e-16,3,0.001980341837389707,0.00029465725678268857,0.00014718924493023602,0.001980341837389707,0.0002016944368773894,0.9871707641722854,0.012626031157862863,0.000203204669851571,0.012829235827714435,45,45,1.8103954428435115e-40,0.001980341837389707
13000,13001,65.005,30,3.3125905083252246e-15,200,0.002657982662381692,0.0026579826623816926,1.6316166208759276e-16,3,0.001980341837389707,0.00029465725678268857,0.00014718924493023602,0.001980341837389707,0.0002016944368773894,0.9871707641722854,0.012626031157862863,0.000203204669851571,0.012829235827714435,45,45,1.8103954428435115e-40,0.001980341837389707
13000,13001,65.005,31,2.049580515551141e-37,192,0.002657982662381692,0.0026579826623816926,1.6316166208759276e-16,3,0.001980341837389707,0.00029465725678268857,0.00014718924493023602,0.001980341837389707,0.0002016944368773894,0.9871707641722854,0.012626031157862863,0.000203204669851571,0.012829235827714435,45,45,1.8103954428435115e-40,0.001980341837389707
13000,13001,65.005,32,4.655340673512451e-38,166,0.002657982662381692,0.0026579826623816926,1.6316166208759276e-16,3,0.001980341837389707,0.00029465725678268857,0.00014718924493023602,0.001980341837389707,0.0002016944368773894,0.9871707641722854,0.012626031157862863,0.000203204669851571,0.012829235827714435,45,45,1.8103954428435115e-40,0.001980341837389707
13000,13001,65.005,33,2.1031389945824658e-38,148,0.002657982662381692,0.0026579826623816926,1.6316166208759276e-16,3,0.001980341837389707,0.00029465725678268857,0.00014718924493023602,0.001980341837389707,0.0002016944368773894,0.9871707641722854,0.012626031157862863,0.000203204669851571,0.012829235827714435,45,45,1.8103954428435115e-40,0.001980341837389707
13000,13001,65.005,34,2.3015831006894368e-38,128,0.002657982662381692,0.0026579826623816926,1.6316166208759276e-16,3,0.001980341837389707,0.00029465725678268857,0.00014718924493023602,0.001980341837389707,0.0002016944368773894,0.9871707641722854,0.012626031157862863,0.000203204669851571,0.012829235827714435,45,45,1.8103954428435115e-40,0.001980341837389707
13000,13001,65.005,35,1.6680542717523145e-38,104,0.002657982662381692,0.0026579826623816926,1.6316166208759276e-16,3,0.001980341837389707,0.00029465725678268857,0.00014718924493023602,0.001980341837389707,0.0002016944368773894,0.9871707641722854,0.012626031157862863,0.000203204669851571,0.012829235827714435,45,45,1.8103954428435115e-40,0.001980341837389707
13000,13001,65.005,36,1.2377701026625178e-38,88,0.002657982662381692,0.0026579826623816926,1.6316166208759276e-16,3,0.001980341837389707,0.00029465725678268857,0.00014718924493023602,0.001980341837389707,0.0002016944368773894,0.9871707641722854,0.012626031157862863,0.000203204669851571,0.012829235827714435,45,45,1.8103954428435115e-40,0.001980341837389707
13000,13001,65.005,37,8.62241429601725e-39,76,0.002657982662381692,0.0026579826623816926,1.6316166208759276e-16,3,0.001980341837389707,0.00029465725678268857,0.00014718924493023602,0.001980341837389707,0.0002016944368773894,0.9871707641722854,0.012626031157862863,0.000203204669851571,0.012829235827714435,45,45,1.8103954428435115e-40,0.001980341837389707
13000,13001,65.005,38,8.271230708344923e-39,68,0.002657982662381692,0.0026579826623816926,1.6316166208759276e-16,3,0.001980341837389707,0.00029465725678268857,0.00014718924493023602,0.001980341837389707,0.0002016944368773894,0.9871707641722854,0.012626031157862863,0.000203204669851571,0.012829235827714435,45,45,1.8103954428435115e-40,0.001980341837389707
13000,13001,65.005,39,6.123325917506762e-39,48,0.002657982662381692,0.0026579826623816926,1.6316166208759276e-16,3,0.001980341837389707,0.00029465725678268857,0.00014718924493023602,0.001980341837389707,0.0002016944368773894,0.9871707641722854,0.012626031157862863,0.000203204669851571,0.012829235827714435,45,45,1.8103954428435115e-40,0.001980341837389707
13000,13001,65.005,40,6.823897562750971e-39,56,0.002657982662381692,0.0026579826623816926,1.6316166208759276e-16,3,0.001980341837389707,0.00029465725678268857,0.00014718924493023602,0.001980341837389707,0.0002016944368773894,0.9871707641722854,0.012626031157862863,0.000203204669851571,0.012829235827714435,45,45,1.8103954428435115e-40,0.001980341837389707
13000,13001,65.005,41,4.45505328761533e-39,28,0.002657982662381692,0.0026579826623816926,1.6316166208759276e-16,3,0.001980341837389707,0.00029465725678268857,0.00014718924493023602,0.001980341837389707,0.0002016944368773894,0.9871707641722854,0.012626031157862863,0.000203204669851571,0.012829235827714435,45,45,1.8103954428435115e-40,0.001980341837389707
13000,13001,65.005,42,6.202630594335424e-39,32,0.002657982662381692,0.0026579826623816926,1.6316166208759276e-16,3,0.001980341837389707,0.00029465725678268857,0.00014718924493023602,0.001980341837389707,0.0002016944368773894,0.9871707641722854,0.012626031157862863,0.000203204669851571,0.012829235827714435,45,45,1.8103954428435115e-40,0.001980341837389707
13000,13001,65.005,43,2.9140744243934005e-39,16,0.002657982662381692,0.0026579826623816926,1.6316166208759276e-16,3,0.001980341837389707,0.00029465725678268857,0.00014718924493023602,0.001980341837389707,0.0002016944368773894,0.9871707641722854,0.012626031157862863,0.000203204669851571,0.012829235827714435,45,45,1.8103954428435115e-40,0.001980341837389707
13000,13001,65.005,44,8.8858048584932e-40,8,0.002657982662381692,0.0026579826623816926,1.6316166208759276e-16,3,0.001980341837389707,0.00029465725678268857,0.00014718924493023602,0.001980341837389707,0.0002016944368773894,0.9871707641722854,0.012626031157862863,0.000203204669851571,0.012829235827714435,45,45,1.8103954428435115e-40,0.001980341837389707
13000,13001,65.005,45,1.8103954428435115e-40,5,0.002657982662381692,0.0026579826623816926,1.6316166208759276e-16,3,0.001980341837389707,0.00029465725678268857,0.00014718924493023602,0.001980341837389707,0.0002016944368773894,0.9871707641722854,0.012626031157862863,0.000203204669851571,0.012829235827714435,45,45,1.8103954428435115e-40,0.001980341837389707
13500,13501,67.505,1,0.0003358163803176806,8,0.0027591917291557837,0.0027591917291557833,1.5717677913121788e-16,3,0.0019432528224209533,0.0003358163803176806,0.0002128366544365468,0.0019432528224209533,0.0002278212827968808,0.9856970471581559,0.014094467466123304,0.00020848537572096685,0.014302952841844274,45,45,2.3475684245824525e-40,0.0019432528224209533
13500,13501,67.505,2,0.0002128366544365468,12,0.0027591917291557837,0.0027591917291557833,1.5717677913121788e-16,3,0.0019432528224209533,0.0003358163803176806,0.0002128366544365468,0.0019432528224209533,0.0002278212827968808,0.9856970471581559,0.014094467466123304,0.00020848537572096685,0.014302952841844274,45,45,2.3475684245824525e-40,0.0019432528224209533
13500,13501,67.505,3,0.0019432528224209533,16,0.0027591917291557837,0.0027591917291557833,1.5717677913121788e-16,3,0.0019432528224209533,0.0003358163803176806,0.0002128366544365468,0.0019432528224209533,0.0002278212827968808,0.9856970471581559,0.014094467466123304,0.00020848537572096685,0.014302952841844274,45,45,2.3475684245824525e-40,0.0019432528224209533
13500,13501,67.505,4,0.0002278212827968808,32,0.0027591917291557837,0.0027591917291557833,1.5717677913121788e-16,3,0.0019432528224209533,0.0003358163803176806,0.0002128366544365468,0.0019432528224209533,0.0002278212827968808,0.9856970471581559,0.014094467466123304,0.00020848537572096685,0.014302952841844274,45,45,2.3475684245824525e-40,0.0019432528224209533
13500,13501,67.505,5,2.8660273641045502e-05,28,0.0027591917291557837,0.0027591917291557833,1.5717677913121788e-16,3,0.0019432528224209533,0.0003358163803176806,0.0002128366544365468,0.0019432528224209533,0.0002278212827968808,0.9856970471581559,0.014094467466123304,0.00020848537572096685,0.014302952841844274,45,45,2.3475684245824525e-40,0.0019432528224209533
13500,13501,67.505,6,6.605341502041557e-06,40,0.0027591917291557837,0.0027591917291557833,1.5717677913121788e-16,3,0.0019432528224209533,0.0003358163803176806,0.0002128366544365468,0.0019432528224209533,0.0002278212827968808,0.9856970471581559,0.014094467466123304,0.00020848537572096685,0.014302952841844274,45,45,2.3475684245824525e-40,0.0019432528224209533
13500,13501,67.505,7,1.3792151308127225e-06,40,0.0027591917291557837,0.0027591917291557833,1.5717677913121788e-16,3,0.0019432528224209533,0.0003358163803176806,0.0002128366544365468,0.0019432528224209533,0.0002278212827968808,0.9856970471581559,0.014094467466123304,0.00020848537572096685,0.014302952841844274,45,45,2.3475684245824525e-40,0.0019432528224209533
13500,13501,67.505,8,1.5458843138549714e-06,48,0.0027591917291557837,0.0027591917291557833,1.5717677913121788e-16,3,0.0019432528224209533,0.0003358163803176806,0.0002128366544365468,0.0019432528224209533,0.0002278212827968808,0.9856970471581559,0.014094467466123304,0.00020848537572096685,0.014302952841844274,45,45,2.3475684245824525e-40,0.0019432528224209533
13500,13501,67.505,9,6.986234716279418e-07,68,0.0027591917291557837,0.0027591917291557833,1.5717677913121788e-16,3,0.0019432528224209533,0.0003358163803176806,0.0002128366544365468,0.0019432528224209533,0.0002278212827968808,0.9856970471581559,0.014094467466123304,0.00020848537572096685,0.014302952841844274,45,45,2.3475684245824525e-40,0.0019432528224209533
13500,13501,67.505,10,2.1311583066881762e-07,56,0.0027591917291557837,0.0027591917291557833,1.5717677913121788e-16,3,0.0019432528224209533,0.0003358163803176806,0.0002128366544365468,0.0019432528224209533,0.0002278212827968808,0.9856970471581559,0.014094467466123304,0.00020848537572096685,0.014302952841844274,45,45,2.3475684245824525e-40,0.0019432528224209533
13500,13501,67.505,11,1.632196680720485e-07,72,0.0027591917291557837,0.0027591917291557833,1.5717677913121788e-16,3,0.0019432528224209533,0.0003358163803176806,0.0002128366544365468,0.0019432528224209533,0.0002278212827968808,0.9856970471581559,0.014094467466123304,0.00020848537572096685,0.014302952841844274,45,45,2.3475684245824525e-40,0.0019432528224209533
13500,13501,67.505,12,7.75062920716314e-08,68,0.0027591917291557837,0.0027591917291557833,1.5717677913121788e-16,3,0.0019432528224209533,0.0003358163803176806,0.0002128366544365468,0.0019432528224209533,0.0002278212827968808,0.9856970471581559,0.014094467466123304,0.00020848537572096685,0.014302952841844274,45,45,2.3475684245824525e-40,0.0019432528224209533
13500,13501,67.505,13,5.477071136422811e-08,88,0.0027591917291557837,0.0027591917291557833,1.5717677913121788e-16,3,0.0019432528224209533,0.0003358163803176806,0.0002128366544365468,0.0019432528224209533,0.0002278212827968808,0.9856970471581559,0.014094467466123304,0.00020848537572096685,0.014302952841844274,45,45,2.3475684245824525e-40,0.0019432528224209533
13500,13501,67.505,14,2.523297570937969e-08,88,0.0027591917291557837,0.0027591917291557833,1.5717677913121788e-16,3,0.0019432528224209533,0.0003358163803176806,0.0002128366544365468,0.0019432528224209533,0.0002278212827968808,0.9856970471581559,0.014094467466123304,0.00020848537572096685,0.014302952841844274,45,45,2.3475684245824525e-40,0.0019432528224209533
13500,13501,67.505,15,1.7896695129099908e-08,84,0.0027591917291557837,0.0027591917291557833,1.5717677913121788e-16,3,0.0019432528224209533,0.0003358163803176806,0.0002128366544365468,0.0019432528224209533,0.0002278212827968808,0.9856970471581559,0.014094467466123304,0.00020848537572096685,0.014302952841844274,45,45,2.3475684245824525e-40,0.0019432528224209533
13500,13501,67.505,16,1.1783302203047984e-08,112,0.0027591917291557837,0.0027591917291557833,1.5717677913121788e-16,3,0.0019432528224209533,0.0003358163803176806,0.0002128366544365468,0.0019432528224209533,0.0002278212827968808,0.9856970471581559,0.014094467466123304,0.00020848537572096685,0.014302952841844274,45,45,2.3475684245824525e-40,0.0019432528224209533
13500,13501,67.505,17,4.5695895188678975e-09,112,0.0027591917291557837,0.0027591917291557833,1.5717677913121788e-16,3,0.0019432528224209533,0.0003358163803176806,0.0002128366544365468,0.0019432528224209533,0.0002278212827968808,0.9856970471581559,0.014094467466123304,0.00020848537572096685,0.014302952841844274,45,45,2.3475684245824525e-40,0.0019432528224209533
13500,13501,67.505,18,3.1436425877040666e-09,112,0.0027591917291557837,0.0027591917291557833,1.5717677913121788e-16,3,0.0019432528224209533,0.0003358163803176806,0.0002128366544365468,0.0019432528224209533,0.0002278212827968808,0.9856970471581559,0.014094467466123304,0.00020848537572096685,0.014302952841844274,45,45,2.3475684245824525e-40,0.0019432528224209533
13500,13501,67.505,19,1.8002479349257697e-09,116,0.0027591917291557837,0.0027591917291557833,1.5717677913121788e-16,3,0.0019432528224209533,0.0003358163803176806,0.0002128366544365468,0.0019432528224209533,0.0002278212827968808,0.9856970471581559,0.014094467466123304,0.00020848537572096685,0.014302952841844274,45,45,2.3475684245824525e-40,0.0019432528224209533
13500,13501,67.505,20,1.280963790633327e-09,112,0.0027591917291557837,0.0027591917291557833,1.5717677913121788e-16,3,0.0019432528224209533,0.0003358163803176806,0.0002128366544365468,0.0019432528224209533,0.0002278212827968808,0.9856970471581559,0.014094467466123304,0.00020848537572096685,0.014302952841844274,45,45,2.3475684245824525e-40,0.0019432528224209533
13500,13501,67.505,21,7.403168461036048e-10,144,0.0027591917291557837,0.0027591917291557833,1.5717677913121788e-16,3,0.0019432528224209533,0.0003358163803176806,0.0002128366544365468,0.0019432528224209533,0.0002278212827968808,0.9856970471581559,0.014094467466123304,0.00020848537572096685,0.014302952841844274,45,45,2.3475684245824525e-40,0.0019432528224209533
13500,13501,67.505,22,1.531134949331495e-10,140,0.0027591917291557837,0.0027591917291557833,1.5717677913121788e-16,3,0.0019432528224209533,0.0003358163803176806,0.0002128366544365468,0.0019432528224209533,0.0002278212827968808,0.9856970471581559,0.014094467466123304,0.00020848537572096685,0.014302952841844274,45,45,2.3475684245824525e-40,0.0019432528224209533
13500,13501,67.505,23,2.187732756083008e-11,144,0.0027591917291557837,0.0027591917291557833,1.5717677913121788e-16,3,0.0019432528224209533,0.0003358163803176806,0.0002128366544365468,0.0019432528224209533,0.0002278212827968808,0.9856970471581559,0.014094467466123304,0.00020848537572096685,0.014302952841844274,45,45,2.3475684245824525e-40,0.0019432528224209533
13500,13501,67.505,24,1.0231650055432771e-11,144,0.0027591917291557837,0.0027591917291557833,1.5717677913121788e-16,3,0.0019432528224209533,0.0003358163803176806,0.0002128366544365468,0.0019432528224209533,0.0002278212827968808,0.9856970471581559,0.014094467466123304,0.00020848537572096685,0.014302952841844274,45,45,2.3475684245824525e-40,0.0019432528224209533
13500,13501,67.505,25,3.678097280539483e-12,168,0.0027591917291557837,0.0027591917291557833,1.5717677913121788e-16,3,0.0019432528224209533,0.0003358163803176806,0.0002128366544365468,0.0019432528224209533,0.0002278212827968808,0.9856970471581559,0.014094467466123304,0.00020848537572096685,0.014302952841844274,45,45,2.3475684245824525e-40,0.0019432528224209533
13500,13501,67.505,26,1.3683543701038186e-12,164,0.0027591917291557837,0.0027591917291557833,1.5717677913121788e-16,3,0.0019432528224209533,0.0003358163803176806,0.0002128366544365468,0.0019432528224209533,0.0002278212827968808,0.9856970471581559,0.014094467466123304,0.00020848537572096685,0.014302952841844274,45,45,2.3475684245824525e-40,0.0019432528224209533
13500,13501,67.505,27,3.637562724288043e-13,160,0.0027591917291557837,0.0027591917291557833,1.5717677913121788e-16,3,0.0019432528224209533,0.0003358163803176806,0.0002128366544365468,0.0019432528224209533,0.0002278212827968808,0.9856970471581559,0.014094467466123304,0.00020848537572096685,0.014302952841844274,45,45,2.3475684245824525e-40,0.0019432528224209533
13500,13501,67.505,28,2.286693227820623e-13,184,0.0027591917291557837,0.0027591917291557833,1.5717677913121788e-16,3,0.0019432528224209533,0.0003358163803176806,0.0002128366544365468,0.0019432528224209533,0.0002278212827968808,0.9856970471581559,0.014094467466123304,0.00020848537572096685,0.014302952841844274,45,45,2.3475684245824525e-40,0.0019432528224209533
13500,13501,67.505,29,2.3367374926477884e-14,172,0.0027591917291557837,0.0027591917291557833,1.5717677913121788e-16,3,0.0019432528224209533,0.0003358163803176806,0.0002128366544365468,0.0019432528224209533,0.0002278212827968808,0.9856970471581559,0.014094467466123304,0.00020848537572096685,0.014302952841844274,45,45,2.3475684245824525e-40,0.0019432528224209533
13500,13501,67.505,30,3.725569561573595e-15,200,0.0027591917291557837,0.0027591917291557833,1.5717677913121788e-16,3,0.0019432528224209533,0.0003358163803176806,0.0002128366544365468,0.0019432528224209533,0.0002278212827968808,0.9856970471581559,0.014094467466123304,0.00020848537572096685,0.014302952841844274,45,45,2.3475684245824525e-40,0.0019432528224209533
13500,13501,67.505,31,1.946330025242411e-37,192,0.0027591917291557837,0.0027591917291557833,1.5717677913121788e-16,3,0.0019432528224209533,0.0003358163803176806,0.0002128366544365468,0.0019432528224209533,0.0002278212827968808,0.9856970471581559,0.014094467466123304,0.00020848537572096685,0.014302952841844274,45,45,2.3475684245824525e-40,0.0019432528224209533
13500,13501,67.505,32,3.271642554306528e-38,166,0.0027591917291557837,0.0027591917291557833,1.5717677913121788e-16,3,0.0019432528224209533,0.0003358163803176806,0.0002128366544365468,0.0019432528224209533,0.0002278212827968808,0.9856970471581559,0.014094467466123304,0.00020848537572096685,0.014302952841844274,45,45,2.3475684245824525e-40,0.0019432528224209533
13500,13501,67.505,33,2.5638194631745534e-38,148,0.0027591917291557837,0.0027591917291557833,1.5717677913121788e-16,3,0.0019432528224209533,0.0003358163803176806,0.0002128366544365468,0.0019432528224209533,0.0002278212827968808,0.9856970471581559,0.014094467466123304,0.00020848537572096685,0.014302952841844274,45,45,2.3475684245824525e-40,0.0019432528224209533
13500,13501,67.505,34,2.4437591509040024e-38,128,0.0027591917291557837,0.0027591917291557833,1.5717677913121788e-16,3,0.0019432528224209533,0.0003358163803176806,0.0002128366544365468,0.0019432528224209533,0.0002278212827968808,0.9856970471581559,0.014094467466123304,0.00020848537572096685,0.014302952841844274,45,45,2.3475684245824525e-40,0.0019432528224209533
13500,13501,67.505,35,1.4066907676275235e-38,104,0.0027591917291557837,0.0027591917291557833,1.5717677913121788e-16,3,0.0019432528224209533,0.0003358163803176806,0.0002128366544365468,0.0019432528224209533,0.0002278212827968808,0.9856970471581559,0.014094467466123304,0.00020848537572096685,0.014302952841844274,45,45,2.3475684245824525e-40,0.0019432528224209533
13500,13501,67.505,36,1.2457000404435047e-38,88,0.0027591917291557837,0.0027591917291557833,1.5717677913121788e-16,3,0.0019432528224209533,0.0003358163803176806,0.0002128366544365468,0.0019432528224209533,0.0002278212827968808,0.9856970471581559,0.014094467466123304,0.00020848537572096685,0.014302952841844274,45,45,2.3475684245824525e-40,0.0019432528224209533
13500,13501,67.505,37,1.25261553391247e-38,76,0.0027591917291557837,0.0027591917291557833,1.5717677913121788e-16,3,0.0019432528224209533,0.0003358163803176806,0.0002128366544365468,0.0019432528224209533,0.0002278212827968808,0.9856970471581559,0.014094467466123304,0.00020848537572096685,0.014302952841844274,45,45,2.3475684245824525e-40,0.0019432528224209533
13500,13501,67.505,38,7.986706168553048e-39,68,0.0027591917291557837,0.0027591917291557833,1.5717677913121788e-16,3,0.0019432528224209533,0.0003358163803176806,0.0002128366544365468,0.0019432528224209533,0.0002278212827968808,0.9856970471581559,0.014094467466123304,0.00020848537572096685,0.014302952841844274,45,45,2.3475684245824525e-40,0.0019432528224209533
13500,13501,67.505,39,5.782110998462336e-39,48,0.0027591917291557837,0.0027591917291557833,1.5717677913121788e-16,3,0.0019432528224209533,0.0003358163803176806,0.0002128366544365468,0.0019432528224209533,0.0002278212827968808,0.9856970471581559,0.014094467466123304,0.00020848537572096685,0.014302952841844274,45,45,2.3475684245824525e-40,0.0019432528224209533
13500,13501,67.505,40,7.218893307034267e-39,56,0.0027591917291557837,0.0027591917291557833,1.5717677913121788e-16,3,0.0019432528224209533,0.0003358163803176806,0.0002128366544365468,0.0019432528224209533,0.0002278212827968808,0.9856970471581559,0.014094467466123304,0.00020848537572096685,0.014302952841844274,45,45,2.3475684245824525e-40,0.0019432528224209533
13500,13501,67.505,41,3.109062657372516e-39,28,0.0027591917291557837,0.0027591917291557833,1.5717677913121788e-16,3,0.0019432528224209533,0.0003358163803176806,0.0002128366544365468,0.0019432528224209533,0.0002278212827968808,0.9856970471581559,0.014094467466123304,0.00020848537572096685,0.014302952841844274,45,45,2.3475684245824525e-40,0.0019432528224209533
13500,13501,67.505,42,4.4721638210076573e-39,32,0.0027591917291557837,0.0027591917291557833,1.5717677913121788e-16,3,0.0019432528224209533,0.0003358163803176806,0.0002128366544365468,0.0019432528224209533,0.0002278212827968808,0.9856970471581559,0.014094467466123304,0.00020848537572096685,0.014302952841844274,45,45,2.3475684245824525e-40,0.0019432528224209533
13500,13501,67.505,43,2.1525883473815733e-39,16,0.0027591917291557837,0.0027591917291557833,1.5717677913121788e-16,3,0.0019432528224209533,0.0003358163803176806,0.0002128366544365468,0.0019432528224209533,0.0002278212827968808,0.9856970471581559,0.014094467466123304,0.00020848537572096685,0.014302952841844274,45,45,2.3475684245824525e-40,0.0019432528224209533
13500,13501,67.505,44,1.884476354475497e-39,8,0.0027591917291557837,0.0027591917291557833,1.5717677913121788e-16,3,0.0019432528224209533,0.0003358163803176806,0.0002128366544365468,0.0019432528224209533,0.0002278212827968808,0.9856970471581559,0.014094467466123304,0.00020848537572096685,0.014302952841844274,45,45,2.3475684245824525e-40,0.0019432528224209533
13500,13501,67.505,45,2.3475684245824525e-40,5,0.0027591917291557837,0.0027591917291557833,1.5717677913121788e-16,3,0.0019432528224209533,0.0003358163803176806,0.0002128366544365468,0.0019432528224209533,0.0002278212827968808,0.9856970471581559,0.014094467466123304,0.00020848537572096685,0.014302952841844274,45,45,2.3475684245824525e-40,0.0019432528224209533
14000,14001,70.005,1,0.0003747575570394496,8,0.0028486965089740673,0.0028486965089740673,0.0,3,0.001876389868945844,0.0003747575570394496,0.00029709706745899457,0.001876389868945844,0.00025412099720941654,0.9837360637841172,0.0160314767455876,0.00023245947029522436,0.01626393621588283,45,45,2.087631344568421e-40,0.001876389868945844
14000,14001,70.005,2,0.00029709706745899457,12,0.0028486965089740673,0.0028486965089740673,0.0,3,0.001876389868945844,0.0003747575570394496,0.00029709706745899457,0.001876389868945844,0.00025412099720941654,0.9837360637841172,0.0160314767455876,0.00023245947029522436,0.01626393621588283,45,45,2.087631344568421e-40,0.001876389868945844
14000,14001,70.005,3,0.001876389868945844,16,0.0028486965089740673,0.0028486965089740673,0.0,3,0.001876389868945844,0.0003747575570394496,0.00029709706745899457,0.001876389868945844,0.00025412099720941654,0.9837360637841172,0.0160314767455876,0.00023245947029522436,0.01626393621588283,45,45,2.087631344568421e-40,0.001876389868945844
14000,14001,70.005,4,0.00025412099720941654,32,0.0028486965089740673,0.0028486965089740673,0.0,3,0.001876389868945844,0.0003747575570394496,0.00029709706745899457,0.001876389868945844,0.00025412099720941654,0.9837360637841172,0.0160314767455876,0.00023245947029522436,0.01626393621588283,45,45,2.087631344568421e-40,0.001876389868945844
14000,14001,70.005,5,3.319812101975359e-05,28,0.0028486965089740673,0.0028486965089740673,0.0,3,0.001876389868945844,0.0003747575570394496,0.00029709706745899457,0.001876389868945844,0.00025412099720941654,0.9837360637841172,0.0160314767455876,0.00023245947029522436,0.01626393621588283,45,45,2.087631344568421e-40,0.001876389868945844
14000,14001,70.005,6,8.30789849858576e-06,40,0.0028486965089740673,0.0028486965089740673,0.0,3,0.001876389868945844,0.0003747575570394496,0.00029709706745899457,0.001876389868945844,0.00025412099720941654,0.9837360637841172,0.0160314767455876,0.00023245947029522436,0.01626393621588283,45,45,2.087631344568421e-40,0.001876389868945844
14000,14001,70.005,7,1.6056722793257713e-06,40,0.0028486965089740673,0.0028486965089740673,0.0,3,0.001876389868945844,0.0003747575570394496,0.00029709706745899457,0.001876389868945844,0.00025412099720941654,0.9837360637841172,0.0160314767455876,0.00023245947029522436,0.01626393621588283,45,45,2.087631344568421e-40,0.001876389868945844
14000,14001,70.005,8,1.7254550384403966e-06,48,0.0028486965089740673,0.0028486965089740673,0.0,3,0.001876389868945844,0.0003747575570394496,0.00029709706745899457,0.001876389868945844,0.00025412099720941654,0.9837360637841172,0.0160314767455876,0.00023245947029522436,0.01626393621588283,45,45,2.087631344568421e-40,0.001876389868945844
14000,14001,70.005,9,8.316650027488327e-07,68,0.0028486965089740673,0.0028486965089740673,0.0,3,0.001876389868945844,0.0003747575570394496,0.00029709706745899457,0.001876389868945844,0.00025412099720941654,0.9837360637841172,0.0160314767455876,0.00023245947029522436,0.01626393621588283,45,45,2.087631344568421e-40,0.001876389868945844
14000,14001,70.005,10,2.6427771270534386e-07,56,0.0028486965089740673,0.0028486965089740673,0.0,3,0.001876389868945844,0.0003747575570394496,0.00029709706745899457,0.001876389868945844,0.00025412099720941654,0.9837360637841172,0.0160314767455876,0.00023245947029522436,0.01626393621588283,45,45,2.087631344568421e-40,0.001876389868945844
14000,14001,70.005,11,1.7017979565650072e-07,72,0.0028486965089740673,0.0028486965089740673,0.0,3,0.001876389868945844,0.0003747575570394496,0.00029709706745899457,0.001876389868945844,0.00025412099720941654,0.9837360637841172,0.0160314767455876,0.00023245947029522436,0.01626393621588283,45,45,2.087631344568421e-40,0.001876389868945844
14000,14001,70.005,12,9.754749869659446e-08,68,0.0028486965089740673,0.0028486965089740673,0.0,3,0.001876389868945844,0.0003747575570394496,0.00029709706745899457,0.001876389868945844,0.00025412099720941654,0.9837360637841172,0.0160314767455876,0.00023245947029522436,0.01626393621588283,45,45,2.087631344568421e-40,0.001876389868945844
14000,14001,70.005,13,5.586283511904247e-08,88,0.0028486965089740673,0.0028486965089740673,0.0,3,0.001876389868945844,0.0003747575570394496,0.00029709706745899457,0.001876389868945844,0.00025412099720941654,0.9837360637841172,0.0160314767455876,0.00023245947029522436,0.01626393621588283,45,45,2.087631344568421e-40,0.001876389868945844
14000,14001,70.005,14,2.7801713623285086e-08,88,0.0028486965089740673,0.0028486965089740673,0.0,3,0.001876389868945844,0.0003747575570394496,0.00029709706745899457,0.001876389868945844,0.00025412099720941654,0.9837360637841172,0.0160314767455876,0.00023245947029522436,0.01626393621588283,45,45,2.087631344568421e-40,0.001876389868945844
14000,14001,70.005,15,1.926392753344312e-08,84,0.0028486965089740673,0.0028486965089740673,0.0,3,0.001876389868945844,0.0003747575570394496,0.00029709706745899457,0.001876389868945844,0.00025412099720941654,0.9837360637841172,0.0160314767455876,0.00023245947029522436,0.01626393621588283,45,45,2.087631344568421e-40,0.001876389868945844
14000,14001,70.005,16,1.3699691390406658e-08,112,0.0028486965089740673,0.0028486965089740673,0.0,3,0.001876389868945844,0.0003747575570394496,0.00029709706745899457,0.001876389868945844,0.00025412099720941654,0.9837360637841172,0.0160314767455876,0.00023245947029522436,0.01626393621588283,45,45,2.087631344568421e-40,0.001876389868945844
14000,14001,70.005,17,5.460284743549708e-09,112,0.0028486965089740673,0.0028486965089740673,0.0,3,0.001876389868945844,0.0003747575570394496,0.00029709706745899457,0.001876389868945844,0.00025412099720941654,0.9837360637841172,0.0160314767455876,0.00023245947029522436,0.01626393621588283,45,45,2.087631344568421e-40,0.001876389868945844
14000,14001,70.005,18,3.3473939513967854e-09,112,0.0028486965089740673,0.0028486965089740673,0.0,3,0.001876389868945844,0.0003747575570394496,0.00029709706745899457,0.001876389868945844,0.00025412099720941654,0.9837360637841172,0.0160314767455876,0.00023245947029522436,0.01626393621588283,45,45,2.087631344568421e-40,0.001876389868945844
14000,14001,70.005,19,2.1977976353987514e-09,116,0.0028486965089740673,0.0028486965089740673,0.0,3,0.001876389868945844,0.0003747575570394496,0.00029709706745899457,0.001876389868945844,0.00025412099720941654,0.9837360637841172,0.0160314767455876,0.00023245947029522436,0.01626393621588283,45,45,2.087631344568421e-40,0.001876389868945844
14000,14001,70.005,20,1.3761900649944717e-09,112,0.0028486965089740673,0.0028486965089740673,0.0,3,0.001876389868945844,0.0003747575570394496,0.00029709706745899457,0.001876389868945844,0.00025412099720941654,0.9837360637841172,0.0160314767455876,0.00023245947029522436,0.01626393621588283,45,45,2.087631344568421e-40,0.001876389868945844
14000,14001,70.005,21,9.324162014160126e-10,144,0.0028486965089740673,0.0028486965089740673,0.0,3,0.001876389868945844,0.0003747575570394496,0.00029709706745899457,0.001876389868945844,0.00025412099720941654,0.9837360637841172,0.0160314767455876,0.00023245947029522436,0.01626393621588283,45,45,2.087631344568421e-40,0.001876389868945844
14000,14001,70.005,22,2.1563045456596067e-10,140,0.0028486965089740673,0.0028486965089740673,0.0,3,0.001876389868945844,0.0003747575570394496,0.00029709706745899457,0.001876389868945844,0.00025412099720941654,0.9837360637841172,0.0160314767455876,0.00023245947029522436,0.01626393621588283,45,45,2.087631344568421e-40,0.001876389868945844
14000,14001,70.005,23,2.722581215947319e-11,144,0.0028486965089740673,0.0028486965089740673,0.0,3,0.001876389868945844,0.0003747575570394496,0.00029709706745899457,0.001876389868945844,0.00025412099720941654,0.9837360637841172,0.0160314767455876,0.00023245947029522436,0.01626393621588283,45,45,2.087631344568421e-40,0.001876389868945844
14000,14001,70.005,24,1.0457967298001455e-11,144,0.0028486965089740673,0.0028486965089740673,0.0,3,0.001876389868945844,0.0003747575570394496,0.00029709706745899457,0.001876389868945844,0.00025412099720941654,0.9837360637841172,0.0160314767455876,0.00023245947029522436,0.01626393621588283,45,45,2.087631344568421e-40,0.001876389868945844
14000,14001,70.005,25,3.89766340988942e-12,168,0.0028486965089740673,0.0028486965089740673,0.0,3,0.001876389868945844,0.0003747575570394496,0.00029709706745899457,0.001876389868945844,0.00025412099720941654,0.9837360637841172,0.0160314767455876,0.00023245947029522436,0.01626393621588283,45,45,2.087631344568421e-40,0.001876389868945844
14000,14001,70.005,26,1.3530472938994592e-12,164,0.0028486965089740673,0.0028486965089740673,0.0,3,0.001876389868945844,0.0003747575570394496,0.00029709706745899457,0.001876389868945844,0.00025412099720941654,0.9837360637841172,0.0160314767455876,0.00023245947029522436,0.01626393621588283,45,45,2.087631344568421e-40,0.001876389868945844
14000,14001,70.005,27,3.677481889772437e-13,160,0.0028486965089740673,0.0028486965089740673,0.0,3,0.001876389868945844,0.0003747575570394496,0.00029709706745899457,0.001876389868945844,0.00025412099720941654,0.9837360637841172,0.0160314767455876,0.00023245947029522436,0.01626393621588283,45,45,2.087631344568421e-40,0.001876389868945844
14000,14001,70.005,28,2.594541752153576e-13,184,0.0028486965089740673,0.0028486965089740673,0.0,3,0.001876389868945844,0.0003747575570394496,0.00029709706745899457,0.001876389868945844,0.00025412099720941654,0.9837360637841172,0.0160314767455876,0.00023245947029522436,0.01626393621588283,45,45,2.087631344568421e-40,0.001876389868945844
14000,14001,70.005,29,2.7600613344414523e-14,172,0.0028486965089740673,0.0028486965089740673,0.0,3,0.001876389868945844,0.0003747575570394496,0.00029709706745899457,0.001876389868945844,0.00025412099720941654,0.9837360637841172,0.0160314767455876,0.00023245947029522436,0.01626393621588283,45,45,2.087631344568421e-40,0.001876389868945844
14000,14001,70.005,30,4.4388896014356305e-15,200,0.0028486965089740673,0.0028486965089740673,0.0,3,0.001876389868945844,0.0003747575570394496,0.00029709706745899457,0.001876389868945844,0.00025412099720941654,0.9837360637841172,0.0160314767455876,0.00023245947029522436,0.01626393621588283,45,45,2.087631344568421e-40,0.001876389868945844
14000,14001,70.005,31,1.266828514061657e-37,192,0.0028486965089740673,0.0028486965089740673,0.0,3,0.001876389868945844,0.0003747575570394496,0.00029709706745899457,0.001876389868945844,0.00025412099720941654,0.9837360637841172,0.0160314767455876,0.00023245947029522436,0.01626393621588283,45,45,2.087631344568421e-40,0.001876389868945844
14000,14001,70.005,32,4.1974109968236764e-38,166,0.0028486965089740673,0.0028486965089740673,0.0,3,0.001876389868945844,0.0003747575570394496,0.00029709706745899457,0.001876389868945844,0.00025412099720941654,0.9837360637841172,0.0160314767455876,0.00023245947029522436,0.01626393621588283,45,45,2.087631344568421e-40,0.001876389868945844
14000,14001,70.005,33,3.277254851065973e-38,148,0.0028486965089740673,0.0028486965089740673,0.0,3,0.001876389868945844,0.0003747575570394496,0.00029709706745899457,0.001876389868945844,0.00025412099720941654,0.9837360637841172,0.0160314767455876,0.00023245947029522436,0.01626393621588283,45,45,2.087631344568421e-40,0.001876389868945844
14000,14001,70.005,34,1.7972595436650133e-38,128,0.0028486965089740673,0.0028486965089740673,0.0,3,0.001876389868945844,0.0003747575570394496,0.00029709706745899457,0.001876389868945844,0.00025412099720941654,0.9837360637841172,0.0160314767455876,0.00023245947029522436,0.01626393621588283,45,45,2.087631344568421e-40,0.001876389868945844
14000,14001,70.005,35,1.3679818139658885e-38,104,0.0028486965089740673,0.0028486965089740673,0.0,3,0.001876389868945844,0.0003747575570394496,0.00029709706745899457,0.001876389868945844,0.00025412099720941654,0.9837360637841172,0.0160314767455876,0.00023245947029522436,0.01626393621588283,45,45,2.087631344568421e-40,0.001876389868945844
14000,14001,70.005,36,1.2667597706835897e-38,88,0.0028486965089740673,0.0028486965089740673,0.0,3,0.001876389868945844,0.0003747575570394496,0.00029709706745899457,0.001876389868945844,0.00025412099720941654,0.9837360637841172,0.0160314767455876,0.00023245947029522436,0.01626393621588283,45,45,2.087631344568421e-40,0.001876389868945844
14000,14001,70.005,37,9.598067855946783e-39,76,0.0028486965089740673,0.0028486965089740673,0.0,3,0.001876389868945844,0.0003747575570394496,0.00029709706745899457,0.001876389868945844,0.00025412099720941654,0.9837360637841172,0.0160314767455876,0.00023245947029522436,0.01626393621588283,45,45,2.087631344568421e-40,0.001876389868945844
14000,14001,70.005,38,5.567927437354306e-39,68,0.0028486965089740673,0.0028486965089740673,0.0,3,0.001876389868945844,0.0003747575570394496,0.00029709706745899457,0.001876389868945844,0.00025412099720941654,0.9837360637841172,0.0160314767455876,0.00023245947029522436,0.01626393621588283,45,45,2.087631344568421e-40,0.001876389868945844
14000,14001,70.005,39,5.202412194883403e-39,48,0.0028486965089740673,0.0028486965089740673,0.0,3,0.001876389868945844,0.0003747575570394496,0.00029709706745899457,0.001876389868945844,0.00025412099720941654,0.9837360637841172,0.0160314767455876,0.00023245947029522436,0.01626393621588283,45,45,2.087631344568421e-40,0.001876389868945844
14000,14001,70.005,40,6.134250926647252e-39,56,0.0028486965089740673,0.0028486965089740673,0.0,3,0.001876389868945844,0.0003747575570394496,0.00029709706745899457,0.001876389868945844,0.00025412099720941654,0.9837360637841172,0.0160314767455876,0.00023245947029522436,0.01626393621588283,45,45,2.087631344568421e-40,0.001876389868945844
14000,14001,70.005,41,3.5382109079893006e-39,28,0.0028486965089740673,0.0028486965089740673,0.0,3,0.001876389868945844,0.0003747575570394496,0.00029709706745899457,0.001876389868945844,0.00025412099720941654,0.9837360637841172,0.0160314767455876,0.00023245947029522436,0.01626393621588283,45,45,2.087631344568421e-40,0.001876389868945844
14000,14001,70.005,42,3.43116372171338e-39,32,0.0028486965089740673,0.0028486965089740673,0.0,3,0.001876389868945844,0.0003747575570394496,0.00029709706745899457,0.001876389868945844,0.00025412099720941654,0.9837360637841172,0.0160314767455876,0.00023245947029522436,0.01626393621588283,45,45,2.087631344568421e-40,0.001876389868945844
14000,14001,70.005,43,1.210218317065346e-39,16,0.0028486965089740673,0.0028486965089740673,0.0,3,0.001876389868945844,0.0003747575570394496,0.00029709706745899457,0.001876389868945844,0.00025412099720941654,0.9837360637841172,0.0160314767455876,0.00023245947029522436,0.01626393621588283,45,45,2.087631344568421e-40,0.001876389868945844
14000,14001,70.005,44,5.9644504910679e-40,8,0.0028486965089740673,0.0028486965089740673,0.0,3,0.001876389868945844,0.0003747575570394496,0.00029709706745899457,0.001876389868945844,0.00025412099720941654,0.9837360637841172,0.0160314767455876,0.00023245947029522436,0.01626393621588283,45,45,2.087631344568421e-40,0.001876389868945844
14000,14001,70.005,45,2.087631344568421e-40,5,0.0028486965089740673,0.0028486965089740673,0.0,3,0.001876389868945844,0.0003747575570394496,0.00029709706745899457,0.001876389868945844,0.00025412099720941654,0.9837360637841172,0.0160314767455876,0.00023245947029522436,0.01626393621588283,45,45,2.087631344568421e-40,0.001876389868945844
14500,14501,72.505,1,0.00040946141881460806,8,0.0029245653733227304,0.0029245653733227304,0.0,3,0.0017834697329371495,0.00040946141881460806,0.0003987974001292837,0.0017834697329371495,0.00027869497807940193,0.9814872172610133,0.018232001364330338,0.00028078137465621607,0.018512782738986554,45,45,7.636223418040453e-40,0.0017834697329371495
14500,14501,72.505,2,0.0003987974001292837,12,0.0029245653733227304,0.0029245653733227304,0.0,3,0.0017834697329371495,0.00040946141881460806,0.0003987974001292837,0.0017834697329371495,0.00027869497807940193,0.9814872172610133,0.018232001364330338,0.00028078137465621607,0.018512782738986554,45,45,7.636223418040453e-40,0.0017834697329371495
14500,14501,72.505,3,0.0017834697329371495,16,0.0029245653733227304,0.0029245653733227304,0.0,3,0.0017834697329371495,0.00040946141881460806,0.0003987974001292837,0.0017834697329371495,0.00027869497807940193,0.9814872172610133,0.018232001364330338,0.00028078137465621607,0.018512782738986554,45,45,7.636223418040453e-40,0.0017834697329371495
14500,14501,72.505,4,0.00027869497807940193,32,0.0029245653733227304,0.0029245653733227304,0.0,3,0.0017834697329371495,0.00040946141881460806,0.0003987974001292837,0.0017834697329371495,0.00027869497807940193,0.9814872172610133,0.018232001364330338,0.00028078137465621607,0.018512782738986554,45,45,7.636223418040453e-40,0.0017834697329371495
14500,14501,72.505,5,3.7409390281416364e-05,28,0.0029245653733227304,0.0029245653733227304,0.0,3,0.0017834697329371495,0.00040946141881460806,0.0003987974001292837,0.0017834697329371495,0.00027869497807940193,0.9814872172610133,0.018232001364330338,0.00028078137465621607,0.018512782738986554,45,45,7.636223418040453e-40,0.0017834697329371495
14500,14501,72.505,6,1.0777694984430603e-05,40,0.0029245653733227304,0.0029245653733227304,0.0,3,0.0017834697329371495,0.00040946141881460806,0.0003987974001292837,0.0017834697329371495,0.00027869497807940193,0.9814872172610133,0.018232001364330338,0.00028078137465621607,0.018512782738986554,45,45,7.636223418040453e-40,0.0017834697329371495
14500,14501,72.505,7,2.162742186022608e-06,40,0.0029245653733227304,0.0029245653733227304,0.0,3,0.0017834697329371495,0.00040946141881460806,0.0003987974001292837,0.0017834697329371495,0.00027869497807940193,0.9814872172610133,0.018232001364330338,0.00028078137465621607,0.018512782738986554,45,45,7.636223418040453e-40,0.0017834697329371495
14500,14501,72.505,8,1.9855759978089586e-06,48,0.0029245653733227304,0.0029245653733227304,0.0,3,0.0017834697329371495,0.00040946141881460806,0.0003987974001292837,0.0017834697329371495,0.00027869497807940193,0.9814872172610133,0.018232001364330338,0.00028078137465621607,0.018512782738986554,45,45,7.636223418040453e-40,0.0017834697329371495
14500,14501,72.505,9,9.852764268147516e-07,68,0.0029245653733227304,0.0029245653733227304,0.0,3,0.0017834697329371495,0.00040946141881460806,0.0003987974001292837,0.0017834697329371495,0.00027869497807940193,0.9814872172610133,0.018232001364330338,0.00028078137465621607,0.018512782738986554,45,45,7.636223418040453e-40,0.0017834697329371495
14500,14501,72.505,10,3.481572647911634e-07,56,0.0029245653733227304,0.0029245653733227304,0.0,3,0.0017834697329371495,0.00040946141881460806,0.0003987974001292837,0.0017834697329371495,0.00027869497807940193,0.9814872172610133,0.018232001364330338,0.00028078137465621607,0.018512782738986554,45,45,7.636223418040453e-40,0.0017834697329371495
14500,14501,72.505,11,1.9709797879249028e-07,72,0.0029245653733227304,0.0029245653733227304,0.0,3,0.0017834697329371495,0.00040946141881460806,0.0003987974001292837,0.0017834697329371495,0.00027869497807940193,0.9814872172610133,0.018232001364330338,0.00028078137465621607,0.018512782738986554,45,45,7.636223418040453e-40,0.0017834697329371495
14500,14501,72.505,12,1.2339501160451464e-07,68,0.0029245653733227304,0.0029245653733227304,0.0,3,0.0017834697329371495,0.00040946141881460806,0.0003987974001292837,0.0017834697329371495,0.00027869497807940193,0.9814872172610133,0.018232001364330338,0.00028078137465621607,0.018512782738986554,45,45,7.636223418040453e-40,0.0017834697329371495
14500,14501,72.505,13,6.628758338397553e-08,88,0.0029245653733227304,0.0029245653733227304,0.0,3,0.0017834697329371495,0.00040946141881460806,0.0003987974001292837,0.0017834697329371495,0.00027869497807940193,0.9814872172610133,0.018232001364330338,0.00028078137465621607,0.018512782738986554,45,45,7.636223418040453e-40,0.0017834697329371495
14500,14501,72.505,14,3.303270163464842e-08,88,0.0029245653733227304,0.0029245653733227304,0.0,3,0.0017834697329371495,0.00040946141881460806,0.0003987974001292837,0.0017834697329371495,0.00027869497807940193,0.9814872172610133,0.018232001364330338,0.00028078137465621607,0.018512782738986554,45,45,7.636223418040453e-40,0.0017834697329371495
14500,14501,72.505,15,2.0216746877499535e-08,84,0.0029245653733227304,0.0029245653733227304,0.0,3,0.0017834697329371495,0.00040946141881460806,0.0003987974001292837,0.0017834697329371495,0.00027869497807940193,0.9814872172610133,0.018232001364330338,0.00028078137465621607,0.018512782738986554,45,45,7.636223418040453e-40,0.0017834697329371495
14500,14501,72.505,16,1.628925442647679e-08,112,0.0029245653733227304,0.0029245653733227304,0.0,3,0.0017834697329371495,0.00040946141881460806,0.0003987974001292837,0.0017834697329371495,0.00027869497807940193,0.9814872172610133,0.018232001364330338,0.00028078137465621607,0.018512782738986554,45,45,7.636223418040453e-40,0.0017834697329371495
14500,14501,72.505,17,7.1087761612531205e-09,112,0.0029245653733227304,0.0029245653733227304,0.0,3,0.0017834697329371495,0.00040946141881460806,0.0003987974001292837,0.0017834697329371495,0.00027869497807940193,0.9814872172610133,0.018232001364330338,0.00028078137465621607,0.018512782738986554,45,45,7.636223418040453e-40,0.0017834697329371495
14500,14501,72.505,18,3.941499682707257e-09,112,0.0029245653733227304,0.0029245653733227304,0.0,3,0.0017834697329371495,0.00040946141881460806,0.0003987974001292837,0.0017834697329371495,0.00027869497807940193,0.9814872172610133,0.018232001364330338,0.00028078137465621607,0.018512782738986554,45,45,7.636223418040453e-40,0.0017834697329371495
14500,14501,72.505,19,2.4614686442729354e-09,116,0.0029245653733227304,0.0029245653733227304,0.0,3,0.0017834697329371495,0.00040946141881460806,0.0003987974001292837,0.0017834697329371495,0.00027869497807940193,0.9814872172610133,0.018232001364330338,0.00028078137465621607,0.018512782738986554,45,45,7.636223418040453e-40,0.0017834697329371495
14500,14501,72.505,20,1.5834943917451854e-09,112,0.0029245653733227304,0.0029245653733227304,0.0,3,0.0017834697329371495,0.00040946141881460806,0.0003987974001292837,0.0017834697329371495,0.00027869497807940193,0.9814872172610133,0.018232001364330338,0.00028078137465621607,0.018512782738986554,45,45,7.636223418040453e-40,0.0017834697329371495
14500,14501,72.505,21,1.2135157942034296e-09,144,0.0029245653733227304,0.0029245653733227304,0.0,3,0.0017834697329371495,0.00040946141881460806,0.0003987974001292837,0.0017834697329371495,0.00027869497807940193,0.9814872172610133,0.018232001364330338,0.00028078137465621607,0.018512782738986554,45,45,7.636223418040453e-40,0.0017834697329371495
14500,14501,72.505,22,3.1699317003502724e-10,140,0.0029245653733227304,0.0029245653733227304,0.0,3,0.0017834697329371495,0.00040946141881460806,0.0003987974001292837,0.0017834697329371495,0.00027869497807940193,0.9814872172610133,0.018232001364330338,0.00028078137465621607,0.018512782738986554,45,45,7.636223418040453e-40,0.0017834697329371495
14500,14501,72.505,23,4.372575371217533e-11,144,0.0029245653733227304,0.0029245653733227304,0.0,3,0.0017834697329371495,0.00040946141881460806,0.0003987974001292837,0.0017834697329371495,0.00027869497807940193,0.9814872172610133,0.018232001364330338,0.00028078137465621607,0.018512782738986554,45,45,7.636223418040453e-40,0.0017834697329371495
14500,14501,72.505,24,1.098292420114776e-11,144,0.0029245653733227304,0.0029245653733227304,0.0,3,0.0017834697329371495,0.00040946141881460806,0.0003987974001292837,0.0017834697329371495,0.00027869497807940193,0.9814872172610133,0.018232001364330338,0.00028078137465621607,0.018512782738986554,45,45,7.636223418040453e-40,0.0017834697329371495
14500,14501,72.505,25,4.318373666929928e-12,168,0.0029245653733227304,0.0029245653733227304,0.0,3,0.0017834697329371495,0.00040946141881460806,0.0003987974001292837,0.0017834697329371495,0.00027869497807940193,0.9814872172610133,0.018232001364330338,0.00028078137465621607,0.018512782738986554,45,45,7.636223418040453e-40,0.0017834697329371495
14500,14501,72.505,26,1.4456527736725758e-12,164,0.0029245653733227304,0.0029245653733227304,0.0,3,0.0017834697329371495,0.00040946141881460806,0.0003987974001292837,0.0017834697329371495,0.00027869497807940193,0.9814872172610133,0.018232001364330338,0.00028078137465621607,0.018512782738986554,45,45,7.636223418040453e-40,0.0017834697329371495
14500,14501,72.505,27,3.871619640632337e-13,160,0.0029245653733227304,0.0029245653733227304,0.0,3,0.0017834697329371495,0.00040946141881460806,0.0003987974001292837,0.0017834697329371495,0.00027869497807940193,0.9814872172610133,0.018232001364330338,0.00028078137465621607,0.018512782738986554,45,45,7.636223418040453e-40,0.0017834697329371495
14500,14501,72.505,28,2.9363373125394755e-13,184,0.0029245653733227304,0.0029245653733227304,0.0,3,0.0017834697329371495,0.00040946141881460806,0.0003987974001292837,0.0017834697329371495,0.00027869497807940193,0.9814872172610133,0.018232001364330338,0.00028078137465621607,0.018512782738986554,45,45,7.636223418040453e-40,0.0017834697329371495
14500,14501,72.505,29,3.661735943660017e-14,172,0.0029245653733227304,0.0029245653733227304,0.0,3,0.0017834697329371495,0.00040946141881460806,0.0003987974001292837,0.0017834697329371495,0.00027869497807940193,0.9814872172610133,0.018232001364330338,0.00028078137465621607,0.018512782738986554,45,45,7.636223418040453e-40,0.0017834697329371495
14500,14501,72.505,30,6.321131781075915e-15,200,0.0029245653733227304,0.0029245653733227304,0.0,3,0.0017834697329371495,0.00040946141881460806,0.0003987974001292837,0.0017834697329371495,0.00027869497807940193,0.9814872172610133,0.018232001364330338,0.00028078137465621607,0.018512782738986554,45,45,7.636223418040453e-40,0.0017834697329371495
14500,14501,72.505,31,9.659096182172842e-38,192,0.0029245653733227304,0.0029245653733227304,0.0,3,0.0017834697329371495,0.00040946141881460806,0.0003987974001292837,0.0017834697329371495,0.00027869497807940193,0.9814872172610133,0.018232001364330338,0.00028078137465621607,0.018512782738986554,45,45,7.636223418040453e-40,0.0017834697329371495
14500,14501,72.505,32,2.632652950080607e-38,166,0.0029245653733227304,0.0029245653733227304,0.0,3,0.0017834697329371495,0.00040946141881460806,0.0003987974001292837,0.0017834697329371495,0.00027869497807940193,0.9814872172610133,0.018232001364330338,0.00028078137465621607,0.018512782738986554,45,45,7.636223418040453e-40,0.0017834697329371495
14500,14501,72.505,33,2.8047023551127225e-38,148,0.0029245653733227304,0.0029245653733227304,0.0,3,0.0017834697329371495,0.00040946141881460806,0.0003987974001292837,0.0017834697329371495,0.00027869497807940193,0.9814872172610133,0.018232001364330338,0.00028078137465621607,0.018512782738986554,45,45,7.636223418040453e-40,0.0017834697329371495
14500,14501,72.505,34,2.1542069426529676e-38,128,0.0029245653733227304,0.0029245653733227304,0.0,3,0.0017834697329371495,0.00040946141881460806,0.0003987974001292837,0.0017834697329371495,0.00027869497807940193,0.9814872172610133,0.018232001364330338,0.00028078137465621607,0.018512782738986554,45,45,7.636223418040453e-40,0.0017834697329371495
14500,14501,72.505,35,1.3306959631961343e-38,104,0.0029245653733227304,0.0029245653733227304,0.0,3,0.0017834697329371495,0.00040946141881460806,0.0003987974001292837,0.0017834697329371495,0.00027869497807940193,0.9814872172610133,0.018232001364330338,0.00028078137465621607,0.018512782738986554,45,45,7.636223418040453e-40,0.0017834697329371495
14500,14501,72.505,36,1.0370799866210316e-38,88,0.0029245653733227304,0.0029245653733227304,0.0,3,0.0017834697329371495,0.00040946141881460806,0.0003987974001292837,0.0017834697329371495,0.00027869497807940193,0.9814872172610133,0.018232001364330338,0.00028078137465621607,0.018512782738986554,45,45,7.636223418040453e-40,0.0017834697329371495
14500,14501,72.505,37,1.180351454847585e-38,76,0.0029245653733227304,0.0029245653733227304,0.0,3,0.0017834697329371495,0.00040946141881460806,0.0003987974001292837,0.0017834697329371495,0.00027869497807940193,0.9814872172610133,0.018232001364330338,0.00028078137465621607,0.018512782738986554,45,45,7.636223418040453e-40,0.0017834697329371495
14500,14501,72.505,38,7.343469158782353e-39,68,0.0029245653733227304,0.0029245653733227304,0.0,3,0.0017834697329371495,0.00040946141881460806,0.0003987974001292837,0.0017834697329371495,0.00027869497807940193,0.9814872172610133,0.018232001364330338,0.00028078137465621607,0.018512782738986554,45,45,7.636223418040453e-40,0.0017834697329371495
14500,14501,72.505,39,6.311635294027532e-39,48,0.0029245653733227304,0.0029245653733227304,0.0,3,0.0017834697329371495,0.00040946141881460806,0.0003987974001292837,0.0017834697329371495,0.00027869497807940193,0.9814872172610133,0.018232001364330338,0.00028078137465621607,0.018512782738986554,45,45,7.636223418040453e-40,0.0017834697329371495
14500,14501,72.505,40,7.82344908118163e-39,56,0.0029245653733227304,0.0029245653733227304,0.0,3,0.0017834697329371495,0.00040946141881460806,0.0003987974001292837,0.0017834697329371495,0.00027869497807940193,0.9814872172610133,0.018232001364330338,0.00028078137465621607,0.018512782738986554,45,45,7.636223418040453e-40,0.0017834697329371495
14500,14501,72.505,41,4.110171632242641e-39,28,0.0029245653733227304,0.0029245653733227304,0.0,3,0.0017834697329371495,0.00040946141881460806,0.0003987974001292837,0.0017834697329371495,0.00027869497807940193,0.9814872172610133,0.018232001364330338,0.00028078137465621607,0.018512782738986554,45,45,7.636223418040453e-40,0.0017834697329371495
14500,14501,72.505,42,4.21875451426597e-39,32,0.0029245653733227304,0.0029245653733227304,0.0,3,0.0017834697329371495,0.00040946141881460806,0.0003987974001292837,0.0017834697329371495,0.00027869497807940193,0.9814872172610133,0.018232001364330338,0.00028078137465621607,0.018512782738986554,45,45,7.636223418040453e-40,0.0017834697329371495
14500,14501,72.505,43,1.447177575574387e-39,16,0.0029245653733227304,0.0029245653733227304,0.0,3,0.0017834697329371495,0.00040946141881460806,0.0003987974001292837,0.0017834697329371495,0.00027869497807940193,0.9814872172610133,0.018232001364330338,0.00028078137465621607,0.018512782738986554,45,45,7.636223418040453e-40,0.0017834697329371495
14500,14501,72.505,44,1.3007127706360012e-39,8,0.0029245653733227304,0.0029245653733227304,0.0,3,0.0017834697329371495,0.00040946141881460806,0.0003987974001292837,0.0017834697329371495,0.00027869497807940193,0.9814872172610133,0.018232001364330338,0.00028078137465621607,0.018512782738986554,45,45,7.636223418040453e-40,0.0017834697329371495
14500,14501,72.505,45,7.636223418040453e-40,5,0.0029245653733227304,0.0029245653733227304,0.0,3,0.0017834697329371495,0.00040946141881460806,0.0003987974001292837,0.0017834697329371495,0.00027869497807940193,0.9814872172610133,0.018232001364330338,0.00028078137465621607,0.018512782738986554,45,45,7.636223418040453e-40,0.0017834697329371495
15000,15001,75.005,1,0.00043816838055786285,8,0.002985317810026018,0.0029853178100260162,5.810850255710926e-16,3,0.0016707412808687804,0.00043816838055786285,0.0005145362845268093,0.0016707412808687804,0.0003000944803682173,0.9793062623025024,0.020335124352706235,0.0003586133447915261,0.02069373769749776,45,45,3.722899478367076e-40,0.0016707412808687804
15000,15001,75.005,2,0.0005145362845268093,12,0.002985317810026018,0.0029853178100260162,5.810850255710926e-16,3,0.0016707412808687804,0.00043816838055786285,0.0005145362845268093,0.0016707412808687804,0.0003000944803682173,0.9793062623025024,0.020335124352706235,0.0003586133447915261,0.02069373769749776,45,45,3.722899478367076e-40,0.0016707412808687804
15000,15001,75.005,3,0.0016707412808687804,16,0.002985317810026018,0.0029853178100260162,5.810850255710926e-16,3,0.0016707412808687804,0.00043816838055786285,0.0005145362845268093,0.0016707412808687804,0.0003000944803682173,0.9793062623025024,0.020335124352706235,0.0003586133447915261,0.02069373769749776,45,45,3.722899478367076e-40,0.0016707412808687804
15000,15001,75.005,4,0.0003000944803682173,32,0.002985317810026018,0.0029853178100260162,5.810850255710926e-16,3,0.0016707412808687804,0.00043816838055786285,0.0005145362845268093,0.0016707412808687804,0.0003000944803682173,0.9793062623025024,0.020335124352706235,0.0003586133447915261,0.02069373769749776,45,45,3.722899478367076e-40,0.0016707412808687804
15000,15001,75.005,5,4.0532798529502366e-05,28,0.002985317810026018,0.0029853178100260162,5.810850255710926e-16,3,0.0016707412808687804,0.00043816838055786285,0.0005145362845268093,0.0016707412808687804,0.0003000944803682173,0.9793062623025024,0.020335124352706235,0.0003586133447915261,0.02069373769749776,45,45,3.722899478367076e-40,0.0016707412808687804
15000,15001,75.005,6,1.3740751965271491e-05,40,0.002985317810026018,0.0029853178100260162,5.810850255710926e-16,3,0.0016707412808687804,0.00043816838055786285,0.0005145362845268093,0.0016707412808687804,0.0003000944803682173,0.9793062623025024,0.020335124352706235,0.0003586133447915261,0.02069373769749776,45,45,3.722899478367076e-40,0.0016707412808687804
15000,15001,75.005,7,2.9492008766770333e-06,40,0.002985317810026018,0.0029853178100260162,5.810850255710926e-16,3,0.0016707412808687804,0.00043816838055786285,0.0005145362845268093,0.0016707412808687804,0.0003000944803682173,0.9793062623025024,0.020335124352706235,0.0003586133447915261,0.02069373769749776,45,45,3.722899478367076e-40,0.0016707412808687804
15000,15001,75.005,8,2.324453977736349e-06,48,0.002985317810026018,0.0029853178100260162,5.810850255710926e-16,3,0.0016707412808687804,0.00043816838055786285,0.0005145362845268093,0.0016707412808687804,0.0003000944803682173,0.9793062623025024,0.020335124352706235,0.0003586133447915261,0.02069373769749776,45,45,3.722899478367076e-40,0.0016707412808687804
15000,15001,75.005,9,1.1596035500404505e-06,68,0.002985317810026018,0.0029853178100260162,5.810850255710926e-16,3,0.0016707412808687804,0.00043816838055786285,0.0005145362845268093,0.0016707412808687804,0.0003000944803682173,0.9793062623025024,0.020335124352706235,0.0003586133447915261,0.02069373769749776,45,45,3.722899478367076e-40,0.0016707412808687804
15000,15001,75.005,10,4.834163520333027e-07,56,0.002985317810026018,0.0029853178100260162,5.810850255710926e-16,3,0.0016707412808687804,0.00043816838055786285,0.0005145362845268093,0.0016707412808687804,0.0003000944803682173,0.9793062623025024,0.020335124352706235,0.0003586133447915261,0.02069373769749776,45,45,3.722899478367076e-40,0.0016707412808687804
15000,15001,75.005,11,2.4599131582378433e-07,72,0.002985317810026018,0.0029853178100260162,5.810850255710926e-16,3,0.0016707412808687804,0.00043816838055786285,0.0005145362845268093,0.0016707412808687804,0.0003000944803682173,0.9793062623025024,0.020335124352706235,0.0003586133447915261,0.02069373769749776,45,45,3.722899478367076e-40,0.0016707412808687804
15000,15001,75.005,12,1.4801807804825577e-07,68,0.002985317810026018,0.0029853178100260162,5.810850255710926e-16,3,0.0016707412808687804,0.00043816838055786285,0.0005145362845268093,0.0016707412808687804,0.0003000944803682173,0.9793062623025024,0.020335124352706235,0.0003586133447915261,0.02069373769749776,45,45,3.722899478367076e-40,0.0016707412808687804
15000,15001,75.005,13,8.591550116518783e-08,88,0.002985317810026018,0.0029853178100260162,5.810850255710926e-16,3,0.0016707412808687804,0.00043816838055786285,0.0005145362845268093,0.0016707412808687804,0.0003000944803682173,0.9793062623025024,0.020335124352706235,0.0003586133447915261,0.02069373769749776,45,45,3.722899478367076e-40,0.0016707412808687804
15000,15001,75.005,14,4.305887635050699e-08,88,0.002985317810026018,0.0029853178100260162,5.810850255710926e-16,3,0.0016707412808687804,0.00043816838055786285,0.0005145362845268093,0.0016707412808687804,0.0003000944803682173,0.9793062623025024,0.020335124352706235,0.0003586133447915261,0.02069373769749776,45,45,3.722899478367076e-40,0.0016707412808687804
15000,15001,75.005,15,2.2538623520836562e-08,84,0.002985317810026018,0.0029853178100260162,5.810850255710926e-16,3,0.0016707412808687804,0.00043816838055786285,0.0005145362845268093,0.0016707412808687804,0.0003000944803682173,0.9793062623025024,0.020335124352706235,0.0003586133447915261,0.02069373769749776,45,45,3.722899478367076e-40,0.0016707412808687804
15000,15001,75.005,16,1.9698842330411776e-08,112,0.002985317810026018,0.0029853178100260162,5.810850255710926e-16,3,0.0016707412808687804,0.00043816838055786285,0.0005145362845268093,0.0016707412808687804,0.0003000944803682173,0.9793062623025024,0.020335124352706235,0.0003586133447915261,0.02069373769749776,45,45,3.722899478367076e-40,0.0016707412808687804
15000,15001,75.005,17,1.0200625001708253e-08,112,0.002985317810026018,0.0029853178100260162,5.810850255710926e-16,3,0.0016707412808687804,0.00043816838055786285,0.0005145362845268093,0.0016707412808687804,0.0003000944803682173,0.9793062623025024,0.020335124352706235,0.0003586133447915261,0.02069373769749776,45,45,3.722899478367076e-40,0.0016707412808687804
15000,15001,75.005,18,4.748306511552678e-09,112,0.002985317810026018,0.0029853178100260162,5.810850255710926e-16,3,0.0016707412808687804,0.00043816838055786285,0.0005145362845268093,0.0016707412808687804,0.0003000944803682173,0.9793062623025024,0.020335124352706235,0.0003586133447915261,0.02069373769749776,45,45,3.722899478367076e-40,0.0016707412808687804
15000,15001,75.005,19,2.8923333359681175e-09,116,0.002985317810026018,0.0029853178100260162,5.810850255710926e-16,3,0.0016707412808687804,0.00043816838055786285,0.0005145362845268093,0.0016707412808687804,0.0003000944803682173,0.9793062623025024,0.020335124352706235,0.0003586133447915261,0.02069373769749776,45,45,3.722899478367076e-40,0.0016707412808687804
15000,15001,75.005,20,1.959379759308207e-09,112,0.002985317810026018,0.0029853178100260162,5.810850255710926e-16,3,0.0016707412808687804,0.00043816838055786285,0.0005145362845268093,0.0016707412808687804,0.0003000944803682173,0.9793062623025024,0.020335124352706235,0.0003586133447915261,0.02069373769749776,45,45,3.722899478367076e-40,0.0016707412808687804
15000,15001,75.005,21,1.614752875926851e-09,144,0.002985317810026018,0.0029853178100260162,5.810850255710926e-16,3,0.0016707412808687804,0.00043816838055786285,0.0005145362845268093,0.0016707412808687804,0.0003000944803682173,0.9793062623025024,0.020335124352706235,0.0003586133447915261,0.02069373769749776,45,45,3.722899478367076e-40,0.0016707412808687804
15000,15001,75.005,22,4.124537570578274e-10,140,0.002985317810026018,0.0029853178100260162,5.810850255710926e-16,3,0.0016707412808687804,0.00043816838055786285,0.0005145362845268093,0.0016707412808687804,0.0003000944803682173,0.9793062623025024,0.020335124352706235,0.0003586133447915261,0.02069373769749776,45,45,3.722899478367076e-40,0.0016707412808687804
15000,15001,75.005,23,8.291398611738351e-11,144,0.002985317810026018,0.0029853178100260162,5.810850255710926e-16,3,0.0016707412808687804,0.00043816838055786285,0.0005145362845268093,0.0016707412808687804,0.0003000944803682173,0.9793062623025024,0.020335124352706235,0.0003586133447915261,0.02069373769749776,45,45,3.722899478367076e-40,0.0016707412808687804
15000,15001,75.005,24,1.869195910729983e-11,144,0.002985317810026018,0.0029853178100260162,5.810850255710926e-16,3,0.0016707412808687804,0.00043816838055786285,0.0005145362845268093,0.0016707412808687804,0.0003000944803682173,0.9793062623025024,0.020335124352706235,0.0003586133447915261,0.02069373769749776,45,45,3.722899478367076e-40,0.0016707412808687804
15000,15001,75.005,25,5.189564583434192e-12,168,0.002985317810026018,0.0029853178100260162,5.810850255710926e-16,3,0.0016707412808687804,0.00043816838055786285,0.0005145362845268093,0.0016707412808687804,0.0003000944803682173,0.9793062623025024,0.020335124352706235,0.0003586133447915261,0.02069373769749776,45,45,3.722899478367076e-40,0.0016707412808687804
15000,15001,75.005,26,1.75728385288094e-12,164,0.002985317810026018,0.0029853178100260162,5.810850255710926e-16,3,0.0016707412808687804,0.00043816838055786285,0.0005145362845268093,0.0016707412808687804,0.0003000944803682173,0.9793062623025024,0.020335124352706235,0.0003586133447915261,0.02069373769749776,45,45,3.722899478367076e-40,0.0016707412808687804
15000,15001,75.005,27,4.489714472928618e-13,160,0.002985317810026018,0.0029853178100260162,5.810850255710926e-16,3,0.0016707412808687804,0.00043816838055786285,0.0005145362845268093,0.0016707412808687804,0.0003000944803682173,0.9793062623025024,0.020335124352706235,0.0003586133447915261,0.02069373769749776,45,45,3.722899478367076e-40,0.0016707412808687804
15000,15001,75.005,28,3.1330226290988363e-13,184,0.002985317810026018,0.0029853178100260162,5.810850255710926e-16,3,0.0016707412808687804,0.00043816838055786285,0.0005145362845268093,0.0016707412808687804,0.0003000944803682173,0.9793062623025024,0.020335124352706235,0.0003586133447915261,0.02069373769749776,45,45,3.722899478367076e-40,0.0016707412808687804
15000,15001,75.005,29,4.24718360848698e-14,172,0.002985317810026018,0.0029853178100260162,5.810850255710926e-16,3,0.0016707412808687804,0.00043816838055786285,0.0005145362845268093,0.0016707412808687804,0.0003000944803682173,0.9793062623025024,0.020335124352706235,0.0003586133447915261,0.02069373769749776,45,45,3.722899478367076e-40,0.0016707412808687804
15000,15001,75.005,30,7.066128138551902e-15,200,0.002985317810026018,0.0029853178100260162,5.810850255710926e-16,3,0.0016707412808687804,0.00043816838055786285,0.0005145362845268093,0.0016707412808687804,0.0003000944803682173,0.9793062623025024,0.020335124352706235,0.0003586133447915261,0.02069373769749776,45,45,3.722899478367076e-40,0.0016707412808687804
15000,15001,75.005,31,1.452567509548468e-37,192,0.002985317810026018,0.0029853178100260162,5.810850255710926e-16,3,0.0016707412808687804,0.00043816838055786285,0.0005145362845268093,0.0016707412808687804,0.0003000944803682173,0.9793062623025024,0.020335124352706235,0.0003586133447915261,0.02069373769749776,45,45,3.722899478367076e-40,0.0016707412808687804
15000,15001,75.005,32,4.216608272308555e-38,166,0.002985317810026018,0.0029853178100260162,5.810850255710926e-16,3,0.0016707412808687804,0.00043816838055786285,0.0005145362845268093,0.0016707412808687804,0.0003000944803682173,0.9793062623025024,0.020335124352706235,0.0003586133447915261,0.02069373769749776,45,45,3.722899478367076e-40,0.0016707412808687804
15000,15001,75.005,33,2.1065744263468762e-38,148,0.002985317810026018,0.0029853178100260162,5.810850255710926e-16,3,0.0016707412808687804,0.00043816838055786285,0.0005145362845268093,0.0016707412808687804,0.0003000944803682173,0.9793062623025024,0.020335124352706235,0.0003586133447915261,0.02069373769749776,45,45,3.722899478367076e-40,0.0016707412808687804
15000,15001,75.005,34,1.906679259535118e-38,128,0.002985317810026018,0.0029853178100260162,5.810850255710926e-16,3,0.0016707412808687804,0.00043816838055786285,0.0005145362845268093,0.0016707412808687804,0.0003000944803682173,0.9793062623025024,0.020335124352706235,0.0003586133447915261,0.02069373769749776,45,45,3.722899478367076e-40,0.0016707412808687804
15000,15001,75.005,35,1.7843818556156902e-38,104,0.002985317810026018,0.0029853178100260162,5.810850255710926e-16,3,0.0016707412808687804,0.00043816838055786285,0.0005145362845268093,0.0016707412808687804,0.0003000944803682173,0.9793062623025024,0.020335124352706235,0.0003586133447915261,0.02069373769749776,45,45,3.722899478367076e-40,0.0016707412808687804
15000,15001,75.005,36,1.1466665664700397e-38,88,0.002985317810026018,0.0029853178100260162,5.810850255710926e-16,3,0.0016707412808687804,0.00043816838055786285,0.0005145362845268093,0.0016707412808687804,0.0003000944803682173,0.9793062623025024,0.020335124352706235,0.0003586133447915261,0.02069373769749776,45,45,3.722899478367076e-40,0.0016707412808687804
15000,15001,75.005,37,1.181939347876604e-38,76,0.002985317810026018,0.0029853178100260162,5.810850255710926e-16,3,0.0016707412808687804,0.00043816838055786285,0.0005145362845268093,0.0016707412808687804,0.0003000944803682173,0.9793062623025024,0.020335124352706235,0.0003586133447915261,0.02069373769749776,45,45,3.722899478367076e-40,0.0016707412808687804
15000,15001,75.005,38,8.231020403101452e-39,68,0.002985317810026018,0.0029853178100260162,5.810850255710926e-16,3,0.0016707412808687804,0.00043816838055786285,0.0005145362845268093,0.0016707412808687804,0.0003000944803682173,0.9793062623025024,0.020335124352706235,0.0003586133447915261,0.02069373769749776,45,45,3.722899478367076e-40,0.0016707412808687804
15000,15001,75.005,39,6.27494562411251e-39,48,0.002985317810026018,0.0029853178100260162,5.810850255710926e-16,3,0.0016707412808687804,0.00043816838055786285,0.0005145362845268093,0.0016707412808687804,0.0003000944803682173,0.9793062623025024,0.020335124352706235,0.0003586133447915261,0.02069373769749776,45,45,3.722899478367076e-40,0.0016707412808687804
15000,15001,75.005,40,9.708276312420002e-39,56,0.002985317810026018,0.0029853178100260162,5.810850255710926e-16,3,0.0016707412808687804,0.00043816838055786285,0.0005145362845268093,0.0016707412808687804,0.0003000944803682173,0.9793062623025024,0.020335124352706235,0.0003586133447915261,0.02069373769749776,45,45,3.722899478367076e-40,0.0016707412808687804
15000,15001,75.005,41,3.947981567978585e-39,28,0.002985317810026018,0.0029853178100260162,5.810850255710926e-16,3,0.0016707412808687804,0.00043816838055786285,0.0005145362845268093,0.0016707412808687804,0.0003000944803682173,0.9793062623025024,0.020335124352706235,0.0003586133447915261,0.02069373769749776,45,45,3.722899478367076e-40,0.0016707412808687804
15000,15001,75.005,42,5.580124876142484e-39,32,0.002985317810026018,0.0029853178100260162,5.810850255710926e-16,3,0.0016707412808687804,0.00043816838055786285,0.0005145362845268093,0.0016707412808687804,0.0003000944803682173,0.9793062623025024,0.020335124352706235,0.0003586133447915261,0.02069373769749776,45,45,3.722899478367076e-40,0.0016707412808687804
15000,15001,75.005,43,1.2024219591571312e-39,16,0.002985317810026018,0.0029853178100260162,5.810850255710926e-16,3,0.0016707412808687804,0.00043816838055786285,0.0005145362845268093,0.0016707412808687804,0.0003000944803682173,0.9793062623025024,0.020335124352706235,0.0003586133447915261,0.02069373769749776,45,45,3.722899478367076e-40,0.0016707412808687804
15000,15001,75.005,44,1.2952403833508917e-39,8,0.002985317810026018,0.0029853178100260162,5.810850255710926e-16,3,0.0016707412808687804,0.00043816838055786285,0.0005145362845268093,0.0016707412808687804,0.0003000944803682173,0.9793062623025024,0.020335124352706235,0.0003586133447915261,0.02069373769749776,45,45,3.722899478367076e-40,0.0016707412808687804
15000,15001,75.005,45,3.722899478367076e-40,5,0.002985317810026018,0.0029853178100260162,5.810850255710926e-16,3,0.0016707412808687804,0.00043816838055786285,0.0005145362845268093,0.0016707412808687804,0.0003000944803682173,0.9793062623025024,0.020335124352706235,0.0003586133447915261,0.02069373769749776,45,45,3.722899478367076e-40,0.0016707412808687804
15500,15501,77.505,1,0.0004598947109992603,8,0.003030330166664926,0.0030303301666649253,2.862268103752507e-16,3,0.0015462033174008247,0.0004598947109992603,0.0006389679374908107,0.0015462033174008247,0.0003175120595918631,0.9776419936258193,0.02189581932175202,0.0004621870524286317,0.022358006374180655,45,45,6.848389865184707e-40,0.0015462033174008247
15500,15501,77.505,2,0.0006389679374908107,12,0.003030330166664926,0.0030303301666649253,2.862268103752507e-16,3,0.0015462033174008247,0.0004598947109992603,0.0006389679374908107,0.0015462033174008247,0.0003175120595918631,0.9776419936258193,0.02189581932175202,0.0004621870524286317,0.022358006374180655,45,45,6.848389865184707e-40,0.0015462033174008247
15500,15501,77.505,3,0.0015462033174008247,16,0.003030330166664926,0.0030303301666649253,2.862268103752507e-16,3,0.0015462033174008247,0.0004598947109992603,0.0006389679374908107,0.0015462033174008247,0.0003175120595918631,0.9776419936258193,0.02189581932175202,0.0004621870524286317,0.022358006374180655,45,45,6.848389865184707e-40,0.0015462033174008247
15500,15501,77.505,4,0.0003175120595918631,32,0.003030330166664926,0.0030303301666649253,2.862268103752507e-16,3,0.0015462033174008247,0.0004598947109992603,0.0006389679374908107,0.0015462033174008247,0.0003175120595918631,0.9776419936258193,0.02189581932175202,0.0004621870524286317,0.022358006374180655,45,45,6.848389865184707e-40,0.0015462033174008247
15500,15501,77.505,5,4.175062421471084e-05,28,0.003030330166664926,0.0030303301666649253,2.862268103752507e-16,3,0.0015462033174008247,0.0004598947109992603,0.0006389679374908107,0.0015462033174008247,0.0003175120595918631,0.9776419936258193,0.02189581932175202,0.0004621870524286317,0.022358006374180655,45,45,6.848389865184707e-40,0.0015462033174008247
15500,15501,77.505,6,1.673761741928013e-05,40,0.003030330166664926,0.0030303301666649253,2.862268103752507e-16,3,0.0015462033174008247,0.0004598947109992603,0.0006389679374908107,0.0015462033174008247,0.0003175120595918631,0.9776419936258193,0.02189581932175202,0.0004621870524286317,0.022358006374180655,45,45,6.848389865184707e-40,0.0015462033174008247
15500,15501,77.505,7,3.88174445669539e-06,40,0.003030330166664926,0.0030303301666649253,2.862268103752507e-16,3,0.0015462033174008247,0.0004598947109992603,0.0006389679374908107,0.0015462033174008247,0.0003175120595918631,0.9776419936258193,0.02189581932175202,0.0004621870524286317,0.022358006374180655,45,45,6.848389865184707e-40,0.0015462033174008247
15500,15501,77.505,8,2.6624171942326927e-06,48,0.003030330166664926,0.0030303301666649253,2.862268103752507e-16,3,0.0015462033174008247,0.0004598947109992603,0.0006389679374908107,0.0015462033174008247,0.0003175120595918631,0.9776419936258193,0.02189581932175202,0.0004621870524286317,0.022358006374180655,45,45,6.848389865184707e-40,0.0015462033174008247
15500,15501,77.505,9,1.3191585296308365e-06,68,0.003030330166664926,0.0030303301666649253,2.862268103752507e-16,3,0.0015462033174008247,0.0004598947109992603,0.0006389679374908107,0.0015462033174008247,0.0003175120595918631,0.9776419936258193,0.02189581932175202,0.0004621870524286317,0.022358006374180655,45,45,6.848389865184707e-40,0.0015462033174008247
15500,15501,77.505,10,6.646551246102856e-07,56,0.003030330166664926,0.0030303301666649253,2.862268103752507e-16,3,0.0015462033174008247,0.0004598947109992603,0.0006389679374908107,0.0015462033174008247,0.0003175120595918631,0.9776419936258193,0.02189581932175202,0.0004621870524286317,0.022358006374180655,45,45,6.848389865184707e-40,0.0015462033174008247
15500,15501,77.505,11,3.171851763601942e-07,72,0.003030330166664926,0.0030303301666649253,2.862268103752507e-16,3,0.0015462033174008247,0.0004598947109992603,0.0006389679374908107,0.0015462033174008247,0.0003175120595918631,0.9776419936258193,0.02189581932175202,0.0004621870524286317,0.022358006374180655,45,45,6.848389865184707e-40,0.0015462033174008247
15500,15501,77.505,12,1.7044594749293803e-07,68,0.003030330166664926,0.0030303301666649253,2.862268103752507e-16,3,0.0015462033174008247,0.0004598947109992603,0.0006389679374908107,0.0015462033174008247,0.0003175120595918631,0.9776419936258193,0.02189581932175202,0.0004621870524286317,0.022358006374180655,45,45,6.848389865184707e-40,0.0015462033174008247
15500,15501,77.505,13,1.0895478563384784e-07,88,0.003030330166664926,0.0030303301666649253,2.862268103752507e-16,3,0.0015462033174008247,0.0004598947109992603,0.0006389679374908107,0.0015462033174008247,0.0003175120595918631,0.9776419936258193,0.02189581932175202,0.0004621870524286317,0.022358006374180655,45,45,6.848389865184707e-40,0.0015462033174008247
15500,15501,77.505,14,5.790208676230577e-08,88,0.003030330166664926,0.0030303301666649253,2.862268103752507e-16,3,0.0015462033174008247,0.0004598947109992603,0.0006389679374908107,0.0015462033174008247,0.0003175120595918631,0.9776419936258193,0.02189581932175202,0.0004621870524286317,0.022358006374180655,45,45,6.848389865184707e-40,0.0015462033174008247
15500,15501,77.505,15,2.7708993586018068e-08,84,0.003030330166664926,0.0030303301666649253,2.862268103752507e-16,3,0.0015462033174008247,0.0004598947109992603,0.0006389679374908107,0.0015462033174008247,0.0003175120595918631,0.9776419936258193,0.02189581932175202,0.0004621870524286317,0.022358006374180655,45,45,6.848389865184707e-40,0.0015462033174008247
15500,15501,77.505,16,2.417831584805714e-08,112,0.003030330166664926,0.0030303301666649253,2.862268103752507e-16,3,0.0015462033174008247,0.0004598947109992603,0.0006389679374908107,0.0015462033174008247,0.0003175120595918631,0.9776419936258193,0.02189581932175202,0.0004621870524286317,0.022358006374180655,45,45,6.848389865184707e-40,0.0015462033174008247
15500,15501,77.505,17,1.4123013522511455e-08,112,0.003030330166664926,0.0030303301666649253,2.862268103752507e-16,3,0.0015462033174008247,0.0004598947109992603,0.0006389679374908107,0.0015462033174008247,0.0003175120595918631,0.9776419936258193,0.02189581932175202,0.0004621870524286317,0.022358006374180655,45,45,6.848389865184707e-40,0.0015462033174008247
15500,15501,77.505,18,6.178690182882276e-09,112,0.003030330166664926,0.0030303301666649253,2.862268103752507e-16,3,0.0015462033174008247,0.0004598947109992603,0.0006389679374908107,0.0015462033174008247,0.0003175120595918631,0.9776419936258193,0.02189581932175202,0.0004621870524286317,0.022358006374180655,45,45,6.848389865184707e-40,0.0015462033174008247
15500,15501,77.505,19,3.81154649298385e-09,116,0.003030330166664926,0.0030303301666649253,2.862268103752507e-16,3,0.0015462033174008247,0.0004598947109992603,0.0006389679374908107,0.0015462033174008247,0.0003175120595918631,0.9776419936258193,0.02189581932175202,0.0004621870524286317,0.022358006374180655,45,45,6.848389865184707e-40,0.0015462033174008247
15500,15501,77.505,20,2.5966304760121333e-09,112,0.003030330166664926,0.0030303301666649253,2.862268103752507e-16,3,0.0015462033174008247,0.0004598947109992603,0.0006389679374908107,0.0015462033174008247,0.0003175120595918631,0.9776419936258193,0.02189581932175202,0.0004621870524286317,0.022358006374180655,45,45,6.848389865184707e-40,0.0015462033174008247
15500,15501,77.505,21,2.1086869435441626e-09,144,0.003030330166664926,0.0030303301666649253,2.862268103752507e-16,3,0.0015462033174008247,0.0004598947109992603,0.0006389679374908107,0.0015462033174008247,0.0003175120595918631,0.9776419936258193,0.02189581932175202,0.0004621870524286317,0.022358006374180655,45,45,6.848389865184707e-40,0.0015462033174008247
15500,15501,77.505,22,5.335965391788547e-10,140,0.003030330166664926,0.0030303301666649253,2.862268103752507e-16,3,0.0015462033174008247,0.0004598947109992603,0.0006389679374908107,0.0015462033174008247,0.0003175120595918631,0.9776419936258193,0.02189581932175202,0.0004621870524286317,0.022358006374180655,45,45,6.848389865184707e-40,0.0015462033174008247
15500,15501,77.505,23,1.3860623712741954e-10,144,0.003030330166664926,0.0030303301666649253,2.862268103752507e-16,3,0.0015462033174008247,0.0004598947109992603,0.0006389679374908107,0.0015462033174008247,0.0003175120595918631,0.9776419936258193,0.02189581932175202,0.0004621870524286317,0.022358006374180655,45,45,6.848389865184707e-40,0.0015462033174008247
15500,15501,77.505,24,4.48193978541167e-11,144,0.003030330166664926,0.0030303301666649253,2.862268103752507e-16,3,0.0015462033174008247,0.0004598947109992603,0.0006389679374908107,0.0015462033174008247,0.0003175120595918631,0.9776419936258193,0.02189581932175202,0.0004621870524286317,0.022358006374180655,45,45,6.848389865184707e-40,0.0015462033174008247
15500,15501,77.505,25,9.102550945256459e-12,168,0.003030330166664926,0.0030303301666649253,2.862268103752507e-16,3,0.0015462033174008247,0.0004598947109992603,0.0006389679374908107,0.0015462033174008247,0.0003175120595918631,0.9776419936258193,0.02189581932175202,0.0004621870524286317,0.022358006374180655,45,45,6.848389865184707e-40,0.0015462033174008247
15500,15501,77.505,26,3.1597859209435793e-12,164,0.003030330166664926,0.0030303301666649253,2.862268103752507e-16,3,0.0015462033174008247,0.0004598947109992603,0.0006389679374908107,0.0015462033174008247,0.0003175120595918631,0.9776419936258193,0.02189581932175202,0.0004621870524286317,0.022358006374180655,45,45,6.848389865184707e-40,0.0015462033174008247
15500,15501,77.505,27,6.270993834187816e-13,160,0.003030330166664926,0.0030303301666649253,2.862268103752507e-16,3,0.0015462033174008247,0.0004598947109992603,0.0006389679374908107,0.0015462033174008247,0.0003175120595918631,0.9776419936258193,0.02189581932175202,0.0004621870524286317,0.022358006374180655,45,45,6.848389865184707e-40,0.0015462033174008247
15500,15501,77.505,28,4.064407325289904e-13,184,0.003030330166664926,0.0030303301666649253,2.862268103752507e-16,3,0.0015462033174008247,0.0004598947109992603,0.0006389679374908107,0.0015462033174008247,0.0003175120595918631,0.9776419936258193,0.02189581932175202,0.0004621870524286317,0.022358006374180655,45,45,6.848389865184707e-40,0.0015462033174008247
15500,15501,77.505,29,4.3163129597859285e-14,172,0.003030330166664926,0.0030303301666649253,2.862268103752507e-16,3,0.0015462033174008247,0.0004598947109992603,0.0006389679374908107,0.0015462033174008247,0.0003175120595918631,0.9776419936258193,0.02189581932175202,0.0004621870524286317,0.022358006374180655,45,45,6.848389865184707e-40,0.0015462033174008247
15500,15501,77.505,30,8.490573388213703e-15,200,0.003030330166664926,0.0030303301666649253,2.862268103752507e-16,3,0.0015462033174008247,0.0004598947109992603,0.0006389679374908107,0.0015462033174008247,0.0003175120595918631,0.9776419936258193,0.02189581932175202,0.0004621870524286317,0.022358006374180655,45,45,6.848389865184707e-40,0.0015462033174008247
15500,15501,77.505,31,1.3712323385908597e-37,192,0.003030330166664926,0.0030303301666649253,2.862268103752507e-16,3,0.0015462033174008247,0.0004598947109992603,0.0006389679374908107,0.0015462033174008247,0.0003175120595918631,0.9776419936258193,0.02189581932175202,0.0004621870524286317,0.022358006374180655,45,45,6.848389865184707e-40,0.0015462033174008247
15500,15501,77.505,32,4.0784388657111955e-38,166,0.003030330166664926,0.0030303301666649253,2.862268103752507e-16,3,0.0015462033174008247,0.0004598947109992603,0.0006389679374908107,0.0015462033174008247,0.0003175120595918631,0.9776419936258193,0.02189581932175202,0.0004621870524286317,0.022358006374180655,45,45,6.848389865184707e-40,0.0015462033174008247
15500,15501,77.505,33,2.4925408250101075e-38,148,0.003030330166664926,0.0030303301666649253,2.862268103752507e-16,3,0.0015462033174008247,0.0004598947109992603,0.0006389679374908107,0.0015462033174008247,0.0003175120595918631,0.9776419936258193,0.02189581932175202,0.0004621870524286317,0.022358006374180655,45,45,6.848389865184707e-40,0.0015462033174008247
15500,15501,77.505,34,2.2341423155051173e-38,128,0.003030330166664926,0.0030303301666649253,2.862268103752507e-16,3,0.0015462033174008247,0.0004598947109992603,0.0006389679374908107,0.0015462033174008247,0.0003175120595918631,0.9776419936258193,0.02189581932175202,0.0004621870524286317,0.022358006374180655,45,45,6.848389865184707e-40,0.0015462033174008247
15500,15501,77.505,35,1.3218684074475918e-38,104,0.003030330166664926,0.0030303301666649253,2.862268103752507e-16,3,0.0015462033174008247,0.0004598947109992603,0.0006389679374908107,0.0015462033174008247,0.0003175120595918631,0.9776419936258193,0.02189581932175202,0.0004621870524286317,0.022358006374180655,45,45,6.848389865184707e-40,0.0015462033174008247
15500,15501,77.505,36,1.4199969199257797e-38,88,0.003030330166664926,0.0030303301666649253,2.862268103752507e-16,3,0.0015462033174008247,0.0004598947109992603,0.0006389679374908107,0.0015462033174008247,0.0003175120595918631,0.9776419936258193,0.02189581932175202,0.0004621870524286317,0.022358006374180655,45,45,6.848389865184707e-40,0.0015462033174008247
15500,15501,77.505,37,1.0300201507576643e-38,76,0.003030330166664926,0.0030303301666649253,2.862268103752507e-16,3,0.0015462033174008247,0.0004598947109992603,0.0006389679374908107,0.0015462033174008247,0.0003175120595918631,0.9776419936258193,0.02189581932175202,0.0004621870524286317,0.022358006374180655,45,45,6.848389865184707e-40,0.0015462033174008247
15500,15501,77.505,38,8.489101845870112e-39,68,0.003030330166664926,0.0030303301666649253,2.862268103752507e-16,3,0.0015462033174008247,0.0004598947109992603,0.0006389679374908107,0.0015462033174008247,0.0003175120595918631,0.9776419936258193,0.02189581932175202,0.0004621870524286317,0.022358006374180655,45,45,6.848389865184707e-40,0.0015462033174008247
15500,15501,77.505,39,6.478877829989093e-39,48,0.003030330166664926,0.0030303301666649253,2.862268103752507e-16,3,0.0015462033174008247,0.0004598947109992603,0.0006389679374908107,0.0015462033174008247,0.0003175120595918631,0.9776419936258193,0.02189581932175202,0.0004621870524286317,0.022358006374180655,45,45,6.848389865184707e-40,0.0015462033174008247
15500,15501,77.505,40,5.4733148195050725e-39,56,0.003030330166664926,0.0030303301666649253,2.862268103752507e-16,3,0.0015462033174008247,0.0004598947109992603,0.0006389679374908107,0.0015462033174008247,0.0003175120595918631,0.9776419936258193,0.02189581932175202,0.0004621870524286317,0.022358006374180655,45,45,6.848389865184707e-40,0.0015462033174008247
15500,15501,77.505,41,3.9022168816982866e-39,28,0.003030330166664926,0.0030303301666649253,2.862268103752507e-16,3,0.0015462033174008247,0.0004598947109992603,0.0006389679374908107,0.0015462033174008247,0.0003175120595918631,0.9776419936258193,0.02189581932175202,0.0004621870524286317,0.022358006374180655,45,45,6.848389865184707e-40,0.0015462033174008247
15500,15501,77.505,42,3.804562462593842e-39,32,0.003030330166664926,0.0030303301666649253,2.862268103752507e-16,3,0.0015462033174008247,0.0004598947109992603,0.0006389679374908107,0.0015462033174008247,0.0003175120595918631,0.9776419936258193,0.02189581932175202,0.0004621870524286317,0.022358006374180655,45,45,6.848389865184707e-40,0.0015462033174008247
15500,15501,77.505,43,6.848389865184707e-40,16,0.003030330166664926,0.0030303301666649253,2.862268103752507e-16,3,0.0015462033174008247,0.0004598947109992603,0.0006389679374908107,0.0015462033174008247,0.0003175120595918631,0.9776419936258193,0.02189581932175202,0.0004621870524286317,0.022358006374180655,45,45,6.848389865184707e-40,0.0015462033174008247
15500,15501,77.505,44,8.589889990347763e-40,8,0.003030330166664926,0.0030303301666649253,2.862268103752507e-16,3,0.0015462033174008247,0.0004598947109992603,0.0006389679374908107,0.0015462033174008247,0.0003175120595918631,0.9776419936258193,0.02189581932175202,0.0004621870524286317,0.022358006374180655,45,45,6.848389865184707e-40,0.0015462033174008247
15500,15501,77.505,45,1.1516054336807174e-39,5,0.003030330166664926,0.0030303301666649253,2.862268103752507e-16,3,0.0015462033174008247,0.0004598947109992603,0.0006389679374908107,0.0015462033174008247,0.0003175120595918631,0.9776419936258193,0.02189581932175202,0.0004621870524286317,0.022358006374180655,45,45,6.848389865184707e-40,0.0015462033174008247
16000,16001,80.005,1,0.0004748821977541971,8,0.003060138015577159,0.003060138015577159,0.0,3,0.0014183484016333796,0.0004748821977541971,0.0007655467469933534,0.0014183484016333796,0.00033060126860581936,0.9768770557961047,0.022552414573315475,0.0005705296305795767,0.023122944203895053,45,45,3.3760265216752034e-40,0.0014183484016333796
16000,16001,80.005,2,0.0007655467469933534,12,0.003060138015577159,0.003060138015577159,0.0,3,0.0014183484016333796,0.0004748821977541971,0.0007655467469933534,0.0014183484016333796,0.00033060126860581936,0.9768770557961047,0.022552414573315475,0.0005705296305795767,0.023122944203895053,45,45,3.3760265216752034e-40,0.0014183484016333796
16000,16001,80.005,3,0.0014183484016333796,16,0.003060138015577159,0.003060138015577159,0.0,3,0.0014183484016333796,0.0004748821977541971,0.0007655467469933534,0.0014183484016333796,0.00033060126860581936,0.9768770557961047,0.022552414573315475,0.0005705296305795767,0.023122944203895053,45,45,3.3760265216752034e-40,0.0014183484016333796
16000,16001,80.005,4,0.00033060126860581936,32,0.003060138015577159,0.003060138015577159,0.0,3,0.0014183484016333796,0.0004748821977541971,0.0007655467469933534,0.0014183484016333796,0.00033060126860581936,0.9768770557961047,0.022552414573315475,0.0005705296305795767,0.023122944203895053,45,45,3.3760265216752034e-40,0.0014183484016333796
16000,16001,80.005,5,4.059127588571011e-05,28,0.003060138015577159,0.003060138015577159,0.0,3,0.0014183484016333796,0.0004748821977541971,0.0007655467469933534,0.0014183484016333796,0.00033060126860581936,0.9768770557961047,0.022552414573315475,0.0005705296305795767,0.023122944203895053,45,45,3.3760265216752034e-40,0.0014183484016333796
16000,16001,80.005,6,1.9115378279513852e-05,40,0.003060138015577159,0.003060138015577159,0.0,3,0.0014183484016333796,0.0004748821977541971,0.0007655467469933534,0.0014183484016333796,0.00033060126860581936,0.9768770557961047,0.022552414573315475,0.0005705296305795767,0.023122944203895053,45,45,3.3760265216752034e-40,0.0014183484016333796
16000,16001,80.005,7,4.946853150956404e-06,40,0.003060138015577159,0.003060138015577159,0.0,3,0.0014183484016333796,0.0004748821977541971,0.0007655467469933534,0.0014183484016333796,0.00033060126860581936,0.9768770557961047,0.022552414573315475,0.0005705296305795767,0.023122944203895053,45,45,3.3760265216752034e-40,0.0014183484016333796
16000,16001,80.005,8,2.9358245012995995e-06,48,0.003060138015577159,0.003060138015577159,0.0,3,0.0014183484016333796,0.0004748821977541971,0.0007655467469933534,0.0014183484016333796,0.00033060126860581936,0.9768770557961047,0.022552414573315475,0.0005705296305795767,0.023122944203895053,45,45,3.3760265216752034e-40,0.0014183484016333796
16000,16001,80.005,9,1.424169361379057e-06,68,0.003060138015577159,0.003060138015577159,0.0,3,0.0014183484016333796,0.0004748821977541971,0.0007655467469933534,0.0014183484016333796,0.00033060126860581936,0.9768770557961047,0.022552414573315475,0.0005705296305795767,0.023122944203895053,45,45,3.3760265216752034e-40,0.0014183484016333796
16000,16001,80.005,10,8.379692557021822e-07,56,0.003060138015577159,0.003060138015577159,0.0,3,0.0014183484016333796,0.0004748821977541971,0.0007655467469933534,0.0014183484016333796,0.00033060126860581936,0.9768770557961047,0.022552414573315475,0.0005705296305795767,0.023122944203895053,45,45,3.3760265216752034e-40,0.0014183484016333796
16000,16001,80.005,11,3.9890542473289133e-07,72,0.003060138015577159,0.003060138015577159,0.0,3,0.0014183484016333796,0.0004748821977541971,0.0007655467469933534,0.0014183484016333796,0.00033060126860581936,0.9768770557961047,0.022552414573315475,0.0005705296305795767,0.023122944203895053,45,45,3.3760265216752034e-40,0.0014183484016333796
16000,16001,80.005,12,1.9678498802789704e-07,68,0.003060138015577159,0.003060138015577159,0.0,3,0.0014183484016333796,0.0004748821977541971,0.0007655467469933534,0.0014183484016333796,0.00033060126860581936,0.9768770557961047,0.022552414573315475,0.0005705296305795767,0.023122944203895053,45,45,3.3760265216752034e-40,0.0014183484016333796
16000,16001,80.005,13,1.3324398825947606e-07,88,0.003060138015577159,0.003060138015577159,0.0,3,0.0014183484016333796,0.0004748821977541971,0.0007655467469933534,0.0014183484016333796,0.00033060126860581936,0.9768770557961047,0.022552414573315475,0.0005705296305795767,0.023122944203895053,45,45,3.3760265216752034e-40,0.0014183484016333796
16000,16001,80.005,14,7.560883831250862e-08,88,0.003060138015577159,0.003060138015577159,0.0,3,0.0014183484016333796,0.0004748821977541971,0.0007655467469933534,0.0014183484016333796,0.00033060126860581936,0.9768770557961047,0.022552414573315475,0.0005705296305795767,0.023122944203895053,45,45,3.3760265216752034e-40,0.0014183484016333796
16000,16001,80.005,15,3.6439444290850814e-08,84,0.003060138015577159,0.003060138015577159,0.0,3,0.0014183484016333796,0.0004748821977541971,0.0007655467469933534,0.0014183484016333796,0.00033060126860581936,0.9768770557961047,0.022552414573315475,0.0005705296305795767,0.023122944203895053,45,45,3.3760265216752034e-40,0.0014183484016333796
16000,16001,80.005,16,2.9104628571347687e-08,112,0.003060138015577159,0.003060138015577159,0.0,3,0.0014183484016333796,0.0004748821977541971,0.0007655467469933534,0.0014183484016333796,0.00033060126860581936,0.9768770557961047,0.022552414573315475,0.0005705296305795767,0.023122944203895053,45,45,3.3760265216752034e-40,0.0014183484016333796
16000,16001,80.005,17,1.6741966598580136e-08,112,0.003060138015577159,0.003060138015577159,0.0,3,0.0014183484016333796,0.0004748821977541971,0.0007655467469933534,0.0014183484016333796,0.00033060126860581936,0.9768770557961047,0.022552414573315475,0.0005705296305795767,0.023122944203895053,45,45,3.3760265216752034e-40,0.0014183484016333796
16000,16001,80.005,18,8.625627867532356e-09,112,0.003060138015577159,0.003060138015577159,0.0,3,0.0014183484016333796,0.0004748821977541971,0.0007655467469933534,0.0014183484016333796,0.00033060126860581936,0.9768770557961047,0.022552414573315475,0.0005705296305795767,0.023122944203895053,45,45,3.3760265216752034e-40,0.0014183484016333796
16000,16001,80.005,19,5.232903027691376e-09,116,0.003060138015577159,0.003060138015577159,0.0,3,0.0014183484016333796,0.0004748821977541971,0.0007655467469933534,0.0014183484016333796,0.00033060126860581936,0.9768770557961047,0.022552414573315475,0.0005705296305795767,0.023122944203895053,45,45,3.3760265216752034e-40,0.0014183484016333796
16000,16001,80.005,20,3.5313123555322007e-09,112,0.003060138015577159,0.003060138015577159,0.0,3,0.0014183484016333796,0.0004748821977541971,0.0007655467469933534,0.0014183484016333796,0.00033060126860581936,0.9768770557961047,0.022552414573315475,0.0005705296305795767,0.023122944203895053,45,45,3.3760265216752034e-40,0.0014183484016333796
16000,16001,80.005,21,2.6596047258698702e-09,144,0.003060138015577159,0.003060138015577159,0.0,3,0.0014183484016333796,0.0004748821977541971,0.0007655467469933534,0.0014183484016333796,0.00033060126860581936,0.9768770557961047,0.022552414573315475,0.0005705296305795767,0.023122944203895053,45,45,3.3760265216752034e-40,0.0014183484016333796
16000,16001,80.005,22,7.587670925361555e-10,140,0.003060138015577159,0.003060138015577159,0.0,3,0.0014183484016333796,0.0004748821977541971,0.0007655467469933534,0.0014183484016333796,0.00033060126860581936,0.9768770557961047,0.022552414573315475,0.0005705296305795767,0.023122944203895053,45,45,3.3760265216752034e-40,0.0014183484016333796
16000,16001,80.005,23,1.799075933363473e-10,144,0.003060138015577159,0.003060138015577159,0.0,3,0.0014183484016333796,0.0004748821977541971,0.0007655467469933534,0.0014183484016333796,0.00033060126860581936,0.9768770557961047,0.022552414573315475,0.0005705296305795767,0.023122944203895053,45,45,3.3760265216752034e-40,0.0014183484016333796
16000,16001,80.005,24,8.174186386709028e-11,144,0.003060138015577159,0.003060138015577159,0.0,3,0.0014183484016333796,0.0004748821977541971,0.0007655467469933534,0.0014183484016333796,0.00033060126860581936,0.9768770557961047,0.022552414573315475,0.0005705296305795767,0.023122944203895053,45,45,3.3760265216752034e-40,0.0014183484016333796
16000,16001,80.005,25,2.153949541070439e-11,168,0.003060138015577159,0.003060138015577159,0.0,3,0.0014183484016333796,0.0004748821977541971,0.0007655467469933534,0.0014183484016333796,0.00033060126860581936,0.9768770557961047,0.022552414573315475,0.0005705296305795767,0.023122944203895053,45,45,3.3760265216752034e-40,0.0014183484016333796
16000,16001,80.005,26,7.2057988705898195e-12,164,0.003060138015577159,0.003060138015577159,0.0,3,0.0014183484016333796,0.0004748821977541971,0.0007655467469933534,0.0014183484016333796,0.00033060126860581936,0.9768770557961047,0.022552414573315475,0.0005705296305795767,0.023122944203895053,45,45,3.3760265216752034e-40,0.0014183484016333796
16000,16001,80.005,27,1.3752225374079456e-12,160,0.003060138015577159,0.003060138015577159,0.0,3,0.0014183484016333796,0.0004748821977541971,0.0007655467469933534,0.0014183484016333796,0.00033060126860581936,0.9768770557961047,0.022552414573315475,0.0005705296305795767,0.023122944203895053,45,45,3.3760265216752034e-40,0.0014183484016333796
16000,16001,80.005,28,7.749949368219534e-13,184,0.003060138015577159,0.003060138015577159,0.0,3,0.0014183484016333796,0.0004748821977541971,0.0007655467469933534,0.0014183484016333796,0.00033060126860581936,0.9768770557961047,0.022552414573315475,0.0005705296305795767,0.023122944203895053,45,45,3.3760265216752034e-40,0.0014183484016333796
16000,16001,80.005,29,9.062487131613602e-14,172,0.003060138015577159,0.003060138015577159,0.0,3,0.0014183484016333796,0.0004748821977541971,0.0007655467469933534,0.0014183484016333796,0.00033060126860581936,0.9768770557961047,0.022552414573315475,0.0005705296305795767,0.023122944203895053,45,45,3.3760265216752034e-40,0.0014183484016333796
16000,16001,80.005,30,2.63910292818813e-14,200,0.003060138015577159,0.003060138015577159,0.0,3,0.0014183484016333796,0.0004748821977541971,0.0007655467469933534,0.0014183484016333796,0.00033060126860581936,0.9768770557961047,0.022552414573315475,0.0005705296305795767,0.023122944203895053,45,45,3.3760265216752034e-40,0.0014183484016333796
16000,16001,80.005,31,1.8796148739211153e-37,192,0.003060138015577159,0.003060138015577159,0.0,3,0.0014183484016333796,0.0004748821977541971,0.0007655467469933534,0.0014183484016333796,0.00033060126860581936,0.9768770557961047,0.022552414573315475,0.0005705296305795767,0.023122944203895053,45,45,3.3760265216752034e-40,0.0014183484016333796
16000,16001,80.005,32,4.570001171939079e-38,166,0.003060138015577159,0.003060138015577159,0.0,3,0.0014183484016333796,0.0004748821977541971,0.0007655467469933534,0.0014183484016333796,0.00033060126860581936,0.9768770557961047,0.022552414573315475,0.0005705296305795767,0.023122944203895053,45,45,3.3760265216752034e-40,0.0014183484016333796
16000,16001,80.005,33,2.857228698157216e-38,148,0.003060138015577159,0.003060138015577159,0.0,3,0.0014183484016333796,0.0004748821977541971,0.0007655467469933534,0.0014183484016333796,0.00033060126860581936,0.9768770557961047,0.022552414573315475,0.0005705296305795767,0.023122944203895053,45,45,3.3760265216752034e-40,0.0014183484016333796
16000,16001,80.005,34,2.43658021262249e-38,128,0.003060138015577159,0.003060138015577159,0.0,3,0.0014183484016333796,0.0004748821977541971,0.0007655467469933534,0.0014183484016333796,0.00033060126860581936,0.9768770557961047,0.022552414573315475,0.0005705296305795767,0.023122944203895053,45,45,3.3760265216752034e-40,0.0014183484016333796
16000,16001,80.005,35,1.6576754046342212e-38,104,0.003060138015577159,0.003060138015577159,0.0,3,0.0014183484016333796,0.0004748821977541971,0.0007655467469933534,0.0014183484016333796,0.00033060126860581936,0.9768770557961047,0.022552414573315475,0.0005705296305795767,0.023122944203895053,45,45,3.3760265216752034e-40,0.0014183484016333796
16000,16001,80.005,36,1.3144224746926756e-38,88,0.003060138015577159,0.003060138015577159,0.0,3,0.0014183484016333796,0.0004748821977541971,0.0007655467469933534,0.0014183484016333796,0.00033060126860581936,0.9768770557961047,0.022552414573315475,0.0005705296305795767,0.023122944203895053,45,45,3.3760265216752034e-40,0.0014183484016333796
16000,16001,80.005,37,9.78124974609902e-39,76,0.003060138015577159,0.003060138015577159,0.0,3,0.0014183484016333796,0.0004748821977541971,0.0007655467469933534,0.0014183484016333796,0.00033060126860581936,0.9768770557961047,0.022552414573315475,0.0005705296305795767,0.023122944203895053,45,45,3.3760265216752034e-40,0.0014183484016333796
16000,16001,80.005,38,9.732548879679894e-39,68,0.003060138015577159,0.003060138015577159,0.0,3,0.0014183484016333796,0.0004748821977541971,0.0007655467469933534,0.0014183484016333796,0.00033060126860581936,0.9768770557961047,0.022552414573315475,0.0005705296305795767,0.023122944203895053,45,45,3.3760265216752034e-40,0.0014183484016333796
16000,16001,80.005,39,4.7878612254338804e-39,48,0.003060138015577159,0.003060138015577159,0.0,3,0.0014183484016333796,0.0004748821977541971,0.0007655467469933534,0.0014183484016333796,0.00033060126860581936,0.9768770557961047,0.022552414573315475,0.0005705296305795767,0.023122944203895053,45,45,3.3760265216752034e-40,0.0014183484016333796
16000,16001,80.005,40,6.18447042729319e-39,56,0.003060138015577159,0.003060138015577159,0.0,3,0.0014183484016333796,0.0004748821977541971,0.0007655467469933534,0.0014183484016333796,0.00033060126860581936,0.9768770557961047,0.022552414573315475,0.0005705296305795767,0.023122944203895053,45,45,3.3760265216752034e-40,0.0014183484016333796
16000,16001,80.005,41,3.5949770849232745e-39,28,0.003060138015577159,0.003060138015577159,0.0,3,0.0014183484016333796,0.0004748821977541971,0.0007655467469933534,0.0014183484016333796,0.00033060126860581936,0.9768770557961047,0.022552414573315475,0.0005705296305795767,0.023122944203895053,45,45,3.3760265216752034e-40,0.0014183484016333796
16000,16001,80.005,42,6.076544351597164e-39,32,0.003060138015577159,0.003060138015577159,0.0,3,0.0014183484016333796,0.0004748821977541971,0.0007655467469933534,0.0014183484016333796,0.00033060126860581936,0.9768770557961047,0.022552414573315475,0.0005705296305795767,0.023122944203895053,45,45,3.3760265216752034e-40,0.0014183484016333796
16000,16001,80.005,43,2.392260059007585e-39,16,0.003060138015577159,0.003060138015577159,0.0,3,0.0014183484016333796,0.0004748821977541971,0.0007655467469933534,0.0014183484016333796,0.00033060126860581936,0.9768770557961047,0.022552414573315475,0.0005705296305795767,0.023122944203895053,45,45,3.3760265216752034e-40,0.0014183484016333796
16000,16001,80.005,44,4.4368917008563145e-40,8,0.003060138015577159,0.003060138015577159,0.0,3,0.0014183484016333796,0.0004748821977541971,0.0007655467469933534,0.0014183484016333796,0.00033060126860581936,0.9768770557961047,0.022552414573315475,0.0005705296305795767,0.023122944203895053,45,45,3.3760265216752034e-40,0.0014183484016333796
16000,16001,80.005,45,3.3760265216752034e-40,5,0.003060138015577159,0.003060138015577159,0.0,3,0.0014183484016333796,0.0004748821977541971,0.0007655467469933534,0.0014183484016333796,0.00033060126860581936,0.9768770557961047,0.022552414573315475,0.0005705296305795767,0.023122944203895053,45,45,3.3760265216752034e-40,0.0014183484016333796
16500,16501,82.505,1,0.0004846903671707634,8,0.003076489008956313,0.003076489008956313,0.0,3,0.0012945822041728191,0.0004846903671707634,0.0008876201985108353,0.0012945822041728191,0.0003391189038364819,0.9770916343077324,0.0222553152204772,0.000653050471790508,0.022908365692267705,45,45,3.0113389038761878e-40,0.0012945822041728191
16500,16501,82.505,2,0.0008876201985108353,12,0.003076489008956313,0.003076489008956313,0.0,3,0.0012945822041728191,0.0004846903671707634,0.0008876201985108353,0.0012945822041728191,0.0003391189038364819,0.9770916343077324,0.0222553152204772,0.000653050471790508,0.022908365692267705,45,45,3.0113389038761878e-40,0.0012945822041728191
16500,16501,82.505,3,0.0012945822041728191,16,0.003076489008956313,0.003076489008956313,0.0,3,0.0012945822041728191,0.0004846903671707634,0.0008876201985108353,0.0012945822041728191,0.0003391189038364819,0.9770916343077324,0.0222553152204772,0.000653050471790508,0.022908365692267705,45,45,3.0113389038761878e-40,0.0012945822041728191
16500,16501,82.505,4,0.0003391189038364819,32,0.003076489008956313,0.003076489008956313,0.0,3,0.0012945822041728191,0.0004846903671707634,0.0008876201985108353,0.0012945822041728191,0.0003391189038364819,0.9770916343077324,0.0222553152204772,0.000653050471790508,0.022908365692267705,45,45,3.0113389038761878e-40,0.0012945822041728191
16500,16501,82.505,5,3.7505867863485504e-05,28,0.003076489008956313,0.003076489008956313,0.0,3,0.0012945822041728191,0.0004846903671707634,0.0008876201985108353,0.0012945822041728191,0.0003391189038364819,0.9770916343077324,0.0222553152204772,0.000653050471790508,0.022908365692267705,45,45,3.0113389038761878e-40,0.0012945822041728191
16500,16501,82.505,6,2.0154896062407302e-05,40,0.003076489008956313,0.003076489008956313,0.0,3,0.0012945822041728191,0.0004846903671707634,0.0008876201985108353,0.0012945822041728191,0.0003391189038364819,0.9770916343077324,0.0222553152204772,0.000653050471790508,0.022908365692267705,45,45,3.0113389038761878e-40,0.0012945822041728191
16500,16501,82.505,7,6.174492916600651e-06,40,0.003076489008956313,0.003076489008956313,0.0,3,0.0012945822041728191,0.0004846903671707634,0.0008876201985108353,0.0012945822041728191,0.0003391189038364819,0.9770916343077324,0.0222553152204772,0.000653050471790508,0.022908365692267705,45,45,3.0113389038761878e-40,0.0012945822041728191
16500,16501,82.505,8,3.144042864304167e-06,48,0.003076489008956313,0.003076489008956313,0.0,3,0.0012945822041728191,0.0004846903671707634,0.0008876201985108353,0.0012945822041728191,0.0003391189038364819,0.9770916343077324,0.0222553152204772,0.000653050471790508,0.022908365692267705,45,45,3.0113389038761878e-40,0.0012945822041728191
16500,16501,82.505,9,1.4889329598586253e-06,68,0.003076489008956313,0.003076489008956313,0.0,3,0.0012945822041728191,0.0004846903671707634,0.0008876201985108353,0.0012945822041728191,0.0003391189038364819,0.9770916343077324,0.0222553152204772,0.000653050471790508,0.022908365692267705,45,45,3.0113389038761878e-40,0.0012945822041728191
16500,16501,82.505,10,9.269882300019682e-07,56,0.003076489008956313,0.003076489008956313,0.0,3,0.0012945822041728191,0.0004846903671707634,0.0008876201985108353,0.0012945822041728191,0.0003391189038364819,0.9770916343077324,0.0222553152204772,0.000653050471790508,0.022908365692267705,45,45,3.0113389038761878e-40,0.0012945822041728191
16500,16501,82.505,11,4.692822150274641e-07,72,0.003076489008956313,0.003076489008956313,0.0,3,0.0012945822041728191,0.0004846903671707634,0.0008876201985108353,0.0012945822041728191,0.0003391189038364819,0.9770916343077324,0.0222553152204772,0.000653050471790508,0.022908365692267705,45,45,3.0113389038761878e-40,0.0012945822041728191
16500,16501,82.505,12,2.4062174849370155e-07,68,0.003076489008956313,0.003076489008956313,0.0,3,0.0012945822041728191,0.0004846903671707634,0.0008876201985108353,0.0012945822041728191,0.0003391189038364819,0.9770916343077324,0.0222553152204772,0.000653050471790508,0.022908365692267705,45,45,3.0113389038761878e-40,0.0012945822041728191
16500,16501,82.505,13,1.515917154236864e-07,88,0.003076489008956313,0.003076489008956313,0.0,3,0.0012945822041728191,0.0004846903671707634,0.0008876201985108353,0.0012945822041728191,0.0003391189038364819,0.9770916343077324,0.0222553152204772,0.000653050471790508,0.022908365692267705,45,45,3.0113389038761878e-40,0.0012945822041728191
16500,16501,82.505,14,9.231816392304754e-08,88,0.003076489008956313,0.003076489008956313,0.0,3,0.0012945822041728191,0.0004846903671707634,0.0008876201985108353,0.0012945822041728191,0.0003391189038364819,0.9770916343077324,0.0222553152204772,0.000653050471790508,0.022908365692267705,45,45,3.0113389038761878e-40,0.0012945822041728191
16500,16501,82.505,15,4.780750136225e-08,84,0.003076489008956313,0.003076489008956313,0.0,3,0.0012945822041728191,0.0004846903671707634,0.0008876201985108353,0.0012945822041728191,0.0003391189038364819,0.9770916343077324,0.0222553152204772,0.000653050471790508,0.022908365692267705,45,45,3.0113389038761878e-40,0.0012945822041728191
16500,16501,82.505,16,3.587897820508436e-08,112,0.003076489008956313,0.003076489008956313,0.0,3,0.0012945822041728191,0.0004846903671707634,0.0008876201985108353,0.0012945822041728191,0.0003391189038364819,0.9770916343077324,0.0222553152204772,0.000653050471790508,0.022908365692267705,45,45,3.0113389038761878e-40,0.0012945822041728191
16500,16501,82.505,17,1.8179304140663424e-08,112,0.003076489008956313,0.003076489008956313,0.0,3,0.0012945822041728191,0.0004846903671707634,0.0008876201985108353,0.0012945822041728191,0.0003391189038364819,0.9770916343077324,0.0222553152204772,0.000653050471790508,0.022908365692267705,45,45,3.0113389038761878e-40,0.0012945822041728191
16500,16501,82.505,18,1.0477393258059994e-08,112,0.003076489008956313,0.003076489008956313,0.0,3,0.0012945822041728191,0.0004846903671707634,0.0008876201985108353,0.0012945822041728191,0.0003391189038364819,0.9770916343077324,0.0222553152204772,0.000653050471790508,0.022908365692267705,45,45,3.0113389038761878e-40,0.0012945822041728191
16500,16501,82.505,19,6.923034135544963e-09,116,0.003076489008956313,0.003076489008956313,0.0,3,0.0012945822041728191,0.0004846903671707634,0.0008876201985108353,0.0012945822041728191,0.0003391189038364819,0.9770916343077324,0.0222553152204772,0.000653050471790508,0.022908365692267705,45,45,3.0113389038761878e-40,0.0012945822041728191
16500,16501,82.505,20,4.346452120347942e-09,112,0.003076489008956313,0.003076489008956313,0.0,3,0.0012945822041728191,0.0004846903671707634,0.0008876201985108353,0.0012945822041728191,0.0003391189038364819,0.9770916343077324,0.0222553152204772,0.000653050471790508,0.022908365692267705,45,45,3.0113389038761878e-40,0.0012945822041728191
16500,16501,82.505,21,3.21042256288592e-09,144,0.003076489008956313,0.003076489008956313,0.0,3,0.0012945822041728191,0.0004846903671707634,0.0008876201985108353,0.0012945822041728191,0.0003391189038364819,0.9770916343077324,0.0222553152204772,0.000653050471790508,0.022908365692267705,45,45,3.0113389038761878e-40,0.0012945822041728191
16500,16501,82.505,22,1.1151240379471902e-09,140,0.003076489008956313,0.003076489008956313,0.0,3,0.0012945822041728191,0.0004846903671707634,0.0008876201985108353,0.0012945822041728191,0.0003391189038364819,0.9770916343077324,0.0222553152204772,0.000653050471790508,0.022908365692267705,45,45,3.0113389038761878e-40,0.0012945822041728191
16500,16501,82.505,23,2.0370755266159533e-10,144,0.003076489008956313,0.003076489008956313,0.0,3,0.0012945822041728191,0.0004846903671707634,0.0008876201985108353,0.0012945822041728191,0.0003391189038364819,0.9770916343077324,0.0222553152204772,0.000653050471790508,0.022908365692267705,45,45,3.0113389038761878e-40,0.0012945822041728191
16500,16501,82.505,24,1.0194942052513733e-10,144,0.003076489008956313,0.003076489008956313,0.0,3,0.0012945822041728191,0.0004846903671707634,0.0008876201985108353,0.0012945822041728191,0.0003391189038364819,0.9770916343077324,0.0222553152204772,0.000653050471790508,0.022908365692267705,45,45,3.0113389038761878e-40,0.0012945822041728191
16500,16501,82.505,25,3.706633391988829e-11,168,0.003076489008956313,0.003076489008956313,0.0,3,0.0012945822041728191,0.0004846903671707634,0.0008876201985108353,0.0012945822041728191,0.0003391189038364819,0.9770916343077324,0.0222553152204772,0.000653050471790508,0.022908365692267705,45,45,3.0113389038761878e-40,0.0012945822041728191
16500,16501,82.505,26,1.4234551080208805e-11,164,0.003076489008956313,0.003076489008956313,0.0,3,0.0012945822041728191,0.0004846903671707634,0.0008876201985108353,0.0012945822041728191,0.0003391189038364819,0.9770916343077324,0.0222553152204772,0.000653050471790508,0.022908365692267705,45,45,3.0113389038761878e-40,0.0012945822041728191
16500,16501,82.505,27,3.0450230252861193e-12,160,0.003076489008956313,0.003076489008956313,0.0,3,0.0012945822041728191,0.0004846903671707634,0.0008876201985108353,0.0012945822041728191,0.0003391189038364819,0.9770916343077324,0.0222553152204772,0.000653050471790508,0.022908365692267705,45,45,3.0113389038761878e-40,0.0012945822041728191
16500,16501,82.505,28,1.996349757602402e-12,184,0.003076489008956313,0.003076489008956313,0.0,3,0.0012945822041728191,0.0004846903671707634,0.0008876201985108353,0.0012945822041728191,0.0003391189038364819,0.9770916343077324,0.0222553152204772,0.000653050471790508,0.022908365692267705,45,45,3.0113389038761878e-40,0.0012945822041728191
16500,16501,82.505,29,2.627665305507359e-13,172,0.003076489008956313,0.003076489008956313,0.0,3,0.0012945822041728191,0.0004846903671707634,0.0008876201985108353,0.0012945822041728191,0.0003391189038364819,0.9770916343077324,0.0222553152204772,0.000653050471790508,0.022908365692267705,45,45,3.0113389038761878e-40,0.0012945822041728191
16500,16501,82.505,30,5.4067080645135155e-14,200,0.003076489008956313,0.003076489008956313,0.0,3,0.0012945822041728191,0.0004846903671707634,0.0008876201985108353,0.0012945822041728191,0.0003391189038364819,0.9770916343077324,0.0222553152204772,0.000653050471790508,0.022908365692267705,45,45,3.0113389038761878e-40,0.0012945822041728191
16500,16501,82.505,31,1.6870316567862073e-37,192,0.003076489008956313,0.003076489008956313,0.0,3,0.0012945822041728191,0.0004846903671707634,0.0008876201985108353,0.0012945822041728191,0.0003391189038364819,0.9770916343077324,0.0222553152204772,0.000653050471790508,0.022908365692267705,45,45,3.0113389038761878e-40,0.0012945822041728191
16500,16501,82.505,32,3.7164521333631563e-38,166,0.003076489008956313,0.003076489008956313,0.0,3,0.0012945822041728191,0.0004846903671707634,0.0008876201985108353,0.0012945822041728191,0.0003391189038364819,0.9770916343077324,0.0222553152204772,0.000653050471790508,0.022908365692267705,45,45,3.0113389038761878e-40,0.0012945822041728191
16500,16501,82.505,33,2.2365306520001677e-38,148,0.003076489008956313,0.003076489008956313,0.0,3,0.0012945822041728191,0.0004846903671707634,0.0008876201985108353,0.0012945822041728191,0.0003391189038364819,0.9770916343077324,0.0222553152204772,0.000653050471790508,0.022908365692267705,45,45,3.0113389038761878e-40,0.0012945822041728191
16500,16501,82.505,34,1.8857056634545894e-38,128,0.003076489008956313,0.003076489008956313,0.0,3,0.0012945822041728191,0.0004846903671707634,0.0008876201985108353,0.0012945822041728191,0.0003391189038364819,0.9770916343077324,0.0222553152204772,0.000653050471790508,0.022908365692267705,45,45,3.0113389038761878e-40,0.0012945822041728191
16500,16501,82.505,35,1.1606450305300356e-38,104,0.003076489008956313,0.003076489008956313,0.0,3,0.0012945822041728191,0.0004846903671707634,0.0008876201985108353,0.0012945822041728191,0.0003391189038364819,0.9770916343077324,0.0222553152204772,0.000653050471790508,0.022908365692267705,45,45,3.0113389038761878e-40,0.0012945822041728191
16500,16501,82.505,36,1.2909094904033455e-38,88,0.003076489008956313,0.003076489008956313,0.0,3,0.0012945822041728191,0.0004846903671707634,0.0008876201985108353,0.0012945822041728191,0.0003391189038364819,0.9770916343077324,0.0222553152204772,0.000653050471790508,0.022908365692267705,45,45,3.0113389038761878e-40,0.0012945822041728191
16500,16501,82.505,37,9.051035869613081e-39,76,0.003076489008956313,0.003076489008956313,0.0,3,0.0012945822041728191,0.0004846903671707634,0.0008876201985108353,0.0012945822041728191,0.0003391189038364819,0.9770916343077324,0.0222553152204772,0.000653050471790508,0.022908365692267705,45,45,3.0113389038761878e-40,0.0012945822041728191
16500,16501,82.505,38,1.0977907799108504e-38,68,0.003076489008956313,0.003076489008956313,0.0,3,0.0012945822041728191,0.0004846903671707634,0.0008876201985108353,0.0012945822041728191,0.0003391189038364819,0.9770916343077324,0.0222553152204772,0.000653050471790508,0.022908365692267705,45,45,3.0113389038761878e-40,0.0012945822041728191
16500,16501,82.505,39,7.264036594891929e-39,48,0.003076489008956313,0.003076489008956313,0.0,3,0.0012945822041728191,0.0004846903671707634,0.0008876201985108353,0.0012945822041728191,0.0003391189038364819,0.9770916343077324,0.0222553152204772,0.000653050471790508,0.022908365692267705,45,45,3.0113389038761878e-40,0.0012945822041728191
16500,16501,82.505,40,6.91926021799452e-39,56,0.003076489008956313,0.003076489008956313,0.0,3,0.0012945822041728191,0.0004846903671707634,0.0008876201985108353,0.0012945822041728191,0.0003391189038364819,0.9770916343077324,0.0222553152204772,0.000653050471790508,0.022908365692267705,45,45,3.0113389038761878e-40,0.0012945822041728191
16500,16501,82.505,41,4.6287002680697276e-39,28,0.003076489008956313,0.003076489008956313,0.0,3,0.0012945822041728191,0.0004846903671707634,0.0008876201985108353,0.0012945822041728191,0.0003391189038364819,0.9770916343077324,0.0222553152204772,0.000653050471790508,0.022908365692267705,45,45,3.0113389038761878e-40,0.0012945822041728191
16500,16501,82.505,42,4.397393026519499e-39,32,0.003076489008956313,0.003076489008956313,0.0,3,0.0012945822041728191,0.0004846903671707634,0.0008876201985108353,0.0012945822041728191,0.0003391189038364819,0.9770916343077324,0.0222553152204772,0.000653050471790508,0.022908365692267705,45,45,3.0113389038761878e-40,0.0012945822041728191
16500,16501,82.505,43,1.0513109436930352e-39,16,0.003076489008956313,0.003076489008956313,0.0,3,0.0012945822041728191,0.0004846903671707634,0.0008876201985108353,0.0012945822041728191,0.0003391189038364819,0.9770916343077324,0.0222553152204772,0.000653050471790508,0.022908365692267705,45,45,3.0113389038761878e-40,0.0012945822041728191
16500,16501,82.505,44,1.6052559820074427e-39,8,0.003076489008956313,0.003076489008956313,0.0,3,0.0012945822041728191,0.0004846903671707634,0.0008876201985108353,0.0012945822041728191,0.0003391189038364819,0.9770916343077324,0.0222553152204772,0.000653050471790508,0.022908365692267705,45,45,3.0113389038761878e-40,0.0012945822041728191
16500,16501,82.505,45,3.0113389038761878e-40,5,0.003076489008956313,0.003076489008956313,0.0,3,0.0012945822041728191,0.0004846903671707634,0.0008876201985108353,0.0012945822041728191,0.0003391189038364819,0.9770916343077324,0.0222553152204772,0.000653050471790508,0.022908365692267705,45,45,3.0113389038761878e-40,0.0012945822041728191
17000,17001,85.005,1,0.0004918091274531703,8,0.003082116742354383,0.0030821167423543826,1.407087742766419e-16,3,0.0011799113217620554,0.0004918091274531703,0.0009995206896045723,0.0011799113217620554,0.0003428611008811017,0.9779325352220345,0.021380017702892957,0.0006874470750726216,0.02206746477796558,45,45,2.687449406608971e-40,0.0011799113217620554
17000,17001,85.005,2,0.0009995206896045723,12,0.003082116742354383,0.0030821167423543826,1.407087742766419e-16,3,0.0011799113217620554,0.0004918091274531703,0.0009995206896045723,0.0011799113217620554,0.0003428611008811017,0.9779325352220345,0.021380017702892957,0.0006874470750726216,0.02206746477796558,45,45,2.687449406608971e-40,0.0011799113217620554
17000,17001,85.005,3,0.0011799113217620554,16,0.003082116742354383,0.0030821167423543826,1.407087742766419e-16,3,0.0011799113217620554,0.0004918091274531703,0.0009995206896045723,0.0011799113217620554,0.0003428611008811017,0.9779325352220345,0.021380017702892957,0.0006874470750726216,0.02206746477796558,45,45,2.687449406608971e-40,0.0011799113217620554
17000,17001,85.005,4,0.0003428611008811017,32,0.003082116742354383,0.0030821167423543826,1.407087742766419e-16,3,0.0011799113217620554,0.0004918091274531703,0.0009995206896045723,0.0011799113217620554,0.0003428611008811017,0.9779325352220345,0.021380017702892957,0.0006874470750726216,0.02206746477796558,45,45,2.687449406608971e-40,0.0011799113217620554
17000,17001,85.005,5,3.407135119315382e-05,28,0.003082116742354383,0.0030821167423543826,1.407087742766419e-16,3,0.0011799113217620554,0.0004918091274531703,0.0009995206896045723,0.0011799113217620554,0.0003428611008811017,0.9779325352220345,0.021380017702892957,0.0006874470750726216,0.02206746477796558,45,45,2.687449406608971e-40,0.0011799113217620554
17000,17001,85.005,6,1.9435927441059382e-05,40,0.003082116742354383,0.0030821167423543826,1.407087742766419e-16,3,0.0011799113217620554,0.0004918091274531703,0.0009995206896045723,0.0011799113217620554,0.0003428611008811017,0.9779325352220345,0.021380017702892957,0.0006874470750726216,0.02206746477796558,45,45,2.687449406608971e-40,0.0011799113217620554
17000,17001,85.005,7,7.431774471465814e-06,40,0.003082116742354383,0.0030821167423543826,1.407087742766419e-16,3,0.0011799113217620554,0.0004918091274531703,0.0009995206896045723,0.0011799113217620554,0.0003428611008811017,0.9779325352220345,0.021380017702892957,0.0006874470750726216,0.02206746477796558,45,45,2.687449406608971e-40,0.0011799113217620554
17000,17001,85.005,8,3.4121583576556354e-06,48,0.003082116742354383,0.0030821167423543826,1.407087742766419e-16,3,0.0011799113217620554,0.0004918091274531703,0.0009995206896045723,0.0011799113217620554,0.0003428611008811017,0.9779325352220345,0.021380017702892957,0.0006874470750726216,0.02206746477796558,45,45,2.687449406608971e-40,0.0011799113217620554
17000,17001,85.005,9,1.5444990505848154e-06,68,0.003082116742354383,0.0030821167423543826,1.407087742766419e-16,3,0.0011799113217620554,0.0004918091274531703,0.0009995206896045723,0.0011799113217620554,0.0003428611008811017,0.9779325352220345,0.021380017702892957,0.0006874470750726216,0.02206746477796558,45,45,2.687449406608971e-40,0.0011799113217620554
17000,17001,85.005,10,8.998494594971284e-07,56,0.003082116742354383,0.0030821167423543826,1.407087742766419e-16,3,0.0011799113217620554,0.0004918091274531703,0.0009995206896045723,0.0011799113217620554,0.0003428611008811017,0.9779325352220345,0.021380017702892957,0.0006874470750726216,0.02206746477796558,45,45,2.687449406608971e-40,0.0011799113217620554
17000,17001,85.005,11,5.015466633131905e-07,72,0.003082116742354383,0.0030821167423543826,1.407087742766419e-16,3,0.0011799113217620554,0.0004918091274531703,0.0009995206896045723,0.0011799113217620554,0.0003428611008811017,0.9779325352220345,0.021380017702892957,0.0006874470750726216,0.02206746477796558,45,45,2.687449406608971e-40,0.0011799113217620554
17000,17001,85.005,12,2.982897299712298e-07,68,0.003082116742354383,0.0030821167423543826,1.407087742766419e-16,3,0.0011799113217620554,0.0004918091274531703,0.0009995206896045723,0.0011799113217620554,0.0003428611008811017,0.9779325352220345,0.021380017702892957,0.0006874470750726216,0.02206746477796558,45,45,2.687449406608971e-40,0.0011799113217620554
17000,17001,85.005,13,1.6145845740353312e-07,88,0.003082116742354383,0.0030821167423543826,1.407087742766419e-16,3,0.0011799113217620554,0.0004918091274531703,0.0009995206896045723,0.0011799113217620554,0.0003428611008811017,0.9779325352220345,0.021380017702892957,0.0006874470750726216,0.02206746477796558,45,45,2.687449406608971e-40,0.0011799113217620554
17000,17001,85.005,14,1.0603138226387506e-07,88,0.003082116742354383,0.0030821167423543826,1.407087742766419e-16,3,0.0011799113217620554,0.0004918091274531703,0.0009995206896045723,0.0011799113217620554,0.0003428611008811017,0.9779325352220345,0.021380017702892957,0.0006874470750726216,0.02206746477796558,45,45,2.687449406608971e-40,0.0011799113217620554
17000,17001,85.005,15,5.595348715441333e-08,84,0.003082116742354383,0.0030821167423543826,1.407087742766419e-16,3,0.0011799113217620554,0.0004918091274531703,0.0009995206896045723,0.0011799113217620554,0.0003428611008811017,0.9779325352220345,0.021380017702892957,0.0006874470750726216,0.02206746477796558,45,45,2.687449406608971e-40,0.0011799113217620554
17000,17001,85.005,16,4.475755033789893e-08,112,0.003082116742354383,0.0030821167423543826,1.407087742766419e-16,3,0.0011799113217620554,0.0004918091274531703,0.0009995206896045723,0.0011799113217620554,0.0003428611008811017,0.9779325352220345,0.021380017702892957,0.0006874470750726216,0.02206746477796558,45,45,2.687449406608971e-40,0.0011799113217620554
17000,17001,85.005,17,2.1036605168043318e-08,112,0.003082116742354383,0.0030821167423543826,1.407087742766419e-16,3,0.0011799113217620554,0.0004918091274531703,0.0009995206896045723,0.0011799113217620554,0.0003428611008811017,0.9779325352220345,0.021380017702892957,0.0006874470750726216,0.02206746477796558,45,45,2.687449406608971e-40,0.0011799113217620554
17000,17001,85.005,18,1.1471509327580864e-08,112,0.003082116742354383,0.0030821167423543826,1.407087742766419e-16,3,0.0011799113217620554,0.0004918091274531703,0.0009995206896045723,0.0011799113217620554,0.0003428611008811017,0.9779325352220345,0.021380017702892957,0.0006874470750726216,0.02206746477796558,45,45,2.687449406608971e-40,0.0011799113217620554
17000,17001,85.005,19,8.059961090899549e-09,116,0.003082116742354383,0.0030821167423543826,1.407087742766419e-16,3,0.0011799113217620554,0.0004918091274531703,0.0009995206896045723,0.0011799113217620554,0.0003428611008811017,0.9779325352220345,0.021380017702892957,0.0006874470750726216,0.02206746477796558,45,45,2.687449406608971e-40,0.0011799113217620554
17000,17001,85.005,20,4.787900840490634e-09,112,0.003082116742354383,0.0030821167423543826,1.407087742766419e-16,3,0.0011799113217620554,0.0004918091274531703,0.0009995206896045723,0.0011799113217620554,0.0003428611008811017,0.9779325352220345,0.021380017702892957,0.0006874470750726216,0.02206746477796558,45,45,2.687449406608971e-40,0.0011799113217620554
17000,17001,85.005,21,3.6064923728851973e-09,144,0.003082116742354383,0.0030821167423543826,1.407087742766419e-16,3,0.0011799113217620554,0.0004918091274531703,0.0009995206896045723,0.0011799113217620554,0.0003428611008811017,0.9779325352220345,0.021380017702892957,0.0006874470750726216,0.02206746477796558,45,45,2.687449406608971e-40,0.0011799113217620554
17000,17001,85.005,22,1.5381888125823383e-09,140,0.003082116742354383,0.0030821167423543826,1.407087742766419e-16,3,0.0011799113217620554,0.0004918091274531703,0.0009995206896045723,0.0011799113217620554,0.0003428611008811017,0.9779325352220345,0.021380017702892957,0.0006874470750726216,0.02206746477796558,45,45,2.687449406608971e-40,0.0011799113217620554
17000,17001,85.005,23,2.3048752749360778e-10,144,0.003082116742354383,0.0030821167423543826,1.407087742766419e-16,3,0.0011799113217620554,0.0004918091274531703,0.0009995206896045723,0.0011799113217620554,0.0003428611008811017,0.9779325352220345,0.021380017702892957,0.0006874470750726216,0.02206746477796558,45,45,2.687449406608971e-40,0.0011799113217620554
17000,17001,85.005,24,1.0307415356111754e-10,144,0.003082116742354383,0.0030821167423543826,1.407087742766419e-16,3,0.0011799113217620554,0.0004918091274531703,0.0009995206896045723,0.0011799113217620554,0.0003428611008811017,0.9779325352220345,0.021380017702892957,0.0006874470750726216,0.02206746477796558,45,45,2.687449406608971e-40,0.0011799113217620554
17000,17001,85.005,25,4.356958613917749e-11,168,0.003082116742354383,0.0030821167423543826,1.407087742766419e-16,3,0.0011799113217620554,0.0004918091274531703,0.0009995206896045723,0.0011799113217620554,0.0003428611008811017,0.9779325352220345,0.021380017702892957,0.0006874470750726216,0.02206746477796558,45,45,2.687449406608971e-40,0.0011799113217620554
17000,17001,85.005,26,1.8356203815946373e-11,164,0.003082116742354383,0.0030821167423543826,1.407087742766419e-16,3,0.0011799113217620554,0.0004918091274531703,0.0009995206896045723,0.0011799113217620554,0.0003428611008811017,0.9779325352220345,0.021380017702892957,0.0006874470750726216,0.02206746477796558,45,45,2.687449406608971e-40,0.0011799113217620554
17000,17001,85.005,27,4.9387732602258885e-12,160,0.003082116742354383,0.0030821167423543826,1.407087742766419e-16,3,0.0011799113217620554,0.0004918091274531703,0.0009995206896045723,0.0011799113217620554,0.0003428611008811017,0.9779325352220345,0.021380017702892957,0.0006874470750726216,0.02206746477796558,45,45,2.687449406608971e-40,0.0011799113217620554
17000,17001,85.005,28,3.622105910011415e-12,184,0.003082116742354383,0.0030821167423543826,1.407087742766419e-16,3,0.0011799113217620554,0.0004918091274531703,0.0009995206896045723,0.0011799113217620554,0.0003428611008811017,0.9779325352220345,0.021380017702892957,0.0006874470750726216,0.02206746477796558,45,45,2.687449406608971e-40,0.0011799113217620554
17000,17001,85.005,29,6.158180793847188e-13,172,0.003082116742354383,0.0030821167423543826,1.407087742766419e-16,3,0.0011799113217620554,0.0004918091274531703,0.0009995206896045723,0.0011799113217620554,0.0003428611008811017,0.9779325352220345,0.021380017702892957,0.0006874470750726216,0.02206746477796558,45,45,2.687449406608971e-40,0.0011799113217620554
17000,17001,85.005,30,8.784186668279852e-14,200,0.003082116742354383,0.0030821167423543826,1.407087742766419e-16,3,0.0011799113217620554,0.0004918091274531703,0.0009995206896045723,0.0011799113217620554,0.0003428611008811017,0.9779325352220345,0.021380017702892957,0.0006874470750726216,0.02206746477796558,45,45,2.687449406608971e-40,0.0011799113217620554
17000,17001,85.005,31,1.1294460656739705e-37,192,0.003082116742354383,0.0030821167423543826,1.407087742766419e-16,3,0.0011799113217620554,0.0004918091274531703,0.0009995206896045723,0.0011799113217620554,0.0003428611008811017,0.9779325352220345,0.021380017702892957,0.0006874470750726216,0.02206746477796558,45,45,2.687449406608971e-40,0.0011799113217620554
17000,17001,85.005,32,4.263017567526078e-38,166,0.003082116742354383,0.0030821167423543826,1.407087742766419e-16,3,0.0011799113217620554,0.0004918091274531703,0.0009995206896045723,0.0011799113217620554,0.0003428611008811017,0.9779325352220345,0.021380017702892957,0.0006874470750726216,0.02206746477796558,45,45,2.687449406608971e-40,0.0011799113217620554
17000,17001,85.005,33,2.7115214234522025e-38,148,0.003082116742354383,0.0030821167423543826,1.407087742766419e-16,3,0.0011799113217620554,0.0004918091274531703,0.0009995206896045723,0.0011799113217620554,0.0003428611008811017,0.9779325352220345,0.021380017702892957,0.0006874470750726216,0.02206746477796558,45,45,2.687449406608971e-40,0.0011799113217620554
17000,17001,85.005,34,2.3384657475391398e-38,128,0.003082116742354383,0.0030821167423543826,1.407087742766419e-16,3,0.0011799113217620554,0.0004918091274531703,0.0009995206896045723,0.0011799113217620554,0.0003428611008811017,0.9779325352220345,0.021380017702892957,0.0006874470750726216,0.02206746477796558,45,45,2.687449406608971e-40,0.0011799113217620554
17000,17001,85.005,35,1.7460814576772077e-38,104,0.003082116742354383,0.0030821167423543826,1.407087742766419e-16,3,0.0011799113217620554,0.0004918091274531703,0.0009995206896045723,0.0011799113217620554,0.0003428611008811017,0.9779325352220345,0.021380017702892957,0.0006874470750726216,0.02206746477796558,45,45,2.687449406608971e-40,0.0011799113217620554
17000,17001,85.005,36,1.4413965793285198e-38,88,0.003082116742354383,0.0030821167423543826,1.407087742766419e-16,3,0.0011799113217620554,0.0004918091274531703,0.0009995206896045723,0.0011799113217620554,0.0003428611008811017,0.9779325352220345,0.021380017702892957,0.0006874470750726216,0.02206746477796558,45,45,2.687449406608971e-40,0.0011799113217620554
17000,17001,85.005,37,8.853975546484256e-39,76,0.003082116742354383,0.0030821167423543826,1.407087742766419e-16,3,0.0011799113217620554,0.0004918091274531703,0.0009995206896045723,0.0011799113217620554,0.0003428611008811017,0.9779325352220345,0.021380017702892957,0.0006874470750726216,0.02206746477796558,45,45,2.687449406608971e-40,0.0011799113217620554
17000,17001,85.005,38,7.506201905711375e-39,68,0.003082116742354383,0.0030821167423543826,1.407087742766419e-16,3,0.0011799113217620554,0.0004918091274531703,0.0009995206896045723,0.0011799113217620554,0.0003428611008811017,0.9779325352220345,0.021380017702892957,0.0006874470750726216,0.02206746477796558,45,45,2.687449406608971e-40,0.0011799113217620554
17000,17001,85.005,39,5.983731977445788e-39,48,0.003082116742354383,0.0030821167423543826,1.407087742766419e-16,3,0.0011799113217620554,0.0004918091274531703,0.0009995206896045723,0.0011799113217620554,0.0003428611008811017,0.9779325352220345,0.021380017702892957,0.0006874470750726216,0.02206746477796558,45,45,2.687449406608971e-40,0.0011799113217620554
17000,17001,85.005,40,7.484542165588149e-39,56,0.003082116742354383,0.0030821167423543826,1.407087742766419e-16,3,0.0011799113217620554,0.0004918091274531703,0.0009995206896045723,0.0011799113217620554,0.0003428611008811017,0.9779325352220345,0.021380017702892957,0.0006874470750726216,0.02206746477796558,45,45,2.687449406608971e-40,0.0011799113217620554
17000,17001,85.005,41,2.7030443218851518e-39,28,0.003082116742354383,0.0030821167423543826,1.407087742766419e-16,3,0.0011799113217620554,0.0004918091274531703,0.0009995206896045723,0.0011799113217620554,0.0003428611008811017,0.9779325352220345,0.021380017702892957,0.0006874470750726216,0.02206746477796558,45,45,2.687449406608971e-40,0.0011799113217620554
17000,17001,85.005,42,5.05813108671755e-39,32,0.003082116742354383,0.0030821167423543826,1.407087742766419e-16,3,0.0011799113217620554,0.0004918091274531703,0.0009995206896045723,0.0011799113217620554,0.0003428611008811017,0.9779325352220345,0.021380017702892957,0.0006874470750726216,0.02206746477796558,45,45,2.687449406608971e-40,0.0011799113217620554
17000,17001,85.005,43,1.0446504758208899e-39,16,0.003082116742354383,0.0030821167423543826,1.407087742766419e-16,3,0.0011799113217620554,0.0004918091274531703,0.0009995206896045723,0.0011799113217620554,0.0003428611008811017,0.9779325352220345,0.021380017702892957,0.0006874470750726216,0.02206746477796558,45,45,2.687449406608971e-40,0.0011799113217620554
17000,17001,85.005,44,7.572170498497167e-40,8,0.003082116742354383,0.0030821167423543826,1.407087742766419e-16,3,0.0011799113217620554,0.0004918091274531703,0.0009995206896045723,0.0011799113217620554,0.0003428611008811017,0.9779325352220345,0.021380017702892957,0.0006874470750726216,0.02206746477796558,45,45,2.687449406608971e-40,0.0011799113217620554
17000,17001,85.005,45,2.687449406608971e-40,5,0.003082116742354383,0.0030821167423543826,1.407087742766419e-16,3,0.0011799113217620554,0.0004918091274531703,0.0009995206896045723,0.0011799113217620554,0.0003428611008811017,0.9779325352220345,0.021380017702892957,0.0006874470750726216,0.02206746477796558,45,45,2.687449406608971e-40,0.0011799113217620554
17500,17501,87.505,1,0.0004989955553798401,8,0.003080330485134028,0.0030803304851340276,1.4079037008762127e-16,2,0.001097127216869523,0.0004989955553798401,0.001097127216869523,0.0010768308278055034,0.00034204698795143554,0.9787912701435726,0.02053573224058677,0.000672997615840587,0.02120872985642736,45,45,7.178809881019106e-40,0.001097127216869523
17500,17501,87.505,2,0.001097127216869523,12,0.003080330485134028,0.0030803304851340276,1.4079037008762127e-16,2,0.001097127216869523,0.0004989955553798401,0.001097127216869523,0.0010768308278055034,0.00034204698795143554,0.9787912701435726,0.02053573224058677,0.000672997615840587,0.02120872985642736,45,45,7.178809881019106e-40,0.001097127216869523
17500,17501,87.505,3,0.0010768308278055034,16,0.003080330485134028,0.0030803304851340276,1.4079037008762127e-16,2,0.001097127216869523,0.0004989955553798401,0.001097127216869523,0.0010768308278055034,0.00034204698795143554,0.9787912701435726,0.02053573224058677,0.000672997615840587,0.02120872985642736,45,45,7.178809881019106e-40,0.001097127216869523
17500,17501,87.505,4,0.00034204698795143554,32,0.003080330485134028,0.0030803304851340276,1.4079037008762127e-16,2,0.001097127216869523,0.0004989955553798401,0.001097127216869523,0.0010768308278055034,0.00034204698795143554,0.9787912701435726,0.02053573224058677,0.000672997615840587,0.02120872985642736,45,45,7.178809881019106e-40,0.001097127216869523
17500,17501,87.505,5,3.2298186882034744e-05,28,0.003080330485134028,0.0030803304851340276,1.4079037008762127e-16,2,0.001097127216869523,0.0004989955553798401,0.001097127216869523,0.0010768308278055034,0.00034204698795143554,0.9787912701435726,0.02053573224058677,0.000672997615840587,0.02120872985642736,45,45,7.178809881019106e-40,0.001097127216869523
17500,17501,87.505,6,1.7207668919766322e-05,40,0.003080330485134028,0.0030803304851340276,1.4079037008762127e-16,2,0.001097127216869523,0.0004989955553798401,0.001097127216869523,0.0010768308278055034,0.00034204698795143554,0.9787912701435726,0.02053573224058677,0.000672997615840587,0.02120872985642736,45,45,7.178809881019106e-40,0.001097127216869523
17500,17501,87.505,7,8.21705586782884e-06,40,0.003080330485134028,0.0030803304851340276,1.4079037008762127e-16,2,0.001097127216869523,0.0004989955553798401,0.001097127216869523,0.0010768308278055034,0.00034204698795143554,0.9787912701435726,0.02053573224058677,0.000672997615840587,0.02120872985642736,45,45,7.178809881019106e-40,0.001097127216869523
17500,17501,87.505,8,3.872917990407475e-06,48,0.003080330485134028,0.0030803304851340276,1.4079037008762127e-16,2,0.001097127216869523,0.0004989955553798401,0.001097127216869523,0.0010768308278055034,0.00034204698795143554,0.9787912701435726,0.02053573224058677,0.000672997615840587,0.02120872985642736,45,45,7.178809881019106e-40,0.001097127216869523
17500,17501,87.505,9,1.6610123951917632e-06,68,0.003080330485134028,0.0030803304851340276,1.4079037008762127e-16,2,0.001097127216869523,0.0004989955553798401,0.001097127216869523,0.0010768308278055034,0.00034204698795143554,0.9787912701435726,0.02053573224058677,0.000672997615840587,0.02120872985642736,45,45,7.178809881019106e-40,0.001097127216869523
17500,17501,87.505,10,8.121718917383148e-07,56,0.003080330485134028,0.0030803304851340276,1.4079037008762127e-16,2,0.001097127216869523,0.0004989955553798401,0.001097127216869523,0.0010768308278055034,0.00034204698795143554,0.9787912701435726,0.02053573224058677,0.000672997615840587,0.02120872985642736,45,45,7.178809881019106e-40,0.001097127216869523
17500,17501,87.505,11,4.763512228795929e-07,72,0.003080330485134028,0.0030803304851340276,1.4079037008762127e-16,2,0.001097127216869523,0.0004989955553798401,0.001097127216869523,0.0010768308278055034,0.00034204698795143554,0.9787912701435726,0.02053573224058677,0.000672997615840587,0.02120872985642736,45,45,7.178809881019106e-40,0.001097127216869523
17500,17501,87.505,12,3.2947450262734476e-07,68,0.003080330485134028,0.0030803304851340276,1.4079037008762127e-16,2,0.001097127216869523,0.0004989955553798401,0.001097127216869523,0.0010768308278055034,0.00034204698795143554,0.9787912701435726,0.02053573224058677,0.000672997615840587,0.02120872985642736,45,45,7.178809881019106e-40,0.001097127216869523
17500,17501,87.505,13,1.727531182269387e-07,88,0.003080330485134028,0.0030803304851340276,1.4079037008762127e-16,2,0.001097127216869523,0.0004989955553798401,0.001097127216869523,0.0010768308278055034,0.00034204698795143554,0.9787912701435726,0.02053573224058677,0.000672997615840587,0.02120872985642736,45,45,7.178809881019106e-40,0.001097127216869523
17500,17501,87.505,14,1.1608973369410902e-07,88,0.003080330485134028,0.0030803304851340276,1.4079037008762127e-16,2,0.001097127216869523,0.0004989955553798401,0.001097127216869523,0.0010768308278055034,0.00034204698795143554,0.9787912701435726,0.02053573224058677,0.000672997615840587,0.02120872985642736,45,45,7.178809881019106e-40,0.001097127216869523
17500,17501,87.505,15,6.087162349802394e-08,84,0.003080330485134028,0.0030803304851340276,1.4079037008762127e-16,2,0.001097127216869523,0.0004989955553798401,0.001097127216869523,0.0010768308278055034,0.00034204698795143554,0.9787912701435726,0.02053573224058677,0.000672997615840587,0.02120872985642736,45,45,7.178809881019106e-40,0.001097127216869523
17500,17501,87.505,16,4.848915729934742e-08,112,0.003080330485134028,0.0030803304851340276,1.4079037008762127e-16,2,0.001097127216869523,0.0004989955553798401,0.001097127216869523,0.0010768308278055034,0.00034204698795143554,0.9787912701435726,0.02053573224058677,0.000672997615840587,0.02120872985642736,45,45,7.178809881019106e-40,0.001097127216869523
17500,17501,87.505,17,2.4716547080373987e-08,112,0.003080330485134028,0.0030803304851340276,1.4079037008762127e-16,2,0.001097127216869523,0.0004989955553798401,0.001097127216869523,0.0010768308278055034,0.00034204698795143554,0.9787912701435726,0.02053573224058677,0.000672997615840587,0.02120872985642736,45,45,7.178809881019106e-40,0.001097127216869523
17500,17501,87.505,18,1.2592437707906924e-08,112,0.003080330485134028,0.0030803304851340276,1.4079037008762127e-16,2,0.001097127216869523,0.0004989955553798401,0.001097127216869523,0.0010768308278055034,0.00034204698795143554,0.9787912701435726,0.02053573224058677,0.000672997615840587,0.02120872985642736,45,45,7.178809881019106e-40,0.001097127216869523
17500,17501,87.505,19,8.340758538989111e-09,116,0.003080330485134028,0.0030803304851340276,1.4079037008762127e-16,2,0.001097127216869523,0.0004989955553798401,0.001097127216869523,0.0010768308278055034,0.00034204698795143554,0.9787912701435726,0.02053573224058677,0.000672997615840587,0.02120872985642736,45,45,7.178809881019106e-40,0.001097127216869523
17500,17501,87.505,20,5.235161116676703e-09,112,0.003080330485134028,0.0030803304851340276,1.4079037008762127e-16,2,0.001097127216869523,0.0004989955553798401,0.001097127216869523,0.0010768308278055034,0.00034204698795143554,0.9787912701435726,0.02053573224058677,0.000672997615840587,0.02120872985642736,45,45,7.178809881019106e-40,0.001097127216869523
17500,17501,87.505,21,3.6588415124984474e-09,144,0.003080330485134028,0.0030803304851340276,1.4079037008762127e-16,2,0.001097127216869523,0.0004989955553798401,0.001097127216869523,0.0010768308278055034,0.00034204698795143554,0.9787912701435726,0.02053573224058677,0.000672997615840587,0.02120872985642736,45,45,7.178809881019106e-40,0.001097127216869523
17500,17501,87.505,22,1.8573925755714585e-09,140,0.003080330485134028,0.0030803304851340276,1.4079037008762127e-16,2,0.001097127216869523,0.0004989955553798401,0.001097127216869523,0.0010768308278055034,0.00034204698795143554,0.9787912701435726,0.02053573224058677,0.000672997615840587,0.02120872985642736,45,45,7.178809881019106e-40,0.001097127216869523
17500,17501,87.505,23,2.6404334952201635e-10,144,0.003080330485134028,0.0030803304851340276,1.4079037008762127e-16,2,0.001097127216869523,0.0004989955553798401,0.001097127216869523,0.0010768308278055034,0.00034204698795143554,0.9787912701435726,0.02053573224058677,0.000672997615840587,0.02120872985642736,45,45,7.178809881019106e-40,0.001097127216869523
17500,17501,87.505,24,1.172546953132184e-10,144,0.003080330485134028,0.0030803304851340276,1.4079037008762127e-16,2,0.001097127216869523,0.0004989955553798401,0.001097127216869523,0.0010768308278055034,0.00034204698795143554,0.9787912701435726,0.02053573224058677,0.000672997615840587,0.02120872985642736,45,45,7.178809881019106e-40,0.001097127216869523
17500,17501,87.505,25,4.340977688159225e-11,168,0.003080330485134028,0.0030803304851340276,1.4079037008762127e-16,2,0.001097127216869523,0.0004989955553798401,0.001097127216869523,0.0010768308278055034,0.00034204698795143554,0.9787912701435726,0.02053573224058677,0.000672997615840587,0.02120872985642736,45,45,7.178809881019106e-40,0.001097127216869523
17500,17501,87.505,26,1.6874676525818285e-11,164,0.003080330485134028,0.0030803304851340276,1.4079037008762127e-16,2,0.001097127216869523,0.0004989955553798401,0.001097127216869523,0.0010768308278055034,0.00034204698795143554,0.9787912701435726,0.02053573224058677,0.000672997615840587,0.02120872985642736,45,45,7.178809881019106e-40,0.001097127216869523
17500,17501,87.505,27,5.919588530866748e-12,160,0.003080330485134028,0.0030803304851340276,1.4079037008762127e-16,2,0.001097127216869523,0.0004989955553798401,0.001097127216869523,0.0010768308278055034,0.00034204698795143554,0.9787912701435726,0.02053573224058677,0.000672997615840587,0.02120872985642736,45,45,7.178809881019106e-40,0.001097127216869523
17500,17501,87.505,28,4.293227302612166e-12,184,0.003080330485134028,0.0030803304851340276,1.4079037008762127e-16,2,0.001097127216869523,0.0004989955553798401,0.001097127216869523,0.0010768308278055034,0.00034204698795143554,0.9787912701435726,0.02053573224058677,0.000672997615840587,0.02120872985642736,45,45,7.178809881019106e-40,0.001097127216869523
17500,17501,87.505,29,7.668791024198524e-13,172,0.003080330485134028,0.0030803304851340276,1.4079037008762127e-16,2,0.001097127216869523,0.0004989955553798401,0.001097127216869523,0.0010768308278055034,0.00034204698795143554,0.9787912701435726,0.02053573224058677,0.000672997615840587,0.02120872985642736,45,45,7.178809881019106e-40,0.001097127216869523
17500,17501,87.505,30,1.2180741245691172e-13,200,0.003080330485134028,0.0030803304851340276,1.4079037008762127e-16,2,0.001097127216869523,0.0004989955553798401,0.001097127216869523,0.0010768308278055034,0.00034204698795143554,0.9787912701435726,0.02053573224058677,0.000672997615840587,0.02120872985642736,45,45,7.178809881019106e-40,0.001097127216869523
17500,17501,87.505,31,8.613857186350046e-38,192,0.003080330485134028,0.0030803304851340276,1.4079037008762127e-16,2,0.001097127216869523,0.0004989955553798401,0.001097127216869523,0.0010768308278055034,0.00034204698795143554,0.9787912701435726,0.02053573224058677,0.000672997615840587,0.02120872985642736,45,45,7.178809881019106e-40,0.001097127216869523
17500,17501,87.505,32,4.3930473116056247e-38,166,0.003080330485134028,0.0030803304851340276,1.4079037008762127e-16,2,0.001097127216869523,0.0004989955553798401,0.001097127216869523,0.0010768308278055034,0.00034204698795143554,0.9787912701435726,0.02053573224058677,0.000672997615840587,0.02120872985642736,45,45,7.178809881019106e-40,0.001097127216869523
17500,17501,87.505,33,2.3907989343179396e-38,148,0.003080330485134028,0.0030803304851340276,1.4079037008762127e-16,2,0.001097127216869523,0.0004989955553798401,0.001097127216869523,0.0010768308278055034,0.00034204698795143554,0.9787912701435726,0.02053573224058677,0.000672997615840587,0.02120872985642736,45,45,7.178809881019106e-40,0.001097127216869523
17500,17501,87.505,34,2.2445985468043168e-38,128,0.003080330485134028,0.0030803304851340276,1.4079037008762127e-16,2,0.001097127216869523,0.0004989955553798401,0.001097127216869523,0.0010768308278055034,0.00034204698795143554,0.9787912701435726,0.02053573224058677,0.000672997615840587,0.02120872985642736,45,45,7.178809881019106e-40,0.001097127216869523
17500,17501,87.505,35,1.6715870226249947e-38,104,0.003080330485134028,0.0030803304851340276,1.4079037008762127e-16,2,0.001097127216869523,0.0004989955553798401,0.001097127216869523,0.0010768308278055034,0.00034204698795143554,0.9787912701435726,0.02053573224058677,0.000672997615840587,0.02120872985642736,45,45,7.178809881019106e-40,0.001097127216869523
17500,17501,87.505,36,1.1546291870026637e-38,88,0.003080330485134028,0.0030803304851340276,1.4079037008762127e-16,2,0.001097127216869523,0.0004989955553798401,0.001097127216869523,0.0010768308278055034,0.00034204698795143554,0.9787912701435726,0.02053573224058677,0.000672997615840587,0.02120872985642736,45,45,7.178809881019106e-40,0.001097127216869523
17500,17501,87.505,37,9.14592255231905e-39,76,0.003080330485134028,0.0030803304851340276,1.4079037008762127e-16,2,0.001097127216869523,0.0004989955553798401,0.001097127216869523,0.0010768308278055034,0.00034204698795143554,0.9787912701435726,0.02053573224058677,0.000672997615840587,0.02120872985642736,45,45,7.178809881019106e-40,0.001097127216869523
17500,17501,87.505,38,7.926612448639085e-39,68,0.003080330485134028,0.0030803304851340276,1.4079037008762127e-16,2,0.001097127216869523,0.0004989955553798401,0.001097127216869523,0.0010768308278055034,0.00034204698795143554,0.9787912701435726,0.02053573224058677,0.000672997615840587,0.02120872985642736,45,45,7.178809881019106e-40,0.001097127216869523
17500,17501,87.505,39,5.8006446619549016e-39,48,0.003080330485134028,0.0030803304851340276,1.4079037008762127e-16,2,0.001097127216869523,0.0004989955553798401,0.001097127216869523,0.0010768308278055034,0.00034204698795143554,0.9787912701435726,0.02053573224058677,0.000672997615840587,0.02120872985642736,45,45,7.178809881019106e-40,0.001097127216869523
17500,17501,87.505,40,7.022209604516284e-39,56,0.003080330485134028,0.0030803304851340276,1.4079037008762127e-16,2,0.001097127216869523,0.0004989955553798401,0.001097127216869523,0.0010768308278055034,0.00034204698795143554,0.9787912701435726,0.02053573224058677,0.000672997615840587,0.02120872985642736,45,45,7.178809881019106e-40,0.001097127216869523
17500,17501,87.505,41,3.451750454132956e-39,28,0.003080330485134028,0.0030803304851340276,1.4079037008762127e-16,2,0.001097127216869523,0.0004989955553798401,0.001097127216869523,0.0010768308278055034,0.00034204698795143554,0.9787912701435726,0.02053573224058677,0.000672997615840587,0.02120872985642736,45,45,7.178809881019106e-40,0.001097127216869523
17500,17501,87.505,42,4.905011022033283e-39,32,0.003080330485134028,0.0030803304851340276,1.4079037008762127e-16,2,0.001097127216869523,0.0004989955553798401,0.001097127216869523,0.0010768308278055034,0.00034204698795143554,0.9787912701435726,0.02053573224058677,0.000672997615840587,0.02120872985642736,45,45,7.178809881019106e-40,0.001097127216869523
17500,17501,87.505,43,2.7300466830661125e-39,16,0.003080330485134028,0.0030803304851340276,1.4079037008762127e-16,2,0.001097127216869523,0.0004989955553798401,0.001097127216869523,0.0010768308278055034,0.00034204698795143554,0.9787912701435726,0.02053573224058677,0.000672997615840587,0.02120872985642736,45,45,7.178809881019106e-40,0.001097127216869523
17500,17501,87.505,44,1.2522974808856951e-39,8,0.003080330485134028,0.0030803304851340276,1.4079037008762127e-16,2,0.001097127216869523,0.0004989955553798401,0.001097127216869523,0.0010768308278055034,0.00034204698795143554,0.9787912701435726,0.02053573224058677,0.000672997615840587,0.02120872985642736,45,45,7.178809881019106e-40,0.001097127216869523
17500,17501,87.505,45,7.178809881019106e-40,5,0.003080330485134028,0.0030803304851340276,1.4079037008762127e-16,2,0.001097127216869523,0.0004989955553798401,0.001097127216869523,0.0010768308278055034,0.00034204698795143554,0.9787912701435726,0.02053573224058677,0.000672997615840587,0.02120872985642736,45,45,7.178809881019106e-40,0.001097127216869523
18000,18001,90.005,1,0.0005086827256910987,8,0.00307454809701202,0.0030745480970120194,1.4105515845261026e-16,2,0.0011776136084444611,0.0005086827256910987,0.0011776136084444611,0.000986877213736011,0.00033733030407014596,0.9791695419783663,0.020198498494658264,0.0006319595269753845,0.020830458021633653,45,45,3.9152621894826285e-40,0.0011776136084444611
18000,18001,90.005,2,0.0011776136084444611,12,0.00307454809701202,0.0030745480970120194,1.4105515845261026e-16,2,0.0011776136084444611,0.0005086827256910987,0.0011776136084444611,0.000986877213736011,0.00033733030407014596,0.9791695419783663,0.020198498494658264,0.0006319595269753845,0.020830458021633653,45,45,3.9152621894826285e-40,0.0011776136084444611
18000,18001,90.005,3,0.000986877213736011,16,0.00307454809701202,0.0030745480970120194,1.4105515845261026e-16,2,0.0011776136084444611,0.0005086827256910987,0.0011776136084444611,0.000986877213736011,0.00033733030407014596,0.9791695419783663,0.020198498494658264,0.0006319595269753845,0.020830458021633653,45,45,3.9152621894826285e-40,0.0011776136084444611
18000,18001,90.005,4,0.00033733030407014596,32,0.00307454809701202,0.0030745480970120194,1.4105515845261026e-16,2,0.0011776136084444611,0.0005086827256910987,0.0011776136084444611,0.000986877213736011,0.00033733030407014596,0.9791695419783663,0.020198498494658264,0.0006319595269753845,0.020830458021633653,45,45,3.9152621894826285e-40,0.0011776136084444611
18000,18001,90.005,5,3.33383382761025e-05,28,0.00307454809701202,0.0030745480970120194,1.4105515845261026e-16,2,0.0011776136084444611,0.0005086827256910987,0.0011776136084444611,0.000986877213736011,0.00033733030407014596,0.9791695419783663,0.020198498494658264,0.0006319595269753845,0.020830458021633653,45,45,3.9152621894826285e-40,0.0011776136084444611
18000,18001,90.005,6,1.447103892560688e-05,40,0.00307454809701202,0.0030745480970120194,1.4105515845261026e-16,2,0.0011776136084444611,0.0005086827256910987,0.0011776136084444611,0.000986877213736011,0.00033733030407014596,0.9791695419783663,0.020198498494658264,0.0006319595269753845,0.020830458021633653,45,45,3.9152621894826285e-40,0.0011776136084444611
18000,18001,90.005,7,8.024980260289917e-06,40,0.00307454809701202,0.0030745480970120194,1.4105515845261026e-16,2,0.0011776136084444611,0.0005086827256910987,0.0011776136084444611,0.000986877213736011,0.00033733030407014596,0.9791695419783663,0.020198498494658264,0.0006319595269753845,0.020830458021633653,45,45,3.9152621894826285e-40,0.0011776136084444611
18000,18001,90.005,8,4.322366502796095e-06,48,0.00307454809701202,0.0030745480970120194,1.4105515845261026e-16,2,0.0011776136084444611,0.0005086827256910987,0.0011776136084444611,0.000986877213736011,0.00033733030407014596,0.9791695419783663,0.020198498494658264,0.0006319595269753845,0.020830458021633653,45,45,3.9152621894826285e-40,0.0011776136084444611
18000,18001,90.005,9,1.9445311444563243e-06,68,0.00307454809701202,0.0030745480970120194,1.4105515845261026e-16,2,0.0011776136084444611,0.0005086827256910987,0.0011776136084444611,0.000986877213736011,0.00033733030407014596,0.9791695419783663,0.020198498494658264,0.0006319595269753845,0.020830458021633653,45,45,3.9152621894826285e-40,0.0011776136084444611
18000,18001,90.005,10,7.437511070959152e-07,56,0.00307454809701202,0.0030745480970120194,1.4105515845261026e-16,2,0.0011776136084444611,0.0005086827256910987,0.0011776136084444611,0.000986877213736011,0.00033733030407014596,0.9791695419783663,0.020198498494658264,0.0006319595269753845,0.020830458021633653,45,45,3.9152621894826285e-40,0.0011776136084444611
18000,18001,90.005,11,4.2145281949579513e-07,72,0.00307454809701202,0.0030745480970120194,1.4105515845261026e-16,2,0.0011776136084444611,0.0005086827256910987,0.0011776136084444611,0.000986877213736011,0.00033733030407014596,0.9791695419783663,0.020198498494658264,0.0006319595269753845,0.020830458021633653,45,45,3.9152621894826285e-40,0.0011776136084444611
18000,18001,90.005,12,3.1537426734033346e-07,68,0.00307454809701202,0.0030745480970120194,1.4105515845261026e-16,2,0.0011776136084444611,0.0005086827256910987,0.0011776136084444611,0.000986877213736011,0.00033733030407014596,0.9791695419783663,0.020198498494658264,0.0006319595269753845,0.020830458021633653,45,45,3.9152621894826285e-40,0.0011776136084444611
18000,18001,90.005,13,1.7407199496684372e-07,88,0.00307454809701202,0.0030745480970120194,1.4105515845261026e-16,2,0.0011776136084444611,0.0005086827256910987,0.0011776136084444611,0.000986877213736011,0.00033733030407014596,0.9791695419783663,0.020198498494658264,0.0006319595269753845,0.020830458021633653,45,45,3.9152621894826285e-40,0.0011776136084444611
18000,18001,90.005,14,1.188825344216274e-07,88,0.00307454809701202,0.0030745480970120194,1.4105515845261026e-16,2,0.0011776136084444611,0.0005086827256910987,0.0011776136084444611,0.000986877213736011,0.00033733030407014596,0.9791695419783663,0.020198498494658264,0.0006319595269753845,0.020830458021633653,45,45,3.9152621894826285e-40,0.0011776136084444611
18000,18001,90.005,15,6.69505848388335e-08,84,0.00307454809701202,0.0030745480970120194,1.4105515845261026e-16,2,0.0011776136084444611,0.0005086827256910987,0.0011776136084444611,0.000986877213736011,0.00033733030407014596,0.9791695419783663,0.020198498494658264,0.0006319595269753845,0.020830458021633653,45,45,3.9152621894826285e-40,0.0011776136084444611
18000,18001,90.005,16,4.504031374923206e-08,112,0.00307454809701202,0.0030745480970120194,1.4105515845261026e-16,2,0.0011776136084444611,0.0005086827256910987,0.0011776136084444611,0.000986877213736011,0.00033733030407014596,0.9791695419783663,0.020198498494658264,0.0006319595269753845,0.020830458021633653,45,45,3.9152621894826285e-40,0.0011776136084444611
18000,18001,90.005,17,2.515020014757541e-08,112,0.00307454809701202,0.0030745480970120194,1.4105515845261026e-16,2,0.0011776136084444611,0.0005086827256910987,0.0011776136084444611,0.000986877213736011,0.00033733030407014596,0.9791695419783663,0.020198498494658264,0.0006319595269753845,0.020830458021633653,45,45,3.9152621894826285e-40,0.0011776136084444611
18000,18001,90.005,18,1.291497861299018e-08,112,0.00307454809701202,0.0030745480970120194,1.4105515845261026e-16,2,0.0011776136084444611,0.0005086827256910987,0.0011776136084444611,0.000986877213736011,0.00033733030407014596,0.9791695419783663,0.020198498494658264,0.0006319595269753845,0.020830458021633653,45,45,3.9152621894826285e-40,0.0011776136084444611
18000,18001,90.005,19,8.075400116700712e-09,116,0.00307454809701202,0.0030745480970120194,1.4105515845261026e-16,2,0.0011776136084444611,0.0005086827256910987,0.0011776136084444611,0.000986877213736011,0.00033733030407014596,0.9791695419783663,0.020198498494658264,0.0006319595269753845,0.020830458021633653,45,45,3.9152621894826285e-40,0.0011776136084444611
18000,18001,90.005,20,5.50799285756728e-09,112,0.00307454809701202,0.0030745480970120194,1.4105515845261026e-16,2,0.0011776136084444611,0.0005086827256910987,0.0011776136084444611,0.000986877213736011,0.00033733030407014596,0.9791695419783663,0.020198498494658264,0.0006319595269753845,0.020830458021633653,45,45,3.9152621894826285e-40,0.0011776136084444611
18000,18001,90.005,21,3.3237344085529133e-09,144,0.00307454809701202,0.0030745480970120194,1.4105515845261026e-16,2,0.0011776136084444611,0.0005086827256910987,0.0011776136084444611,0.000986877213736011,0.00033733030407014596,0.9791695419783663,0.020198498494658264,0.0006319595269753845,0.020830458021633653,45,45,3.9152621894826285e-40,0.0011776136084444611
18000,18001,90.005,22,1.942207800140751e-09,140,0.00307454809701202,0.0030745480970120194,1.4105515845261026e-16,2,0.0011776136084444611,0.0005086827256910987,0.0011776136084444611,0.000986877213736011,0.00033733030407014596,0.9791695419783663,0.020198498494658264,0.0006319595269753845,0.020830458021633653,45,45,3.9152621894826285e-40,0.0011776136084444611
18000,18001,90.005,23,3.499043635194365e-10,144,0.00307454809701202,0.0030745480970120194,1.4105515845261026e-16,2,0.0011776136084444611,0.0005086827256910987,0.0011776136084444611,0.000986877213736011,0.00033733030407014596,0.9791695419783663,0.020198498494658264,0.0006319595269753845,0.020830458021633653,45,45,3.9152621894826285e-40,0.0011776136084444611
18000,18001,90.005,24,1.3006043291971522e-10,144,0.00307454809701202,0.0030745480970120194,1.4105515845261026e-16,2,0.0011776136084444611,0.0005086827256910987,0.0011776136084444611,0.000986877213736011,0.00033733030407014596,0.9791695419783663,0.020198498494658264,0.0006319595269753845,0.020830458021633653,45,45,3.9152621894826285e-40,0.0011776136084444611
18000,18001,90.005,25,4.784063366195302e-11,168,0.00307454809701202,0.0030745480970120194,1.4105515845261026e-16,2,0.0011776136084444611,0.0005086827256910987,0.0011776136084444611,0.000986877213736011,0.00033733030407014596,0.9791695419783663,0.020198498494658264,0.0006319595269753845,0.020830458021633653,45,45,3.9152621894826285e-40,0.0011776136084444611
18000,18001,90.005,26,1.3662768997190245e-11,164,0.00307454809701202,0.0030745480970120194,1.4105515845261026e-16,2,0.0011776136084444611,0.0005086827256910987,0.0011776136084444611,0.000986877213736011,0.00033733030407014596,0.9791695419783663,0.020198498494658264,0.0006319595269753845,0.020830458021633653,45,45,3.9152621894826285e-40,0.0011776136084444611
18000,18001,90.005,27,4.859597367263851e-12,160,0.00307454809701202,0.0030745480970120194,1.4105515845261026e-16,2,0.0011776136084444611,0.0005086827256910987,0.0011776136084444611,0.000986877213736011,0.00033733030407014596,0.9791695419783663,0.020198498494658264,0.0006319595269753845,0.020830458021633653,45,45,3.9152621894826285e-40,0.0011776136084444611
18000,18001,90.005,28,4.685579764086543e-12,184,0.00307454809701202,0.0030745480970120194,1.4105515845261026e-16,2,0.0011776136084444611,0.0005086827256910987,0.0011776136084444611,0.000986877213736011,0.00033733030407014596,0.9791695419783663,0.020198498494658264,0.0006319595269753845,0.020830458021633653,45,45,3.9152621894826285e-40,0.0011776136084444611
18000,18001,90.005,29,6.601389760299794e-13,172,0.00307454809701202,0.0030745480970120194,1.4105515845261026e-16,2,0.0011776136084444611,0.0005086827256910987,0.0011776136084444611,0.000986877213736011,0.00033733030407014596,0.9791695419783663,0.020198498494658264,0.0006319595269753845,0.020830458021633653,45,45,3.9152621894826285e-40,0.0011776136084444611
18000,18001,90.005,30,1.516834711396416e-13,200,0.00307454809701202,0.0030745480970120194,1.4105515845261026e-16,2,0.0011776136084444611,0.0005086827256910987,0.0011776136084444611,0.000986877213736011,0.00033733030407014596,0.9791695419783663,0.020198498494658264,0.0006319595269753845,0.020830458021633653,45,45,3.9152621894826285e-40,0.0011776136084444611
18000,18001,90.005,31,1.119608998908969e-37,192,0.00307454809701202,0.0030745480970120194,1.4105515845261026e-16,2,0.0011776136084444611,0.0005086827256910987,0.0011776136084444611,0.000986877213736011,0.00033733030407014596,0.9791695419783663,0.020198498494658264,0.0006319595269753845,0.020830458021633653,45,45,3.9152621894826285e-40,0.0011776136084444611
18000,18001,90.005,32,6.058153727382767e-38,166,0.00307454809701202,0.0030745480970120194,1.4105515845261026e-16,2,0.0011776136084444611,0.0005086827256910987,0.0011776136084444611,0.000986877213736011,0.00033733030407014596,0.9791695419783663,0.020198498494658264,0.0006319595269753845,0.020830458021633653,45,45,3.9152621894826285e-40,0.0011776136084444611
18000,18001,90.005,33,1.9264529014217066e-38,148,0.00307454809701202,0.0030745480970120194,1.4105515845261026e-16,2,0.0011776136084444611,0.0005086827256910987,0.0011776136084444611,0.000986877213736011,0.00033733030407014596,0.9791695419783663,0.020198498494658264,0.0006319595269753845,0.020830458021633653,45,45,3.9152621894826285e-40,0.0011776136084444611
18000,18001,90.005,34,2.39514616123572e-38,128,0.00307454809701202,0.0030745480970120194,1.4105515845261026e-16,2,0.0011776136084444611,0.0005086827256910987,0.0011776136084444611,0.000986877213736011,0.00033733030407014596,0.9791695419783663,0.020198498494658264,0.0006319595269753845,0.020830458021633653,45,45,3.9152621894826285e-40,0.0011776136084444611
18000,18001,90.005,35,1.627220636034377e-38,104,0.00307454809701202,0.0030745480970120194,1.4105515845261026e-16,2,0.0011776136084444611,0.0005086827256910987,0.0011776136084444611,0.000986877213736011,0.00033733030407014596,0.9791695419783663,0.020198498494658264,0.0006319595269753845,0.020830458021633653,45,45,3.9152621894826285e-40,0.0011776136084444611
18000,18001,90.005,36,1.6849845901349075e-38,88,0.00307454809701202,0.0030745480970120194,1.4105515845261026e-16,2,0.0011776136084444611,0.0005086827256910987,0.0011776136084444611,0.000986877213736011,0.00033733030407014596,0.9791695419783663,0.020198498494658264,0.0006319595269753845,0.020830458021633653,45,45,3.9152621894826285e-40,0.0011776136084444611
18000,18001,90.005,37,9.614601184542258e-39,76,0.00307454809701202,0.0030745480970120194,1.4105515845261026e-16,2,0.0011776136084444611,0.0005086827256910987,0.0011776136084444611,0.000986877213736011,0.00033733030407014596,0.9791695419783663,0.020198498494658264,0.0006319595269753845,0.020830458021633653,45,45,3.9152621894826285e-40,0.0011776136084444611
18000,18001,90.005,38,9.317863174290184e-39,68,0.00307454809701202,0.0030745480970120194,1.4105515845261026e-16,2,0.0011776136084444611,0.0005086827256910987,0.0011776136084444611,0.000986877213736011,0.00033733030407014596,0.9791695419783663,0.020198498494658264,0.0006319595269753845,0.020830458021633653,45,45,3.9152621894826285e-40,0.0011776136084444611
18000,18001,90.005,39,4.2611126321826027e-39,48,0.00307454809701202,0.0030745480970120194,1.4105515845261026e-16,2,0.0011776136084444611,0.0005086827256910987,0.0011776136084444611,0.000986877213736011,0.00033733030407014596,0.9791695419783663,0.020198498494658264,0.0006319595269753845,0.020830458021633653,45,45,3.9152621894826285e-40,0.0011776136084444611
18000,18001,90.005,40,9.229098307873031e-39,56,0.00307454809701202,0.0030745480970120194,1.4105515845261026e-16,2,0.0011776136084444611,0.0005086827256910987,0.0011776136084444611,0.000986877213736011,0.00033733030407014596,0.9791695419783663,0.020198498494658264,0.0006319595269753845,0.020830458021633653,45,45,3.9152621894826285e-40,0.0011776136084444611
18000,18001,90.005,41,5.124618446812549e-39,28,0.00307454809701202,0.0030745480970120194,1.4105515845261026e-16,2,0.0011776136084444611,0.0005086827256910987,0.0011776136084444611,0.000986877213736011,0.00033733030407014596,0.9791695419783663,0.020198498494658264,0.0006319595269753845,0.020830458021633653,45,45,3.9152621894826285e-40,0.0011776136084444611
18000,18001,90.005,42,5.8745304691829586e-39,32,0.00307454809701202,0.0030745480970120194,1.4105515845261026e-16,2,0.0011776136084444611,0.0005086827256910987,0.0011776136084444611,0.000986877213736011,0.00033733030407014596,0.9791695419783663,0.020198498494658264,0.0006319595269753845,0.020830458021633653,45,45,3.9152621894826285e-40,0.0011776136084444611
18000,18001,90.005,43,1.8215798274445016e-39,16,0.00307454809701202,0.0030745480970120194,1.4105515845261026e-16,2,0.0011776136084444611,0.0005086827256910987,0.0011776136084444611,0.000986877213736011,0.00033733030407014596,0.9791695419783663,0.020198498494658264,0.0006319595269753845,0.020830458021633653,45,45,3.9152621894826285e-40,0.0011776136084444611
18000,18001,90.005,44,6.278033248057794e-40,8,0.00307454809701202,0.0030745480970120194,1.4105515845261026e-16,2,0.0011776136084444611,0.0005086827256910987,0.0011776136084444611,0.000986877213736011,0.00033733030407014596,0.9791695419783663,0.020198498494658264,0.0006319595269753845,0.020830458021633653,45,45,3.9152621894826285e-40,0.0011776136084444611
18000,18001,90.005,45,3.9152621894826285e-40,5,0.00307454809701202,0.0030745480970120194,1.4105515845261026e-16,2,0.0011776136084444611,0.0005086827256910987,0.0011776136084444611,0.000986877213736011,0.00033733030407014596,0.9791695419783663,0.020198498494658264,0.0006319595269753845,0.020830458021633653,45,45,3.9152621894826285e-40,0.0011776136084444611
18500,18501,92.505,1,0.0005226757589185336,8,0.0030678786364447107,0.00306787863644471,2.827236148407643e-16,2,0.00123873212274233,0.0005226757589185336,0.00123873212274233,0.0009127698404425041,0.0003287652402445908,0.9788336887498249,0.02057900894583801,0.0005873023043370512,0.021166311250175065,45,45,2.0692553796168914e-40,0.00123873212274233
18500,18501,92.505,2,0.00123873212274233,12,0.0030678786364447107,0.00306787863644471,2.827236148407643e-16,2,0.00123873212274233,0.0005226757589185336,0.00123873212274233,0.0009127698404425041,0.0003287652402445908,0.9788336887498249,0.02057900894583801,0.0005873023043370512,0.021166311250175065,45,45,2.0692553796168914e-40,0.00123873212274233
18500,18501,92.505,3,0.0009127698404425041,16,0.0030678786364447107,0.00306787863644471,2.827236148407643e-16,2,0.00123873212274233,0.0005226757589185336,0.00123873212274233,0.0009127698404425041,0.0003287652402445908,0.9788336887498249,0.02057900894583801,0.0005873023043370512,0.021166311250175065,45,45,2.0692553796168914e-40,0.00123873212274233
18500,18501,92.505,4,0.0003287652402445908,32,0.0030678786364447107,0.00306787863644471,2.827236148407643e-16,2,0.00123873212274233,0.0005226757589185336,0.00123873212274233,0.0009127698404425041,0.0003287652402445908,0.9788336887498249,0.02057900894583801,0.0005873023043370512,0.021166311250175065,45,45,2.0692553796168914e-40,0.00123873212274233
18500,18501,92.505,5,3.66932678366331e-05,28,0.0030678786364447107,0.00306787863644471,2.827236148407643e-16,2,0.00123873212274233,0.0005226757589185336,0.00123873212274233,0.0009127698404425041,0.0003287652402445908,0.9788336887498249,0.02057900894583801,0.0005873023043370512,0.021166311250175065,45,45,2.0692553796168914e-40,0.00123873212274233
18500,18501,92.505,6,1.2747401091530257e-05,40,0.0030678786364447107,0.00306787863644471,2.827236148407643e-16,2,0.00123873212274233,0.0005226757589185336,0.00123873212274233,0.0009127698404425041,0.0003287652402445908,0.9788336887498249,0.02057900894583801,0.0005873023043370512,0.021166311250175065,45,45,2.0692553796168914e-40,0.00123873212274233
18500,18501,92.505,7,7.096760182208422e-06,40,0.0030678786364447107,0.00306787863644471,2.827236148407643e-16,2,0.00123873212274233,0.0005226757589185336,0.00123873212274233,0.0009127698404425041,0.0003287652402445908,0.9788336887498249,0.02057900894583801,0.0005873023043370512,0.021166311250175065,45,45,2.0692553796168914e-40,0.00123873212274233
18500,18501,92.505,8,4.317321500410199e-06,48,0.0030678786364447107,0.00306787863644471,2.827236148407643e-16,2,0.00123873212274233,0.0005226757589185336,0.00123873212274233,0.0009127698404425041,0.0003287652402445908,0.9788336887498249,0.02057900894583801,0.0005873023043370512,0.021166311250175065,45,45,2.0692553796168914e-40,0.00123873212274233
18500,18501,92.505,9,2.279151293359033e-06,68,0.0030678786364447107,0.00306787863644471,2.827236148407643e-16,2,0.00123873212274233,0.0005226757589185336,0.00123873212274233,0.0009127698404425041,0.0003287652402445908,0.9788336887498249,0.02057900894583801,0.0005873023043370512,0.021166311250175065,45,45,2.0692553796168914e-40,0.00123873212274233
18500,18501,92.505,10,6.729306656433316e-07,56,0.0030678786364447107,0.00306787863644471,2.827236148407643e-16,2,0.00123873212274233,0.0005226757589185336,0.00123873212274233,0.0009127698404425041,0.0003287652402445908,0.9788336887498249,0.02057900894583801,0.0005873023043370512,0.021166311250175065,45,45,2.0692553796168914e-40,0.00123873212274233
18500,18501,92.505,11,4.148388668346114e-07,72,0.0030678786364447107,0.00306787863644471,2.827236148407643e-16,2,0.00123873212274233,0.0005226757589185336,0.00123873212274233,0.0009127698404425041,0.0003287652402445908,0.9788336887498249,0.02057900894583801,0.0005873023043370512,0.021166311250175065,45,45,2.0692553796168914e-40,0.00123873212274233
18500,18501,92.505,12,2.82546312292232e-07,68,0.0030678786364447107,0.00306787863644471,2.827236148407643e-16,2,0.00123873212274233,0.0005226757589185336,0.00123873212274233,0.0009127698404425041,0.0003287652402445908,0.9788336887498249,0.02057900894583801,0.0005873023043370512,0.021166311250175065,45,45,2.0692553796168914e-40,0.00123873212274233
18500,18501,92.505,13,1.613785236697681e-07,88,0.0030678786364447107,0.00306787863644471,2.827236148407643e-16,2,0.00123873212274233,0.0005226757589185336,0.00123873212274233,0.0009127698404425041,0.0003287652402445908,0.9788336887498249,0.02057900894583801,0.0005873023043370512,0.021166311250175065,45,45,2.0692553796168914e-40,0.00123873212274233
18500,18501,92.505,14,1.126464059755522e-07,88,0.0030678786364447107,0.00306787863644471,2.827236148407643e-16,2,0.00123873212274233,0.0005226757589185336,0.00123873212274233,0.0009127698404425041,0.0003287652402445908,0.9788336887498249,0.02057900894583801,0.0005873023043370512,0.021166311250175065,45,45,2.0692553796168914e-40,0.00123873212274233
18500,18501,92.505,15,6.346917642519691e-08,84,0.0030678786364447107,0.00306787863644471,2.827236148407643e-16,2,0.00123873212274233,0.0005226757589185336,0.00123873212274233,0.0009127698404425041,0.0003287652402445908,0.9788336887498249,0.02057900894583801,0.0005873023043370512,0.021166311250175065,45,45,2.0692553796168914e-40,0.00123873212274233
18500,18501,92.505,16,4.220030077239993e-08,112,0.0030678786364447107,0.00306787863644471,2.827236148407643e-16,2,0.00123873212274233,0.0005226757589185336,0.00123873212274233,0.0009127698404425041,0.0003287652402445908,0.9788336887498249,0.02057900894583801,0.0005873023043370512,0.021166311250175065,45,45,2.0692553796168914e-40,0.00123873212274233
18500,18501,92.505,17,2.2979403643566243e-08,112,0.0030678786364447107,0.00306787863644471,2.827236148407643e-16,2,0.00123873212274233,0.0005226757589185336,0.00123873212274233,0.0009127698404425041,0.0003287652402445908,0.9788336887498249,0.02057900894583801,0.0005873023043370512,0.021166311250175065,45,45,2.0692553796168914e-40,0.00123873212274233
18500,18501,92.505,18,1.1448897594602105e-08,112,0.0030678786364447107,0.00306787863644471,2.827236148407643e-16,2,0.00123873212274233,0.0005226757589185336,0.00123873212274233,0.0009127698404425041,0.0003287652402445908,0.9788336887498249,0.02057900894583801,0.0005873023043370512,0.021166311250175065,45,45,2.0692553796168914e-40,0.00123873212274233
18500,18501,92.505,19,7.263368537437746e-09,116,0.0030678786364447107,0.00306787863644471,2.827236148407643e-16,2,0.00123873212274233,0.0005226757589185336,0.00123873212274233,0.0009127698404425041,0.0003287652402445908,0.9788336887498249,0.02057900894583801,0.0005873023043370512,0.021166311250175065,45,45,2.0692553796168914e-40,0.00123873212274233
18500,18501,92.505,20,4.778378462461008e-09,112,0.0030678786364447107,0.00306787863644471,2.827236148407643e-16,2,0.00123873212274233,0.0005226757589185336,0.00123873212274233,0.0009127698404425041,0.0003287652402445908,0.9788336887498249,0.02057900894583801,0.0005873023043370512,0.021166311250175065,45,45,2.0692553796168914e-40,0.00123873212274233
18500,18501,92.505,21,3.0823135532108254e-09,144,0.0030678786364447107,0.00306787863644471,2.827236148407643e-16,2,0.00123873212274233,0.0005226757589185336,0.00123873212274233,0.0009127698404425041,0.0003287652402445908,0.9788336887498249,0.02057900894583801,0.0005873023043370512,0.021166311250175065,45,45,2.0692553796168914e-40,0.00123873212274233
18500,18501,92.505,22,1.561211270850972e-09,140,0.0030678786364447107,0.00306787863644471,2.827236148407643e-16,2,0.00123873212274233,0.0005226757589185336,0.00123873212274233,0.0009127698404425041,0.0003287652402445908,0.9788336887498249,0.02057900894583801,0.0005873023043370512,0.021166311250175065,45,45,2.0692553796168914e-40,0.00123873212274233
18500,18501,92.505,23,4.2149212527121636e-10,144,0.0030678786364447107,0.00306787863644471,2.827236148407643e-16,2,0.00123873212274233,0.0005226757589185336,0.00123873212274233,0.0009127698404425041,0.0003287652402445908,0.9788336887498249,0.02057900894583801,0.0005873023043370512,0.021166311250175065,45,45,2.0692553796168914e-40,0.00123873212274233
18500,18501,92.505,24,1.552238103661096e-10,144,0.0030678786364447107,0.00306787863644471,2.827236148407643e-16,2,0.00123873212274233,0.0005226757589185336,0.00123873212274233,0.0009127698404425041,0.0003287652402445908,0.9788336887498249,0.02057900894583801,0.0005873023043370512,0.021166311250175065,45,45,2.0692553796168914e-40,0.00123873212274233
18500,18501,92.505,25,4.678179005168539e-11,168,0.0030678786364447107,0.00306787863644471,2.827236148407643e-16,2,0.00123873212274233,0.0005226757589185336,0.00123873212274233,0.0009127698404425041,0.0003287652402445908,0.9788336887498249,0.02057900894583801,0.0005873023043370512,0.021166311250175065,45,45,2.0692553796168914e-40,0.00123873212274233
18500,18501,92.505,26,1.577457157388982e-11,164,0.0030678786364447107,0.00306787863644471,2.827236148407643e-16,2,0.00123873212274233,0.0005226757589185336,0.00123873212274233,0.0009127698404425041,0.0003287652402445908,0.9788336887498249,0.02057900894583801,0.0005873023043370512,0.021166311250175065,45,45,2.0692553796168914e-40,0.00123873212274233
18500,18501,92.505,27,3.306019415470202e-12,160,0.0030678786364447107,0.00306787863644471,2.827236148407643e-16,2,0.00123873212274233,0.0005226757589185336,0.00123873212274233,0.0009127698404425041,0.0003287652402445908,0.9788336887498249,0.02057900894583801,0.0005873023043370512,0.021166311250175065,45,45,2.0692553796168914e-40,0.00123873212274233
18500,18501,92.505,28,4.834047888185163e-12,184,0.0030678786364447107,0.00306787863644471,2.827236148407643e-16,2,0.00123873212274233,0.0005226757589185336,0.00123873212274233,0.0009127698404425041,0.0003287652402445908,0.9788336887498249,0.02057900894583801,0.0005873023043370512,0.021166311250175065,45,45,2.0692553796168914e-40,0.00123873212274233
18500,18501,92.505,29,7.94339167301233e-13,172,0.0030678786364447107,0.00306787863644471,2.827236148407643e-16,2,0.00123873212274233,0.0005226757589185336,0.00123873212274233,0.0009127698404425041,0.0003287652402445908,0.9788336887498249,0.02057900894583801,0.0005873023043370512,0.021166311250175065,45,45,2.0692553796168914e-40,0.00123873212274233
18500,18501,92.505,30,1.6123143351939652e-13,200,0.0030678786364447107,0.00306787863644471,2.827236148407643e-16,2,0.00123873212274233,0.0005226757589185336,0.00123873212274233,0.0009127698404425041,0.0003287652402445908,0.9788336887498249,0.02057900894583801,0.0005873023043370512,0.021166311250175065,45,45,2.0692553796168914e-40,0.00123873212274233
18500,18501,92.505,31,1.467404333034958e-37,192,0.0030678786364447107,0.00306787863644471,2.827236148407643e-16,2,0.00123873212274233,0.0005226757589185336,0.00123873212274233,0.0009127698404425041,0.0003287652402445908,0.9788336887498249,0.02057900894583801,0.0005873023043370512,0.021166311250175065,45,45,2.0692553796168914e-40,0.00123873212274233
18500,18501,92.505,32,4.462450237851977e-38,166,0.0030678786364447107,0.00306787863644471,2.827236148407643e-16,2,0.00123873212274233,0.0005226757589185336,0.00123873212274233,0.0009127698404425041,0.0003287652402445908,0.9788336887498249,0.02057900894583801,0.0005873023043370512,0.021166311250175065,45,45,2.0692553796168914e-40,0.00123873212274233
18500,18501,92.505,33,2.598016905451046e-38,148,0.0030678786364447107,0.00306787863644471,2.827236148407643e-16,2,0.00123873212274233,0.0005226757589185336,0.00123873212274233,0.0009127698404425041,0.0003287652402445908,0.9788336887498249,0.02057900894583801,0.0005873023043370512,0.021166311250175065,45,45,2.0692553796168914e-40,0.00123873212274233
18500,18501,92.505,34,2.2490772892945593e-38,128,0.0030678786364447107,0.00306787863644471,2.827236148407643e-16,2,0.00123873212274233,0.0005226757589185336,0.00123873212274233,0.0009127698404425041,0.0003287652402445908,0.9788336887498249,0.02057900894583801,0.0005873023043370512,0.021166311250175065,45,45,2.0692553796168914e-40,0.00123873212274233
18500,18501,92.505,35,1.5765371490752546e-38,104,0.0030678786364447107,0.00306787863644471,2.827236148407643e-16,2,0.00123873212274233,0.0005226757589185336,0.00123873212274233,0.0009127698404425041,0.0003287652402445908,0.9788336887498249,0.02057900894583801,0.0005873023043370512,0.021166311250175065,45,45,2.0692553796168914e-40,0.00123873212274233
18500,18501,92.505,36,1.045255780943864e-38,88,0.0030678786364447107,0.00306787863644471,2.827236148407643e-16,2,0.00123873212274233,0.0005226757589185336,0.00123873212274233,0.0009127698404425041,0.0003287652402445908,0.9788336887498249,0.02057900894583801,0.0005873023043370512,0.021166311250175065,45,45,2.0692553796168914e-40,0.00123873212274233
18500,18501,92.505,37,9.96010267333326e-39,76,0.0030678786364447107,0.00306787863644471,2.827236148407643e-16,2,0.00123873212274233,0.0005226757589185336,0.00123873212274233,0.0009127698404425041,0.0003287652402445908,0.9788336887498249,0.02057900894583801,0.0005873023043370512,0.021166311250175065,45,45,2.0692553796168914e-40,0.00123873212274233
18500,18501,92.505,38,8.508775606187717e-39,68,0.0030678786364447107,0.00306787863644471,2.827236148407643e-16,2,0.00123873212274233,0.0005226757589185336,0.00123873212274233,0.0009127698404425041,0.0003287652402445908,0.9788336887498249,0.02057900894583801,0.0005873023043370512,0.021166311250175065,45,45,2.0692553796168914e-40,0.00123873212274233
18500,18501,92.505,39,4.7981326129629626e-39,48,0.0030678786364447107,0.00306787863644471,2.827236148407643e-16,2,0.00123873212274233,0.0005226757589185336,0.00123873212274233,0.0009127698404425041,0.0003287652402445908,0.9788336887498249,0.02057900894583801,0.0005873023043370512,0.021166311250175065,45,45,2.0692553796168914e-40,0.00123873212274233
18500,18501,92.505,40,9.242636541634002e-39,56,0.0030678786364447107,0.00306787863644471,2.827236148407643e-16,2,0.00123873212274233,0.0005226757589185336,0.00123873212274233,0.0009127698404425041,0.0003287652402445908,0.9788336887498249,0.02057900894583801,0.0005873023043370512,0.021166311250175065,45,45,2.0692553796168914e-40,0.00123873212274233
18500,18501,92.505,41,4.086558296575941e-39,28,0.0030678786364447107,0.00306787863644471,2.827236148407643e-16,2,0.00123873212274233,0.0005226757589185336,0.00123873212274233,0.0009127698404425041,0.0003287652402445908,0.9788336887498249,0.02057900894583801,0.0005873023043370512,0.021166311250175065,45,45,2.0692553796168914e-40,0.00123873212274233
18500,18501,92.505,42,3.696958122233003e-39,32,0.0030678786364447107,0.00306787863644471,2.827236148407643e-16,2,0.00123873212274233,0.0005226757589185336,0.00123873212274233,0.0009127698404425041,0.0003287652402445908,0.9788336887498249,0.02057900894583801,0.0005873023043370512,0.021166311250175065,45,45,2.0692553796168914e-40,0.00123873212274233
18500,18501,92.505,43,1.9953486836850774e-39,16,0.0030678786364447107,0.00306787863644471,2.827236148407643e-16,2,0.00123873212274233,0.0005226757589185336,0.00123873212274233,0.0009127698404425041,0.0003287652402445908,0.9788336887498249,0.02057900894583801,0.0005873023043370512,0.021166311250175065,45,45,2.0692553796168914e-40,0.00123873212274233
18500,18501,92.505,44,5.1058184796055646e-40,8,0.0030678786364447107,0.00306787863644471,2.827236148407643e-16,2,0.00123873212274233,0.0005226757589185336,0.00123873212274233,0.0009127698404425041,0.0003287652402445908,0.9788336887498249,0.02057900894583801,0.0005873023043370512,0.021166311250175065,45,45,2.0692553796168914e-40,0.00123873212274233
18500,18501,92.505,45,2.0692553796168914e-40,5,0.0030678786364447107,0.00306787863644471,2.827236148407643e-16,2,0.00123873212274233,0.0005226757589185336,0.00123873212274233,0.0009127698404425041,0.0003287652402445908,0.9788336887498249,0.02057900894583801,0.0005873023043370512,0.021166311250175065,45,45,2.0692553796168914e-40,0.00123873212274233
19000,19001,95.005,1,0.0005421474885791937,8,0.0030628021965676882,0.0030628021965676874,2.831922149463023e-16,2,0.0012784637332941202,0.0005421474885791937,0.0012784637332941202,0.0008586175858335001,0.0003155878496525573,0.9778028305959479,0.021656650098597314,0.0005405193054549137,0.022197169404052225,45,45,3.772671503215546e-40,0.0012784637332941202
19000,19001,95.005,2,0.0012784637332941202,12,0.0030628021965676882,0.0030628021965676874,2.831922149463023e-16,2,0.0012784637332941202,0.0005421474885791937,0.0012784637332941202,0.0008586175858335001,0.0003155878496525573,0.9778028305959479,0.021656650098597314,0.0005405193054549137,0.022197169404052225,45,45,3.772671503215546e-40,0.0012784637332941202
19000,19001,95.005,3,0.0008586175858335001,16,0.0030628021965676882,0.0030628021965676874,2.831922149463023e-16,2,0.0012784637332941202,0.0005421474885791937,0.0012784637332941202,0.0008586175858335001,0.0003155878496525573,0.9778028305959479,0.021656650098597314,0.0005405193054549137,0.022197169404052225,45,45,3.772671503215546e-40,0.0012784637332941202
19000,19001,95.005,4,0.0003155878496525573,32,0.0030628021965676882,0.0030628021965676874,2.831922149463023e-16,2,0.0012784637332941202,0.0005421474885791937,0.0012784637332941202,0.0008586175858335001,0.0003155878496525573,0.9778028305959479,0.021656650098597314,0.0005405193054549137,0.022197169404052225,45,45,3.772671503215546e-40,0.0012784637332941202
19000,19001,95.005,5,4.046522847140822e-05,28,0.0030628021965676882,0.0030628021965676874,2.831922149463023e-16,2,0.0012784637332941202,0.0005421474885791937,0.0012784637332941202,0.0008586175858335001,0.0003155878496525573,0.9778028305959479,0.021656650098597314,0.0005405193054549137,0.022197169404052225,45,45,3.772671503215546e-40,0.0012784637332941202
19000,19001,95.005,6,1.3346917159238554e-05,40,0.0030628021965676882,0.0030628021965676874,2.831922149463023e-16,2,0.0012784637332941202,0.0005421474885791937,0.0012784637332941202,0.0008586175858335001,0.0003155878496525573,0.9778028305959479,0.021656650098597314,0.0005405193054549137,0.022197169404052225,45,45,3.772671503215546e-40,0.0012784637332941202
19000,19001,95.005,7,6.266066390114816e-06,40,0.0030628021965676882,0.0030628021965676874,2.831922149463023e-16,2,0.0012784637332941202,0.0005421474885791937,0.0012784637332941202,0.0008586175858335001,0.0003155878496525573,0.9778028305959479,0.021656650098597314,0.0005405193054549137,0.022197169404052225,45,45,3.772671503215546e-40,0.0012784637332941202
19000,19001,95.005,8,3.86976658810878e-06,48,0.0030628021965676882,0.0030628021965676874,2.831922149463023e-16,2,0.0012784637332941202,0.0005421474885791937,0.0012784637332941202,0.0008586175858335001,0.0003155878496525573,0.9778028305959479,0.021656650098597314,0.0005405193054549137,0.022197169404052225,45,45,3.772671503215546e-40,0.0012784637332941202
19000,19001,95.005,9,2.3820568834112997e-06,68,0.0030628021965676882,0.0030628021965676874,2.831922149463023e-16,2,0.0012784637332941202,0.0005421474885791937,0.0012784637332941202,0.0008586175858335001,0.0003155878496525573,0.9778028305959479,0.021656650098597314,0.0005405193054549137,0.022197169404052225,45,45,3.772671503215546e-40,0.0012784637332941202
19000,19001,95.005,10,5.569997334867328e-07,56,0.0030628021965676882,0.0030628021965676874,2.831922149463023e-16,2,0.0012784637332941202,0.0005421474885791937,0.0012784637332941202,0.0008586175858335001,0.0003155878496525573,0.9778028305959479,0.021656650098597314,0.0005405193054549137,0.022197169404052225,45,45,3.772671503215546e-40,0.0012784637332941202
19000,19001,95.005,11,4.604524248254796e-07,72,0.0030628021965676882,0.0030628021965676874,2.831922149463023e-16,2,0.0012784637332941202,0.0005421474885791937,0.0012784637332941202,0.0008586175858335001,0.0003155878496525573,0.9778028305959479,0.021656650098597314,0.0005405193054549137,0.022197169404052225,45,45,3.772671503215546e-40,0.0012784637332941202
19000,19001,95.005,12,2.4474033863608655e-07,68,0.0030628021965676882,0.0030628021965676874,2.831922149463023e-16,2,0.0012784637332941202,0.0005421474885791937,0.0012784637332941202,0.0008586175858335001,0.0003155878496525573,0.9778028305959479,0.021656650098597314,0.0005405193054549137,0.022197169404052225,45,45,3.772671503215546e-40,0.0012784637332941202
19000,19001,95.005,13,1.5790083225257864e-07,88,0.0030628021965676882,0.0030628021965676874,2.831922149463023e-16,2,0.0012784637332941202,0.0005421474885791937,0.0012784637332941202,0.0008586175858335001,0.0003155878496525573,0.9778028305959479,0.021656650098597314,0.0005405193054549137,0.022197169404052225,45,45,3.772671503215546e-40,0.0012784637332941202
19000,19001,95.005,14,1.0089556445687664e-07,88,0.0030628021965676882,0.0030628021965676874,2.831922149463023e-16,2,0.0012784637332941202,0.0005421474885791937,0.0012784637332941202,0.0008586175858335001,0.0003155878496525573,0.9778028305959479,0.021656650098597314,0.0005405193054549137,0.022197169404052225,45,45,3.772671503215546e-40,0.0012784637332941202
19000,19001,95.005,15,5.1719115708697976e-08,84,0.0030628021965676882,0.0030628021965676874,2.831922149463023e-16,2,0.0012784637332941202,0.0005421474885791937,0.0012784637332941202,0.0008586175858335001,0.0003155878496525573,0.9778028305959479,0.021656650098597314,0.0005405193054549137,0.022197169404052225,45,45,3.772671503215546e-40,0.0012784637332941202
19000,19001,95.005,16,3.8034455473027354e-08,112,0.0030628021965676882,0.0030628021965676874,2.831922149463023e-16,2,0.0012784637332941202,0.0005421474885791937,0.0012784637332941202,0.0008586175858335001,0.0003155878496525573,0.9778028305959479,0.021656650098597314,0.0005405193054549137,0.022197169404052225,45,45,3.772671503215546e-40,0.0012784637332941202
19000,19001,95.005,17,2.1041248619472668e-08,112,0.0030628021965676882,0.0030628021965676874,2.831922149463023e-16,2,0.0012784637332941202,0.0005421474885791937,0.0012784637332941202,0.0008586175858335001,0.0003155878496525573,0.9778028305959479,0.021656650098597314,0.0005405193054549137,0.022197169404052225,45,45,3.772671503215546e-40,0.0012784637332941202
19000,19001,95.005,18,9.578340501579362e-09,112,0.0030628021965676882,0.0030628021965676874,2.831922149463023e-16,2,0.0012784637332941202,0.0005421474885791937,0.0012784637332941202,0.0008586175858335001,0.0003155878496525573,0.9778028305959479,0.021656650098597314,0.0005405193054549137,0.022197169404052225,45,45,3.772671503215546e-40,0.0012784637332941202
19000,19001,95.005,19,6.158987526280799e-09,116,0.0030628021965676882,0.0030628021965676874,2.831922149463023e-16,2,0.0012784637332941202,0.0005421474885791937,0.0012784637332941202,0.0008586175858335001,0.0003155878496525573,0.9778028305959479,0.021656650098597314,0.0005405193054549137,0.022197169404052225,45,45,3.772671503215546e-40,0.0012784637332941202
19000,19001,95.005,20,3.5782015446802877e-09,112,0.0030628021965676882,0.0030628021965676874,2.831922149463023e-16,2,0.0012784637332941202,0.0005421474885791937,0.0012784637332941202,0.0008586175858335001,0.0003155878496525573,0.9778028305959479,0.021656650098597314,0.0005405193054549137,0.022197169404052225,45,45,3.772671503215546e-40,0.0012784637332941202
19000,19001,95.005,21,2.627235004397717e-09,144,0.0030628021965676882,0.0030628021965676874,2.831922149463023e-16,2,0.0012784637332941202,0.0005421474885791937,0.0012784637332941202,0.0008586175858335001,0.0003155878496525573,0.9778028305959479,0.021656650098597314,0.0005405193054549137,0.022197169404052225,45,45,3.772671503215546e-40,0.0012784637332941202
19000,19001,95.005,22,1.179158104102305e-09,140,0.0030628021965676882,0.0030628021965676874,2.831922149463023e-16,2,0.0012784637332941202,0.0005421474885791937,0.0012784637332941202,0.0008586175858335001,0.0003155878496525573,0.9778028305959479,0.021656650098597314,0.0005405193054549137,0.022197169404052225,45,45,3.772671503215546e-40,0.0012784637332941202
19000,19001,95.005,23,3.492392692242973e-10,144,0.0030628021965676882,0.0030628021965676874,2.831922149463023e-16,2,0.0012784637332941202,0.0005421474885791937,0.0012784637332941202,0.0008586175858335001,0.0003155878496525573,0.9778028305959479,0.021656650098597314,0.0005405193054549137,0.022197169404052225,45,45,3.772671503215546e-40,0.0012784637332941202
19000,19001,95.005,24,1.721410500943668e-10,144,0.0030628021965676882,0.0030628021965676874,2.831922149463023e-16,2,0.0012784637332941202,0.0005421474885791937,0.0012784637332941202,0.0008586175858335001,0.0003155878496525573,0.9778028305959479,0.021656650098597314,0.0005405193054549137,0.022197169404052225,45,45,3.772671503215546e-40,0.0012784637332941202
19000,19001,95.005,25,4.846986510698557e-11,168,0.0030628021965676882,0.0030628021965676874,2.831922149463023e-16,2,0.0012784637332941202,0.0005421474885791937,0.0012784637332941202,0.0008586175858335001,0.0003155878496525573,0.9778028305959479,0.021656650098597314,0.0005405193054549137,0.022197169404052225,45,45,3.772671503215546e-40,0.0012784637332941202
19000,19001,95.005,26,1.9956298865224927e-11,164,0.0030628021965676882,0.0030628021965676874,2.831922149463023e-16,2,0.0012784637332941202,0.0005421474885791937,0.0012784637332941202,0.0008586175858335001,0.0003155878496525573,0.9778028305959479,0.021656650098597314,0.0005405193054549137,0.022197169404052225,45,45,3.772671503215546e-40,0.0012784637332941202
19000,19001,95.005,27,2.8379079574374523e-12,160,0.0030628021965676882,0.0030628021965676874,2.831922149463023e-16,2,0.0012784637332941202,0.0005421474885791937,0.0012784637332941202,0.0008586175858335001,0.0003155878496525573,0.9778028305959479,0.021656650098597314,0.0005405193054549137,0.022197169404052225,45,45,3.772671503215546e-40,0.0012784637332941202
19000,19001,95.005,28,4.4504690333165465e-12,184,0.0030628021965676882,0.0030628021965676874,2.831922149463023e-16,2,0.0012784637332941202,0.0005421474885791937,0.0012784637332941202,0.0008586175858335001,0.0003155878496525573,0.9778028305959479,0.021656650098597314,0.0005405193054549137,0.022197169404052225,45,45,3.772671503215546e-40,0.0012784637332941202
19000,19001,95.005,29,8.119820484374975e-13,172,0.0030628021965676882,0.0030628021965676874,2.831922149463023e-16,2,0.0012784637332941202,0.0005421474885791937,0.0012784637332941202,0.0008586175858335001,0.0003155878496525573,0.9778028305959479,0.021656650098597314,0.0005405193054549137,0.022197169404052225,45,45,3.772671503215546e-40,0.0012784637332941202
19000,19001,95.005,30,1.7305222769800616e-13,200,0.0030628021965676882,0.0030628021965676874,2.831922149463023e-16,2,0.0012784637332941202,0.0005421474885791937,0.0012784637332941202,0.0008586175858335001,0.0003155878496525573,0.9778028305959479,0.021656650098597314,0.0005405193054549137,0.022197169404052225,45,45,3.772671503215546e-40,0.0012784637332941202
19000,19001,95.005,31,1.2399867961793579e-37,192,0.0030628021965676882,0.0030628021965676874,2.831922149463023e-16,2,0.0012784637332941202,0.0005421474885791937,0.0012784637332941202,0.0008586175858335001,0.0003155878496525573,0.9778028305959479,0.021656650098597314,0.0005405193054549137,0.022197169404052225,45,45,3.772671503215546e-40,0.0012784637332941202
19000,19001,95.005,32,3.2937019380098034e-38,166,0.0030628021965676882,0.0030628021965676874,2.831922149463023e-16,2,0.0012784637332941202,0.0005421474885791937,0.0012784637332941202,0.0008586175858335001,0.0003155878496525573,0.9778028305959479,0.021656650098597314,0.0005405193054549137,0.022197169404052225,45,45,3.772671503215546e-40,0.0012784637332941202
19000,19001,95.005,33,2.272212619895735e-38,148,0.0030628021965676882,0.0030628021965676874,2.831922149463023e-16,2,0.0012784637332941202,0.0005421474885791937,0.0012784637332941202,0.0008586175858335001,0.0003155878496525573,0.9778028305959479,0.021656650098597314,0.0005405193054549137,0.022197169404052225,45,45,3.772671503215546e-40,0.0012784637332941202
19000,19001,95.005,34,2.2031783363054363e-38,128,0.0030628021965676882,0.0030628021965676874,2.831922149463023e-16,2,0.0012784637332941202,0.0005421474885791937,0.0012784637332941202,0.0008586175858335001,0.0003155878496525573,0.9778028305959479,0.021656650098597314,0.0005405193054549137,0.022197169404052225,45,45,3.772671503215546e-40,0.0012784637332941202
19000,19001,95.005,35,1.6209463969823472e-38,104,0.0030628021965676882,0.0030628021965676874,2.831922149463023e-16,2,0.0012784637332941202,0.0005421474885791937,0.0012784637332941202,0.0008586175858335001,0.0003155878496525573,0.9778028305959479,0.021656650098597314,0.0005405193054549137,0.022197169404052225,45,45,3.772671503215546e-40,0.0012784637332941202
19000,19001,95.005,36,1.3709509014034357e-38,88,0.0030628021965676882,0.0030628021965676874,2.831922149463023e-16,2,0.0012784637332941202,0.0005421474885791937,0.0012784637332941202,0.0008586175858335001,0.0003155878496525573,0.9778028305959479,0.021656650098597314,0.0005405193054549137,0.022197169404052225,45,45,3.772671503215546e-40,0.0012784637332941202
19000,19001,95.005,37,8.104718596850177e-39,76,0.0030628021965676882,0.0030628021965676874,2.831922149463023e-16,2,0.0012784637332941202,0.0005421474885791937,0.0012784637332941202,0.0008586175858335001,0.0003155878496525573,0.9778028305959479,0.021656650098597314,0.0005405193054549137,0.022197169404052225,45,45,3.772671503215546e-40,0.0012784637332941202
19000,19001,95.005,38,7.761682165825135e-39,68,0.0030628021965676882,0.0030628021965676874,2.831922149463023e-16,2,0.0012784637332941202,0.0005421474885791937,0.0012784637332941202,0.0008586175858335001,0.0003155878496525573,0.9778028305959479,0.021656650098597314,0.0005405193054549137,0.022197169404052225,45,45,3.772671503215546e-40,0.0012784637332941202
19000,19001,95.005,39,4.053889940861781e-39,48,0.0030628021965676882,0.0030628021965676874,2.831922149463023e-16,2,0.0012784637332941202,0.0005421474885791937,0.0012784637332941202,0.0008586175858335001,0.0003155878496525573,0.9778028305959479,0.021656650098597314,0.0005405193054549137,0.022197169404052225,45,45,3.772671503215546e-40,0.0012784637332941202
19000,19001,95.005,40,5.995225477908526e-39,56,0.0030628021965676882,0.0030628021965676874,2.831922149463023e-16,2,0.0012784637332941202,0.0005421474885791937,0.0012784637332941202,0.0008586175858335001,0.0003155878496525573,0.9778028305959479,0.021656650098597314,0.0005405193054549137,0.022197169404052225,45,45,3.772671503215546e-40,0.0012784637332941202
19000,19001,95.005,41,3.126341667330006e-39,28,0.0030628021965676882,0.0030628021965676874,2.831922149463023e-16,2,0.0012784637332941202,0.0005421474885791937,0.0012784637332941202,0.0008586175858335001,0.0003155878496525573,0.9778028305959479,0.021656650098597314,0.0005405193054549137,0.022197169404052225,45,45,3.772671503215546e-40,0.0012784637332941202
19000,19001,95.005,42,3.3829263449824746e-39,32,0.0030628021965676882,0.0030628021965676874,2.831922149463023e-16,2,0.0012784637332941202,0.0005421474885791937,0.0012784637332941202,0.0008586175858335001,0.0003155878496525573,0.9778028305959479,0.021656650098597314,0.0005405193054549137,0.022197169404052225,45,45,3.772671503215546e-40,0.0012784637332941202
19000,19001,95.005,43,1.2270187731180005e-39,16,0.0030628021965676882,0.0030628021965676874,2.831922149463023e-16,2,0.0012784637332941202,0.0005421474885791937,0.0012784637332941202,0.0008586175858335001,0.0003155878496525573,0.9778028305959479,0.021656650098597314,0.0005405193054549137,0.022197169404052225,45,45,3.772671503215546e-40,0.0012784637332941202
19000,19001,95.005,44,3.772671503215546e-40,8,0.0030628021965676882,0.0030628021965676874,2.831922149463023e-16,2,0.0012784637332941202,0.0005421474885791937,0.0012784637332941202,0.0008586175858335001,0.0003155878496525573,0.9778028305959479,0.021656650098597314,0.0005405193054549137,0.022197169404052225,45,45,3.772671503215546e-40,0.0012784637332941202
19000,19001,95.005,45,1.0405641693072606e-39,5,0.0030628021965676882,0.0030628021965676874,2.831922149463023e-16,2,0.0012784637332941202,0.0005421474885791937,0.0012784637332941202,0.0008586175858335001,0.0003155878496525573,0.9778028305959479,0.021656650098597314,0.0005405193054549137,0.022197169404052225,45,45,3.772671503215546e-40,0.0012784637332941202
19500,19501,97.505,1,0.0005678165940045188,8,0.003060938272290214,0.003060938272290214,0.0,2,0.0012956820889359925,0.0005678165940045188,0.0012956820889359925,0.0008269438227138123,0.0002987353338706428,0.97655606667574,0.022956993260408134,0.0004869400638518767,0.023443933324260008,45,45,4.77841855666524e-40,0.0012956820889359925
19500,19501,97.505,2,0.0012956820889359925,12,0.003060938272290214,0.003060938272290214,0.0,2,0.0012956820889359925,0.0005678165940045188,0.0012956820889359925,0.0008269438227138123,0.0002987353338706428,0.97655606667574,0.022956993260408134,0.0004869400638518767,0.023443933324260008,45,45,4.77841855666524e-40,0.0012956820889359925
19500,19501,97.505,3,0.0008269438227138123,16,0.003060938272290214,0.003060938272290214,0.0,2,0.0012956820889359925,0.0005678165940045188,0.0012956820889359925,0.0008269438227138123,0.0002987353338706428,0.97655606667574,0.022956993260408134,0.0004869400638518767,0.023443933324260008,45,45,4.77841855666524e-40,0.0012956820889359925
19500,19501,97.505,4,0.0002987353338706428,32,0.003060938272290214,0.003060938272290214,0.0,2,0.0012956820889359925,0.0005678165940045188,0.0012956820889359925,0.0008269438227138123,0.0002987353338706428,0.97655606667574,0.022956993260408134,0.0004869400638518767,0.023443933324260008,45,45,4.77841855666524e-40,0.0012956820889359925
19500,19501,97.505,5,4.2640089890532014e-05,28,0.003060938272290214,0.003060938272290214,0.0,2,0.0012956820889359925,0.0005678165940045188,0.0012956820889359925,0.0008269438227138123,0.0002987353338706428,0.97655606667574,0.022956993260408134,0.0004869400638518767,0.023443933324260008,45,45,4.77841855666524e-40,0.0012956820889359925
19500,19501,97.505,6,1.5766704696816293e-05,40,0.003060938272290214,0.003060938272290214,0.0,2,0.0012956820889359925,0.0005678165940045188,0.0012956820889359925,0.0008269438227138123,0.0002987353338706428,0.97655606667574,0.022956993260408134,0.0004869400638518767,0.023443933324260008,45,45,4.77841855666524e-40,0.0012956820889359925
19500,19501,97.505,7,5.993472065813275e-06,40,0.003060938272290214,0.003060938272290214,0.0,2,0.0012956820889359925,0.0005678165940045188,0.0012956820889359925,0.0008269438227138123,0.0002987353338706428,0.97655606667574,0.022956993260408134,0.0004869400638518767,0.023443933324260008,45,45,4.77841855666524e-40,0.0012956820889359925
19500,19501,97.505,8,3.4870868390669646e-06,48,0.003060938272290214,0.003060938272290214,0.0,2,0.0012956820889359925,0.0005678165940045188,0.0012956820889359925,0.0008269438227138123,0.0002987353338706428,0.97655606667574,0.022956993260408134,0.0004869400638518767,0.023443933324260008,45,45,4.77841855666524e-40,0.0012956820889359925
19500,19501,97.505,9,2.3825857952632118e-06,68,0.003060938272290214,0.003060938272290214,0.0,2,0.0012956820889359925,0.0005678165940045188,0.0012956820889359925,0.0008269438227138123,0.0002987353338706428,0.97655606667574,0.022956993260408134,0.0004869400638518767,0.023443933324260008,45,45,4.77841855666524e-40,0.0012956820889359925
19500,19501,97.505,10,4.670092046179649e-07,56,0.003060938272290214,0.003060938272290214,0.0,2,0.0012956820889359925,0.0005678165940045188,0.0012956820889359925,0.0008269438227138123,0.0002987353338706428,0.97655606667574,0.022956993260408134,0.0004869400638518767,0.023443933324260008,45,45,4.77841855666524e-40,0.0012956820889359925
19500,19501,97.505,11,4.619902168393895e-07,72,0.003060938272290214,0.003060938272290214,0.0,2,0.0012956820889359925,0.0005678165940045188,0.0012956820889359925,0.0008269438227138123,0.0002987353338706428,0.97655606667574,0.022956993260408134,0.0004869400638518767,0.023443933324260008,45,45,4.77841855666524e-40,0.0012956820889359925
19500,19501,97.505,12,1.972845533600301e-07,68,0.003060938272290214,0.003060938272290214,0.0,2,0.0012956820889359925,0.0005678165940045188,0.0012956820889359925,0.0008269438227138123,0.0002987353338706428,0.97655606667574,0.022956993260408134,0.0004869400638518767,0.023443933324260008,45,45,4.77841855666524e-40,0.0012956820889359925
19500,19501,97.505,13,1.6167809306528903e-07,88,0.003060938272290214,0.003060938272290214,0.0,2,0.0012956820889359925,0.0005678165940045188,0.0012956820889359925,0.0008269438227138123,0.0002987353338706428,0.97655606667574,0.022956993260408134,0.0004869400638518767,0.023443933324260008,45,45,4.77841855666524e-40,0.0012956820889359925
19500,19501,97.505,14,8.576049790476097e-08,88,0.003060938272290214,0.003060938272290214,0.0,2,0.0012956820889359925,0.0005678165940045188,0.0012956820889359925,0.0008269438227138123,0.0002987353338706428,0.97655606667574,0.022956993260408134,0.0004869400638518767,0.023443933324260008,45,45,4.77841855666524e-40,0.0012956820889359925
19500,19501,97.505,15,4.723973831142743e-08,84,0.003060938272290214,0.003060938272290214,0.0,2,0.0012956820889359925,0.0005678165940045188,0.0012956820889359925,0.0008269438227138123,0.0002987353338706428,0.97655606667574,0.022956993260408134,0.0004869400638518767,0.023443933324260008,45,45,4.77841855666524e-40,0.0012956820889359925
19500,19501,97.505,16,3.176826451173142e-08,112,0.003060938272290214,0.003060938272290214,0.0,2,0.0012956820889359925,0.0005678165940045188,0.0012956820889359925,0.0008269438227138123,0.0002987353338706428,0.97655606667574,0.022956993260408134,0.0004869400638518767,0.023443933324260008,45,45,4.77841855666524e-40,0.0012956820889359925
19500,19501,97.505,17,1.8070708840904587e-08,112,0.003060938272290214,0.003060938272290214,0.0,2,0.0012956820889359925,0.0005678165940045188,0.0012956820889359925,0.0008269438227138123,0.0002987353338706428,0.97655606667574,0.022956993260408134,0.0004869400638518767,0.023443933324260008,45,45,4.77841855666524e-40,0.0012956820889359925
19500,19501,97.505,18,8.221507314259839e-09,112,0.003060938272290214,0.003060938272290214,0.0,2,0.0012956820889359925,0.0005678165940045188,0.0012956820889359925,0.0008269438227138123,0.0002987353338706428,0.97655606667574,0.022956993260408134,0.0004869400638518767,0.023443933324260008,45,45,4.77841855666524e-40,0.0012956820889359925
19500,19501,97.505,19,5.184695503748509e-09,116,0.003060938272290214,0.003060938272290214,0.0,2,0.0012956820889359925,0.0005678165940045188,0.0012956820889359925,0.0008269438227138123,0.0002987353338706428,0.97655606667574,0.022956993260408134,0.0004869400638518767,0.023443933324260008,45,45,4.77841855666524e-40,0.0012956820889359925
19500,19501,97.505,20,2.8333683416211182e-09,112,0.003060938272290214,0.003060938272290214,0.0,2,0.0012956820889359925,0.0005678165940045188,0.0012956820889359925,0.0008269438227138123,0.0002987353338706428,0.97655606667574,0.022956993260408134,0.0004869400638518767,0.023443933324260008,45,45,4.77841855666524e-40,0.0012956820889359925
19500,19501,97.505,21,2.0749747885582556e-09,144,0.003060938272290214,0.003060938272290214,0.0,2,0.0012956820889359925,0.0005678165940045188,0.0012956820889359925,0.0008269438227138123,0.0002987353338706428,0.97655606667574,0.022956993260408134,0.0004869400638518767,0.023443933324260008,45,45,4.77841855666524e-40,0.0012956820889359925
19500,19501,97.505,22,8.712890356894738e-10,140,0.003060938272290214,0.003060938272290214,0.0,2,0.0012956820889359925,0.0005678165940045188,0.0012956820889359925,0.0008269438227138123,0.0002987353338706428,0.97655606667574,0.022956993260408134,0.0004869400638518767,0.023443933324260008,45,45,4.77841855666524e-40,0.0012956820889359925
19500,19501,97.505,23,2.7639481407984807e-10,144,0.003060938272290214,0.003060938272290214,0.0,2,0.0012956820889359925,0.0005678165940045188,0.0012956820889359925,0.0008269438227138123,0.0002987353338706428,0.97655606667574,0.022956993260408134,0.0004869400638518767,0.023443933324260008,45,45,4.77841855666524e-40,0.0012956820889359925
19500,19501,97.505,24,1.5091942519945533e-10,144,0.003060938272290214,0.003060938272290214,0.0,2,0.0012956820889359925,0.0005678165940045188,0.0012956820889359925,0.0008269438227138123,0.0002987353338706428,0.97655606667574,0.022956993260408134,0.0004869400638518767,0.023443933324260008,45,45,4.77841855666524e-40,0.0012956820889359925
19500,19501,97.505,25,4.8729992261261925e-11,168,0.003060938272290214,0.003060938272290214,0.0,2,0.0012956820889359925,0.0005678165940045188,0.0012956820889359925,0.0008269438227138123,0.0002987353338706428,0.97655606667574,0.022956993260408134,0.0004869400638518767,0.023443933324260008,45,45,4.77841855666524e-40,0.0012956820889359925
19500,19501,97.505,26,2.1743745494122683e-11,164,0.003060938272290214,0.003060938272290214,0.0,2,0.0012956820889359925,0.0005678165940045188,0.0012956820889359925,0.0008269438227138123,0.0002987353338706428,0.97655606667574,0.022956993260408134,0.0004869400638518767,0.023443933324260008,45,45,4.77841855666524e-40,0.0012956820889359925
19500,19501,97.505,27,4.33972928371635e-12,160,0.003060938272290214,0.003060938272290214,0.0,2,0.0012956820889359925,0.0005678165940045188,0.0012956820889359925,0.0008269438227138123,0.0002987353338706428,0.97655606667574,0.022956993260408134,0.0004869400638518767,0.023443933324260008,45,45,4.77841855666524e-40,0.0012956820889359925
19500,19501,97.505,28,3.548430497265485e-12,184,0.003060938272290214,0.003060938272290214,0.0,2,0.0012956820889359925,0.0005678165940045188,0.0012956820889359925,0.0008269438227138123,0.0002987353338706428,0.97655606667574,0.022956993260408134,0.0004869400638518767,0.023443933324260008,45,45,4.77841855666524e-40,0.0012956820889359925
19500,19501,97.505,29,5.170511087287428e-13,172,0.003060938272290214,0.003060938272290214,0.0,2,0.0012956820889359925,0.0005678165940045188,0.0012956820889359925,0.0008269438227138123,0.0002987353338706428,0.97655606667574,0.022956993260408134,0.0004869400638518767,0.023443933324260008,45,45,4.77841855666524e-40,0.0012956820889359925
19500,19501,97.505,30,1.7213235025492242e-13,200,0.003060938272290214,0.003060938272290214,0.0,2,0.0012956820889359925,0.0005678165940045188,0.0012956820889359925,0.0008269438227138123,0.0002987353338706428,0.97655606667574,0.022956993260408134,0.0004869400638518767,0.023443933324260008,45,45,4.77841855666524e-40,0.0012956820889359925
19500,19501,97.505,31,1.0313221885953186e-37,192,0.003060938272290214,0.003060938272290214,0.0,2,0.0012956820889359925,0.0005678165940045188,0.0012956820889359925,0.0008269438227138123,0.0002987353338706428,0.97655606667574,0.022956993260408134,0.0004869400638518767,0.023443933324260008,45,45,4.77841855666524e-40,0.0012956820889359925
19500,19501,97.505,32,6.359466472040197e-38,166,0.003060938272290214,0.003060938272290214,0.0,2,0.0012956820889359925,0.0005678165940045188,0.0012956820889359925,0.0008269438227138123,0.0002987353338706428,0.97655606667574,0.022956993260408134,0.0004869400638518767,0.023443933324260008,45,45,4.77841855666524e-40,0.0012956820889359925
19500,19501,97.505,33,2.1262180697346214e-38,148,0.003060938272290214,0.003060938272290214,0.0,2,0.0012956820889359925,0.0005678165940045188,0.0012956820889359925,0.0008269438227138123,0.0002987353338706428,0.97655606667574,0.022956993260408134,0.0004869400638518767,0.023443933324260008,45,45,4.77841855666524e-40,0.0012956820889359925
19500,19501,97.505,34,1.796615399238596e-38,128,0.003060938272290214,0.003060938272290214,0.0,2,0.0012956820889359925,0.0005678165940045188,0.0012956820889359925,0.0008269438227138123,0.0002987353338706428,0.97655606667574,0.022956993260408134,0.0004869400638518767,0.023443933324260008,45,45,4.77841855666524e-40,0.0012956820889359925
19500,19501,97.505,35,1.2768966601919516e-38,104,0.003060938272290214,0.003060938272290214,0.0,2,0.0012956820889359925,0.0005678165940045188,0.0012956820889359925,0.0008269438227138123,0.0002987353338706428,0.97655606667574,0.022956993260408134,0.0004869400638518767,0.023443933324260008,45,45,4.77841855666524e-40,0.0012956820889359925
19500,19501,97.505,36,1.306494773056687e-38,88,0.003060938272290214,0.003060938272290214,0.0,2,0.0012956820889359925,0.0005678165940045188,0.0012956820889359925,0.0008269438227138123,0.0002987353338706428,0.97655606667574,0.022956993260408134,0.0004869400638518767,0.023443933324260008,45,45,4.77841855666524e-40,0.0012956820889359925
19500,19501,97.505,37,8.894697193179948e-39,76,0.003060938272290214,0.003060938272290214,0.0,2,0.0012956820889359925,0.0005678165940045188,0.0012956820889359925,0.0008269438227138123,0.0002987353338706428,0.97655606667574,0.022956993260408134,0.0004869400638518767,0.023443933324260008,45,45,4.77841855666524e-40,0.0012956820889359925
19500,19501,97.505,38,6.088497068291314e-39,68,0.003060938272290214,0.003060938272290214,0.0,2,0.0012956820889359925,0.0005678165940045188,0.0012956820889359925,0.0008269438227138123,0.0002987353338706428,0.97655606667574,0.022956993260408134,0.0004869400638518767,0.023443933324260008,45,45,4.77841855666524e-40,0.0012956820889359925
19500,19501,97.505,39,5.8322342824432966e-39,48,0.003060938272290214,0.003060938272290214,0.0,2,0.0012956820889359925,0.0005678165940045188,0.0012956820889359925,0.0008269438227138123,0.0002987353338706428,0.97655606667574,0.022956993260408134,0.0004869400638518767,0.023443933324260008,45,45,4.77841855666524e-40,0.0012956820889359925
19500,19501,97.505,40,4.836230753167454e-39,56,0.003060938272290214,0.003060938272290214,0.0,2,0.0012956820889359925,0.0005678165940045188,0.0012956820889359925,0.0008269438227138123,0.0002987353338706428,0.97655606667574,0.022956993260408134,0.0004869400638518767,0.023443933324260008,45,45,4.77841855666524e-40,0.0012956820889359925
19500,19501,97.505,41,1.889245634133065e-39,28,0.003060938272290214,0.003060938272290214,0.0,2,0.0012956820889359925,0.0005678165940045188,0.0012956820889359925,0.0008269438227138123,0.0002987353338706428,0.97655606667574,0.022956993260408134,0.0004869400638518767,0.023443933324260008,45,45,4.77841855666524e-40,0.0012956820889359925
19500,19501,97.505,42,3.996839580090364e-39,32,0.003060938272290214,0.003060938272290214,0.0,2,0.0012956820889359925,0.0005678165940045188,0.0012956820889359925,0.0008269438227138123,0.0002987353338706428,0.97655606667574,0.022956993260408134,0.0004869400638518767,0.023443933324260008,45,45,4.77841855666524e-40,0.0012956820889359925
19500,19501,97.505,43,1.6854991979583575e-39,16,0.003060938272290214,0.003060938272290214,0.0,2,0.0012956820889359925,0.0005678165940045188,0.0012956820889359925,0.0008269438227138123,0.0002987353338706428,0.97655606667574,0.022956993260408134,0.0004869400638518767,0.023443933324260008,45,45,4.77841855666524e-40,0.0012956820889359925
19500,19501,97.505,44,1.6773785234001553e-39,8,0.003060938272290214,0.003060938272290214,0.0,2,0.0012956820889359925,0.0005678165940045188,0.0012956820889359925,0.0008269438227138123,0.0002987353338706428,0.97655606667574,0.022956993260408134,0.0004869400638518767,0.023443933324260008,45,45,4.77841855666524e-40,0.0012956820889359925
19500,19501,97.505,45,4.77841855666524e-40,5,0.003060938272290214,0.003060938272290214,0.0,2,0.0012956820889359925,0.0005678165940045188,0.0012956820889359925,0.0008269438227138123,0.0002987353338706428,0.97655606667574,0.022956993260408134,0.0004869400638518767,0.023443933324260008,45,45,4.77841855666524e-40,0.0012956820889359925
20000,20001,100.005,1,0.0006001522876401624,8,0.003062956683543696,0.003062956683543695,2.8317793152233123e-16,2,0.0012914123374708456,0.0006001522876401624,0.0012914123374708456,0.000815429895322484,0.0002825248990834166,0.9760240605355792,0.023525745107484806,0.0004501943569360326,0.02397593946442084,45,45,1.5053547387786452e-40,0.0012914123374708456
20000,20001,100.005,2,0.0012914123374708456,12,0.003062956683543696,0.003062956683543695,2.8317793152233123e-16,2,0.0012914123374708456,0.0006001522876401624,0.0012914123374708456,0.000815429895322484,0.0002825248990834166,0.9760240605355792,0.023525745107484806,0.0004501943569360326,0.02397593946442084,45,45,1.5053547387786452e-40,0.0012914123374708456
20000,20001,100.005,3,0.000815429895322484,16,0.003062956683543696,0.003062956683543695,2.8317793152233123e-16,2,0.0012914123374708456,0.0006001522876401624,0.0012914123374708456,0.000815429895322484,0.0002825248990834166,0.9760240605355792,0.023525745107484806,0.0004501943569360326,0.02397593946442084,45,45,1.5053547387786452e-40,0.0012914123374708456
20000,20001,100.005,4,0.0002825248990834166,32,0.003062956683543696,0.003062956683543695,2.8317793152233123e-16,2,0.0012914123374708456,0.0006001522876401624,0.0012914123374708456,0.000815429895322484,0.0002825248990834166,0.9760240605355792,0.023525745107484806,0.0004501943569360326,0.02397593946442084,45,45,1.5053547387786452e-40,0.0012914123374708456
20000,20001,100.005,5,4.24207601861408e-05,28,0.003062956683543696,0.003062956683543695,2.8317793152233123e-16,2,0.0012914123374708456,0.0006001522876401624,0.0012914123374708456,0.000815429895322484,0.0002825248990834166,0.9760240605355792,0.023525745107484806,0.0004501943569360326,0.02397593946442084,45,45,1.5053547387786452e-40,0.0012914123374708456
20000,20001,100.005,6,1.7359475678284e-05,40,0.003062956683543696,0.003062956683543695,2.8317793152233123e-16,2,0.0012914123374708456,0.0006001522876401624,0.0012914123374708456,0.000815429895322484,0.0002825248990834166,0.9760240605355792,0.023525745107484806,0.0004501943569360326,0.02397593946442084,45,45,1.5053547387786452e-40,0.0012914123374708456
20000,20001,100.005,7,6.286346030497214e-06,40,0.003062956683543696,0.003062956683543695,2.8317793152233123e-16,2,0.0012914123374708456,0.0006001522876401624,0.0012914123374708456,0.000815429895322484,0.0002825248990834166,0.9760240605355792,0.023525745107484806,0.0004501943569360326,0.02397593946442084,45,45,1.5053547387786452e-40,0.0012914123374708456
20000,20001,100.005,8,3.324606547250746e-06,48,0.003062956683543696,0.003062956683543695,2.8317793152233123e-16,2,0.0012914123374708456,0.0006001522876401624,0.0012914123374708456,0.000815429895322484,0.0002825248990834166,0.9760240605355792,0.023525745107484806,0.0004501943569360326,0.02397593946442084,45,45,1.5053547387786452e-40,0.0012914123374708456
20000,20001,100.005,9,2.6671497701432186e-06,68,0.003062956683543696,0.003062956683543695,2.8317793152233123e-16,2,0.0012914123374708456,0.0006001522876401624,0.0012914123374708456,0.000815429895322484,0.0002825248990834166,0.9760240605355792,0.023525745107484806,0.0004501943569360326,0.02397593946442084,45,45,1.5053547387786452e-40,0.0012914123374708456
20000,20001,100.005,10,4.91768233432089e-07,56,0.003062956683543696,0.003062956683543695,2.8317793152233123e-16,2,0.0012914123374708456,0.0006001522876401624,0.0012914123374708456,0.000815429895322484,0.0002825248990834166,0.9760240605355792,0.023525745107484806,0.0004501943569360326,0.02397593946442084,45,45,1.5053547387786452e-40,0.0012914123374708456
20000,20001,100.005,11,4.038435155459964e-07,72,0.003062956683543696,0.003062956683543695,2.8317793152233123e-16,2,0.0012914123374708456,0.0006001522876401624,0.0012914123374708456,0.000815429895322484,0.0002825248990834166,0.9760240605355792,0.023525745107484806,0.0004501943569360326,0.02397593946442084,45,45,1.5053547387786452e-40,0.0012914123374708456
20000,20001,100.005,12,1.631367218810283e-07,68,0.003062956683543696,0.003062956683543695,2.8317793152233123e-16,2,0.0012914123374708456,0.0006001522876401624,0.0012914123374708456,0.000815429895322484,0.0002825248990834166,0.9760240605355792,0.023525745107484806,0.0004501943569360326,0.02397593946442084,45,45,1.5053547387786452e-40,0.0012914123374708456
20000,20001,100.005,13,1.411455706706943e-07,88,0.003062956683543696,0.003062956683543695,2.8317793152233123e-16,2,0.0012914123374708456,0.0006001522876401624,0.0012914123374708456,0.000815429895322484,0.0002825248990834166,0.9760240605355792,0.023525745107484806,0.0004501943569360326,0.02397593946442084,45,45,1.5053547387786452e-40,0.0012914123374708456
20000,20001,100.005,14,7.476918568477378e-08,88,0.003062956683543696,0.003062956683543695,2.8317793152233123e-16,2,0.0012914123374708456,0.0006001522876401624,0.0012914123374708456,0.000815429895322484,0.0002825248990834166,0.9760240605355792,0.023525745107484806,0.0004501943569360326,0.02397593946442084,45,45,1.5053547387786452e-40,0.0012914123374708456
20000,20001,100.005,15,4.2356896930657565e-08,84,0.003062956683543696,0.003062956683543695,2.8317793152233123e-16,2,0.0012914123374708456,0.0006001522876401624,0.0012914123374708456,0.000815429895322484,0.0002825248990834166,0.9760240605355792,0.023525745107484806,0.0004501943569360326,0.02397593946442084,45,45,1.5053547387786452e-40,0.0012914123374708456
20000,20001,100.005,16,2.9978416651721806e-08,112,0.003062956683543696,0.003062956683543695,2.8317793152233123e-16,2,0.0012914123374708456,0.0006001522876401624,0.0012914123374708456,0.000815429895322484,0.0002825248990834166,0.9760240605355792,0.023525745107484806,0.0004501943569360326,0.02397593946442084,45,45,1.5053547387786452e-40,0.0012914123374708456
20000,20001,100.005,17,1.500378539795314e-08,112,0.003062956683543696,0.003062956683543695,2.8317793152233123e-16,2,0.0012914123374708456,0.0006001522876401624,0.0012914123374708456,0.000815429895322484,0.0002825248990834166,0.9760240605355792,0.023525745107484806,0.0004501943569360326,0.02397593946442084,45,45,1.5053547387786452e-40,0.0012914123374708456
20000,20001,100.005,18,7.2409557081342006e-09,112,0.003062956683543696,0.003062956683543695,2.8317793152233123e-16,2,0.0012914123374708456,0.0006001522876401624,0.0012914123374708456,0.000815429895322484,0.0002825248990834166,0.9760240605355792,0.023525745107484806,0.0004501943569360326,0.02397593946442084,45,45,1.5053547387786452e-40,0.0012914123374708456
20000,20001,100.005,19,4.340878883035115e-09,116,0.003062956683543696,0.003062956683543695,2.8317793152233123e-16,2,0.0012914123374708456,0.0006001522876401624,0.0012914123374708456,0.000815429895322484,0.0002825248990834166,0.9760240605355792,0.023525745107484806,0.0004501943569360326,0.02397593946442084,45,45,1.5053547387786452e-40,0.0012914123374708456
20000,20001,100.005,20,2.4281856083086354e-09,112,0.003062956683543696,0.003062956683543695,2.8317793152233123e-16,2,0.0012914123374708456,0.0006001522876401624,0.0012914123374708456,0.000815429895322484,0.0002825248990834166,0.9760240605355792,0.023525745107484806,0.0004501943569360326,0.02397593946442084,45,45,1.5053547387786452e-40,0.0012914123374708456
20000,20001,100.005,21,1.7109833060016024e-09,144,0.003062956683543696,0.003062956683543695,2.8317793152233123e-16,2,0.0012914123374708456,0.0006001522876401624,0.0012914123374708456,0.000815429895322484,0.0002825248990834166,0.9760240605355792,0.023525745107484806,0.0004501943569360326,0.02397593946442084,45,45,1.5053547387786452e-40,0.0012914123374708456
20000,20001,100.005,22,7.604321702760126e-10,140,0.003062956683543696,0.003062956683543695,2.8317793152233123e-16,2,0.0012914123374708456,0.0006001522876401624,0.0012914123374708456,0.000815429895322484,0.0002825248990834166,0.9760240605355792,0.023525745107484806,0.0004501943569360326,0.02397593946442084,45,45,1.5053547387786452e-40,0.0012914123374708456
20000,20001,100.005,23,2.328156829442702e-10,144,0.003062956683543696,0.003062956683543695,2.8317793152233123e-16,2,0.0012914123374708456,0.0006001522876401624,0.0012914123374708456,0.000815429895322484,0.0002825248990834166,0.9760240605355792,0.023525745107484806,0.0004501943569360326,0.02397593946442084,45,45,1.5053547387786452e-40,0.0012914123374708456
20000,20001,100.005,24,1.29238456230969e-10,144,0.003062956683543696,0.003062956683543695,2.8317793152233123e-16,2,0.0012914123374708456,0.0006001522876401624,0.0012914123374708456,0.000815429895322484,0.0002825248990834166,0.9760240605355792,0.023525745107484806,0.0004501943569360326,0.02397593946442084,45,45,1.5053547387786452e-40,0.0012914123374708456
20000,20001,100.005,25,4.918200257217868e-11,168,0.003062956683543696,0.003062956683543695,2.8317793152233123e-16,2,0.0012914123374708456,0.0006001522876401624,0.0012914123374708456,0.000815429895322484,0.0002825248990834166,0.9760240605355792,0.023525745107484806,0.0004501943569360326,0.02397593946442084,45,45,1.5053547387786452e-40,0.0012914123374708456
20000,20001,100.005,26,2.136104801179996e-11,164,0.003062956683543696,0.003062956683543695,2.8317793152233123e-16,2,0.0012914123374708456,0.0006001522876401624,0.0012914123374708456,0.000815429895322484,0.0002825248990834166,0.9760240605355792,0.023525745107484806,0.0004501943569360326,0.02397593946442084,45,45,1.5053547387786452e-40,0.0012914123374708456
20000,20001,100.005,27,5.944720191806581e-12,160,0.003062956683543696,0.003062956683543695,2.8317793152233123e-16,2,0.0012914123374708456,0.0006001522876401624,0.0012914123374708456,0.000815429895322484,0.0002825248990834166,0.9760240605355792,0.023525745107484806,0.0004501943569360326,0.02397593946442084,45,45,1.5053547387786452e-40,0.0012914123374708456
20000,20001,100.005,28,2.924922726938419e-12,184,0.003062956683543696,0.003062956683543695,2.8317793152233123e-16,2,0.0012914123374708456,0.0006001522876401624,0.0012914123374708456,0.000815429895322484,0.0002825248990834166,0.9760240605355792,0.023525745107484806,0.0004501943569360326,0.02397593946442084,45,45,1.5053547387786452e-40,0.0012914123374708456
20000,20001,100.005,29,3.954152871492337e-13,172,0.003062956683543696,0.003062956683543695,2.8317793152233123e-16,2,0.0012914123374708456,0.0006001522876401624,0.0012914123374708456,0.000815429895322484,0.0002825248990834166,0.9760240605355792,0.023525745107484806,0.0004501943569360326,0.02397593946442084,45,45,1.5053547387786452e-40,0.0012914123374708456
20000,20001,100.005,30,1.9035224179157631e-13,200,0.003062956683543696,0.003062956683543695,2.8317793152233123e-16,2,0.0012914123374708456,0.0006001522876401624,0.0012914123374708456,0.000815429895322484,0.0002825248990834166,0.9760240605355792,0.023525745107484806,0.0004501943569360326,0.02397593946442084,45,45,1.5053547387786452e-40,0.0012914123374708456
20000,20001,100.005,31,1.3595338439290342e-37,192,0.003062956683543696,0.003062956683543695,2.8317793152233123e-16,2,0.0012914123374708456,0.0006001522876401624,0.0012914123374708456,0.000815429895322484,0.0002825248990834166,0.9760240605355792,0.023525745107484806,0.0004501943569360326,0.02397593946442084,45,45,1.5053547387786452e-40,0.0012914123374708456
20000,20001,100.005,32,3.882313969911309e-38,166,0.003062956683543696,0.003062956683543695,2.8317793152233123e-16,2,0.0012914123374708456,0.0006001522876401624,0.0012914123374708456,0.000815429895322484,0.0002825248990834166,0.9760240605355792,0.023525745107484806,0.0004501943569360326,0.02397593946442084,45,45,1.5053547387786452e-40,0.0012914123374708456
20000,20001,100.005,33,2.3032921686931953e-38,148,0.003062956683543696,0.003062956683543695,2.8317793152233123e-16,2,0.0012914123374708456,0.0006001522876401624,0.0012914123374708456,0.000815429895322484,0.0002825248990834166,0.9760240605355792,0.023525745107484806,0.0004501943569360326,0.02397593946442084,45,45,1.5053547387786452e-40,0.0012914123374708456
20000,20001,100.005,34,1.8081229098410177e-38,128,0.003062956683543696,0.003062956683543695,2.8317793152233123e-16,2,0.0012914123374708456,0.0006001522876401624,0.0012914123374708456,0.000815429895322484,0.0002825248990834166,0.9760240605355792,0.023525745107484806,0.0004501943569360326,0.02397593946442084,45,45,1.5053547387786452e-40,0.0012914123374708456
20000,20001,100.005,35,8.766180364814115e-39,104,0.003062956683543696,0.003062956683543695,2.8317793152233123e-16,2,0.0012914123374708456,0.0006001522876401624,0.0012914123374708456,0.000815429895322484,0.0002825248990834166,0.9760240605355792,0.023525745107484806,0.0004501943569360326,0.02397593946442084,45,45,1.5053547387786452e-40,0.0012914123374708456
20000,20001,100.005,36,8.421524503878214e-39,88,0.003062956683543696,0.003062956683543695,2.8317793152233123e-16,2,0.0012914123374708456,0.0006001522876401624,0.0012914123374708456,0.000815429895322484,0.0002825248990834166,0.9760240605355792,0.023525745107484806,0.0004501943569360326,0.02397593946442084,45,45,1.5053547387786452e-40,0.0012914123374708456
20000,20001,100.005,37,7.798154935443978e-39,76,0.003062956683543696,0.003062956683543695,2.8317793152233123e-16,2,0.0012914123374708456,0.0006001522876401624,0.0012914123374708456,0.000815429895322484,0.0002825248990834166,0.9760240605355792,0.023525745107484806,0.0004501943569360326,0.02397593946442084,45,45,1.5053547387786452e-40,0.0012914123374708456
20000,20001,100.005,38,6.51990560683236e-39,68,0.003062956683543696,0.003062956683543695,2.8317793152233123e-16,2,0.0012914123374708456,0.0006001522876401624,0.0012914123374708456,0.000815429895322484,0.0002825248990834166,0.9760240605355792,0.023525745107484806,0.0004501943569360326,0.02397593946442084,45,45,1.5053547387786452e-40,0.0012914123374708456
20000,20001,100.005,39,4.3858297072451414e-39,48,0.003062956683543696,0.003062956683543695,2.8317793152233123e-16,2,0.0012914123374708456,0.0006001522876401624,0.0012914123374708456,0.000815429895322484,0.0002825248990834166,0.9760240605355792,0.023525745107484806,0.0004501943569360326,0.02397593946442084,45,45,1.5053547387786452e-40,0.0012914123374708456
20000,20001,100.005,40,5.4282267079769955e-39,56,0.003062956683543696,0.003062956683543695,2.8317793152233123e-16,2,0.0012914123374708456,0.0006001522876401624,0.0012914123374708456,0.000815429895322484,0.0002825248990834166,0.9760240605355792,0.023525745107484806,0.0004501943569360326,0.02397593946442084,45,45,1.5053547387786452e-40,0.0012914123374708456
20000,20001,100.005,41,2.9371577762555135e-39,28,0.003062956683543696,0.003062956683543695,2.8317793152233123e-16,2,0.0012914123374708456,0.0006001522876401624,0.0012914123374708456,0.000815429895322484,0.0002825248990834166,0.9760240605355792,0.023525745107484806,0.0004501943569360326,0.02397593946442084,45,45,1.5053547387786452e-40,0.0012914123374708456
20000,20001,100.005,42,5.124837002026628e-39,32,0.003062956683543696,0.003062956683543695,2.8317793152233123e-16,2,0.0012914123374708456,0.0006001522876401624,0.0012914123374708456,0.000815429895322484,0.0002825248990834166,0.9760240605355792,0.023525745107484806,0.0004501943569360326,0.02397593946442084,45,45,1.5053547387786452e-40,0.0012914123374708456
20000,20001,100.005,43,2.4432807700316116e-39,16,0.003062956683543696,0.003062956683543695,2.8317793152233123e-16,2,0.0012914123374708456,0.0006001522876401624,0.0012914123374708456,0.000815429895322484,0.0002825248990834166,0.9760240605355792,0.023525745107484806,0.0004501943569360326,0.02397593946442084,45,45,1.5053547387786452e-40,0.0012914123374708456
20000,20001,100.005,44,4.2399326449931395e-40,8,0.003062956683543696,0.003062956683543695,2.8317793152233123e-16,2,0.0012914123374708456,0.0006001522876401624,0.0012914123374708456,0.000815429895322484,0.0002825248990834166,0.9760240605355792,0.023525745107484806,0.0004501943569360326,0.02397593946442084,45,45,1.5053547387786452e-40,0.0012914123374708456
20000,20001,100.005,45,1.5053547387786452e-40,5,0.003062956683543696,0.003062956683543695,2.8317793152233123e-16,2,0.0012914123374708456,0.0006001522876401624,0.0012914123374708456,0.000815429895322484,0.0002825248990834166,0.9760240605355792,0.023525745107484806,0.0004501943569360326,0.02397593946442084,45,45,1.5053547387786452e-40,0.0012914123374708456
