block_id,interval_start_time,physical_time,interval_duration,loop_index,completed_steps,energy,enstrophy,observed_energy_rate,mean_continuous_energy_rhs,energy_budget_residual,normalized_energy_budget_residual,observed_enstrophy_rate,absolute_observed_enstrophy_rate,mean_continuous_enstrophy_rhs,absolute_mean_continuous_enstrophy_rhs,enstrophy_budget_residual,normalized_enstrophy_budget_residual,energy_injection_rate,viscous_energy_dissipation_rate,enstrophy_injection_rate,viscous_enstrophy_dissipation_rate,mean_enstrophy_injection_rate,mean_viscous_enstrophy_dissipation_rate,stage1_advection_rms,stage2_advection_rms,max_stage_advection_rms,mask_removal_rms,vorticity_rms,maximum_absolute_vorticity,dominant_shell,tail_fraction_k_gt_4,high_k_fraction_k_ge_10,middle_k_fraction_5_le_k_le_9,low_k_fraction_k_le_4
1,0.005,0.505,0.5,100,101,3.209816900513434e-07,3.170059441950978e-06,6.41900137212348e-07,6.403478843703708e-07,1.5522528419772463e-09,0.0024121348956191897,6.339493918492838e-06,6.339493918492838e-06,6.322328817441305e-06,6.322328817441305e-06,1.716510105153259e-08,0.002700022149105686,1.2743876220309432e-06,6.340118883901956e-09,1.2589788822825001e-05,7.012081095346892e-08,6.357392681840812e-06,3.506386439950582e-08,1.46392777122651e-06,1.4932544417828812e-06,1.4932544417828812e-06,7.198003642435497e-19,0.0025179592697067116,0.008013511552482817,,,,,
1,0.505,1.0050000000000001,0.5000000000000001,200,201,1.264994561777474e-06,1.2485904202403479e-05,1.8880257434522608e-06,1.8864933662041465e-06,1.5323772481143016e-09,0.0008056030218386428,1.8631689520904998e-05,1.8631689520904998e-05,1.861477725207366e-05,1.861477725207366e-05,1.69122688313364e-08,0.0009001722356916858,2.5299110376660587e-06,2.4971808404806957e-08,2.4985839841929662e-05,2.759533496538711e-07,1.8787814332377333e-05,1.7303708030367e-07,5.816949387137976e-06,5.874876361536255e-06,5.874876361536255e-06,1.5910667441273414e-18,0.004997180045266226,0.01590194655459958,,,,,
1,1.0050000000000001,1.5050000000000001,0.5,300,301,2.822875816466927e-06,2.784637119520812e-05,3.115762509378906e-06,3.114249643267341e-06,1.5128661115650243e-09,0.0004795773736651869,3.072093398560928e-05,3.072093398560928e-05,3.0704268675246286e-05,3.0704268675246286e-05,1.66653103629959e-08,0.0005350069571339044,3.7792527996638468e-06,5.5692742390416244e-08,3.7313575673240224e-05,6.149248150234484e-07,3.114970775758494e-05,4.4543908233865976e-07,1.3001636038899154e-05,1.3087593733312983e-05,1.3087593733312983e-05,2.3132602598441506e-18,0.007462757023407384,0.02374522740514587,,,,,
1,1.5050000000000001,2.005,0.4999999999999998,400,401,4.985548377723182e-06,4.915147347810937e-05,4.325345122512512e-06,4.323851268915786e-06,1.4938535967257607e-09,0.0003394466745321908,4.261020456580252e-05,4.261020456580252e-05,4.2593777250657983e-05,4.2593777250657983e-05,1.642731514453987e-08,0.00037813065504858125,5.02244542751436e-06,9.830294695621874e-08,4.957340333897094e-05,1.0844996958717513e-06,4.344348950610558e-05,8.497122554475998e-07,2.296148007001755e-05,2.307490789279849e-05,2.307490789279849e-05,2.8568892220943656e-18,0.009914784261708307,0.03154369360894765,,,,,
1,2.005,2.505,0.5,500,501,7.744050418080202e-06,7.630268073376043e-05,5.51700408071404e-06,5.515528497035642e-06,1.475583678397954e-09,0.00026158273648858437,5.430241451130212e-05,5.430241451130212e-05,5.428621044097392e-05,5.428621044097392e-05,1.620407032820292e-08,0.00029107598883596896,6.259519874980664e-06,1.5260536146752086e-07,6.176570362759136e-05,1.6821863887427038e-06,5.566955348328115e-05,1.3833430423072276e-06,3.5640847029314314e-05,3.578119284556441e-05,3.578119284556441e-05,3.891565329912791e-18,0.012353354259775799,0.039297672239526446,3,8.505419974666574e-07,9.196429252976502e-14,8.505419055023648e-07,0.9999991494580027
1,2.505,3.005,0.5,600,601,1.1089533111391758e-05,0.00010920288436958522,6.690965386623112e-06,6.689506937980121e-06,1.4584486429911238e-09,0.00021213759863520317,6.580040727164957e-05,6.580040727164957e-05,6.578440229298391e-05,6.578440229298391e-05,1.600497866565396e-08,0.0002359632654808538,7.490505131186268e-06,2.1840576873917043e-07,7.389082437509145e-05,2.405537027972296e-06,6.78282640013414e-05,2.0438617083575e-06,5.098491673170271e-05,5.11516362224163e-05,5.11516362224163e-05,4.143511347080204e-18,0.014778557735420951,0.04700747796554833,,,,,
1,3.005,3.505,0.5,700,701,1.5013258245526883e-05,0.00014775635984524982,7.847450268270251e-06,7.84600724391159e-06,1.4430243586607518e-09,0.0001780859344260239,7.71069509513292e-05,7.71069509513292e-05,7.709110706432312e-05,7.709110706432312e-05,1.5843887006083794e-08,0.00019824696021462565,8.715427845066582e-06,2.9551271969049966e-07,8.594907419314813e-05,3.252147411621044e-06,7.991994928411978e-05,2.82884221979667e-06,6.893961423041234e-05,6.913217015509695e-05,6.913217015509695e-05,5.946916772764276e-18,0.01719048340479405,0.054673413080641525,,,,,
1,3.505,4.005,0.5,800,801,1.950659570814164e-05,0.00019186872636583005,8.986674925229517e-06,8.985244822587628e-06,1.4301026418890117e-09,0.0001533643531626756,8.822473304116046e-05,8.822473304116046e-05,8.820899320971115e-05,8.820899320971115e-05,1.573983144931019e-08,0.00017118765950816737,9.934311972530834e-06,3.837374527316601e-07,9.794071663092985e-05,4.219656993034636e-06,9.194489541203899e-05,3.73590220232784e-06,8.945153158029924e-05,8.966939295178186e-05,8.966939295178186e-05,8.342758406946562e-18,0.019589217767222358,0.06229576753772492,,,,,
1,4.005,4.505,0.5,900,901,2.4561020857986742e-05,0.00024144690408967658,1.0108850299690202e-05,1.0107429578698729e-05,1.420720991472698e-09,0.0001347837333397316,9.915635544769307e-05,9.915635544769307e-05,9.914063774294317e-05,9.914063774294317e-05,1.571770474989814e-08,0.00015127237146308312,1.1147178445777638e-05,4.828938081793531e-07,0.00010986596475945115,5.3057489114600125e-06,0.00010390334069519051,4.762702952247324e-06,0.0001124678412555278,0.00011271048243552925,0.00011271048243552925,2.4194621550727316e-17,0.021974844895456102,0.06987481899000825,,,,,
1,4.505,5.005,0.5,1000,1001,3.0168111793907722e-05,0.0002963990690099535,1.121418187184196e-05,1.121276568194416e-05,1.416189897798876e-09,0.00012052052602648949,0.00010990432984055382,0.00010990432984055382,0.00010988852098955903,0.00010988852098955903,1.58088509947873e-08,0.0001365239152391925,1.2354044864309944e-05,5.92798138019907e-07,0.00012172497616968778,6.5081500385608485e-06,0.00011579547046456947,5.9069494750104305e-06,0.00013793620207680173,0.0001382031018008229,0.0001382031018008229,7.701931476482309e-17,0.0243474462319954,0.0774108328417051,3,1.2649008405310043e-05,1.978948087851688e-11,1.2648988615829166e-05,0.9999873509915947
1,5.005,5.505,0.5,1100,1101,3.6319546533407604e-05,0.00035663460567806823,1.2302869478999763e-05,1.2301451361118457e-05,1.418117881306515e-09,0.00010946925928640206,0.00012047107333622948,0.00012047107333622948,0.00012045502174416663,0.00012045502174416663,1.6051592062851002e-08,0.00012577507000475366,1.3554925207303014e-05,7.132692113561365e-07,0.00013351784837804386,7.824631020837515e-06,0.00012762141227386583,7.166390529699181e-06,0.00016580465850381625,0.0001660952988439278,0.0001660952988439278,2.2354358625730073e-16,0.026707100392145466,0.08490406231225603,,,,,
1,5.505,6.005,0.5,1200,1201,4.3007100112368404e-05,0.0004220640579458197,1.3375107157921601e-05,1.3373678723571732e-05,1.428434349868776e-09,0.00010093246602942865,0.0001308589045355029,0.0001308589045355029,0.00013084241284575573,0.00013084241284575573,1.649168974716649e-08,0.0001183207349289706,1.4749829567088224e-05,8.441281158916394e-07,0.000145244614635166,9.25300630086089e-06,0.00013938123150660493,8.538818660849203e-06,0.0001960215341578399,0.00019633539943210342,0.00019633539943210342,5.92309455728157e-16,0.029053882974425974,0.09235474851847689,,,,,
1,6.005,6.505,0.5,1300,1301,5.0222641617277125e-05,0.0004925990779112625,1.4431083009817442e-05,1.4429633599500269e-05,1.4494103171731616e-09,9.445922104942963e-05,0.00014107003993088572,0.00014107003993088572,0.0001410528571839605,0.0001410528571839605,1.7182746925227966e-08,0.00011373658900622884,1.593876390362648e-05,9.851981558225252e-07,0.0001569052401364932,1.0791134102877336e-05,0.0001510749273858296,1.0022070201869112e-05,0.00022853532045729328,0.00022887189609476334,0.00022887189609476334,1.4509752314162592e-15,0.031387866378945306,0.09976312057953973,,,,,
1,6.505,7.005,0.5,1400,1401,5.7958131161064746e-05,0.000568152373261032,1.5470979087575242e-05,1.5469495410617434e-05,1.4836769578083176e-09,8.975528134657753e-05,0.000151106590699539,0.000151106590699539,0.00015108840414906904,0.00015108840414906904,1.8186550469962478e-08,0.00011177798966252895,1.712172981995298e-05,1.1363047465220642e-06,0.00016849961863525312,1.2436916370730881e-05,0.00016270242938587316,1.161402523680411e-05,0.0002632945612756036,0.0002636533326461644,0.0002636533326461644,3.322025039710243e-15,0.033709119634337294,0.1071293957500345,,,,,
1,7.005,7.505,0.5,1500,1501,6.620561681345464e-05,0.0006486376532093753,1.649497130477978e-05,1.6493437062846634e-05,1.5342419331447715e-09,8.663028008659693e-05,0.0001609705598966866,0.0001609705598966866,0.00016095098653858963,0.00016095098653858963,1.957335809697671e-08,0.00011232040865391691,1.8298724358681103e-05,1.2972753064187507e-06,0.00018002756946083713,1.4188298648180154e-05,0.00017426359404804512,1.3312607509455518e-05,0.00030024773456513177,0.0003006281857838088,0.0003006281857838088,7.186677628615278e-15,0.03601770823385007,0.11445377958657141,3,5.963044055162716e-05,4.598874803647859e-10,5.9629980664146786e-05,0.9999403695594482
1,7.505,8.005,0.5000000000000009,1600,1601,7.495723149652354e-05,0.000733969573241416,1.7503229366137772e-05,1.750162486276638e-05,1.6045033713934977e-09,8.496524316229218e-05,0.00017066384006408109,0.00017066384006408109,0.00017064241793332633,0.00017064241793332633,2.142213075475457e-08,0.00011532266408998727,1.9469739819753236e-05,1.4679391464828322e-06,0.00019148883494755738,1.6043269893561732e-05,0.00018575820220419724,1.5115784270870943e-05,0.0003393431319330017,0.0003397447446488379,0.0003397447446488379,1.4807643484291877e-14,0.038313693981171175,0.12173646615343556,,,,,
1,8.005,8.505,0.5,1700,1701,8.420518985600151e-05,0.0008240636788752643,1.8495916718955945e-05,1.84942184576197e-05,1.6982613362456767e-09,8.469180223890193e-05,0.00018018821126769644,0.00018018821126769644,0.00018016439055614165,0.00018016439055614165,2.3820711554797206e-08,0.00012080328621684932,2.0634763599719527e-05,1.6481273577505285e-06,0.00020288307828065673,1.799986222236909e-05,0.00019718595661410705,1.7021566057965412e-05,0.00038052873720342335,0.00038095098938353535,0.00038095098938353535,2.9257058866705793e-14,0.040597134846569266,0.12897763827271558,,,,,
1,8.505,9.005,0.5,1800,1801,9.394178511868113e-05,0.0009188363486645601,1.9473190525359237e-05,1.9471370798774735e-05,1.8197265845021902e-09,8.577841771704776e-05,0.00018954533957859176,0.00018954533957859176,0.00018951847362684189,0.00018951847362684189,2.686595174987102e-08,0.00012882476724964098,2.1793778052909592e-05,1.8376726973291203e-06,0.00021420988176807786,2.005615057268173e-05,0.0002085464800243673,1.9028006397525408e-05,0.0004237521050556899,0.00042419446977568436,0.00042419446977568436,5.575072775632548e-14,0.042868084833931175,0.13617746782407558,,,,,
1,9.005,9.505,0.5,1900,1901,0.00010415938594616719,0.0010182047366698907,2.0435201654972116e-05,2.0433228128588244e-05,1.973526383871986e-09,8.822094919822031e-05,0.00019873677601066103,0.00019873677601066103,0.00019870611222687232,0.00019870611222687232,3.066378378871557e-08,0.0001394827125253137,2.29467603749358e-05,2.0364094733397814e-06,0.0002254687455478431,2.2210252289494565e-05,0.0002198393136579605,2.1133201431088147e-05,0.0004689602408862311,0.00046942218513877355,0.00046942218513877355,1.029322539837307e-13,0.04512659385927306,0.1433361160989483,,,,,
1,9.505,10.005,0.5,2000,2001,0.00011485043329506907,0.0011220867146342136,2.1382094697803763e-05,2.1379929990677112e-05,2.164707126651479e-09,9.203600110616712e-05,0.00020776395592864583,0.00020776395592864583,0.00020772862668769513,0.00020772862668769513,3.5329240950700974e-08,0.0001528981311324682,2.409368250902664e-05,2.2441734292684274e-06,0.00023665908674191005,2.4460326624868333e-05,0.0002310639161448766,2.333528945718145e-05,0.0005160994831055263,0.0005165804666394927,0.0005165804666394927,1.8483373228806867e-13,0.04737270764130363,0.15045373421337294,3,0.00017520682484689035,4.691348422471546e-09,0.00017520213349846785,0.9998247931751533
1,10.005,10.505,0.5,2100,2101,0.0001260074372936238,0.001230400814103964,2.231400799710949e-05,2.2311609263642355e-05,2.3987334671333018e-09,9.725608390712858e-05,0.00021662819893950068,0.00021662819893950068,0.00021658721251679894,0.00021658721251679894,4.098642270174667e-08,0.0001692117898695478,2.5234511075734422e-05,2.4608016282079277e-06,0.00024778023906800846,2.6804574151452327e-05,0.00024221966290495926,2.5632450388160328e-05,0.0005651153891446715,0.0005656148633479498,0.0005656148633479498,3.2378867201567555e-13,0.04960646760461712,0.1575304635830241,,,,,
1,10.505,11.005,0.5,2200,2201,0.00013762297414463386,0.001343066168743889,2.3231073702020095e-05,2.322839221831456e-05,2.6814837055342416e-09,0.00010392598783786235,0.00022533070927985028,0.00022533070927985028,0.00022528294087520613,0.00022528294087520613,4.7768404644148166e-08,0.00018857995344160754,2.6369207326590403e-05,2.686132337487778e-06,0.00025883145292118607,2.9241236087329973e-05,0.0002533058459945973,2.802290511939115e-05,0.0006159526265100542,0.0006164700333496939,0.0006164700333496939,5.546882927604769e-13,0.051827910796093044,0.1645664364631672,,,,,
1,11.005,11.505,0.5,2300,2301,0.00014968968306449694,0.0014600024570996582,2.4133417839726165e-05,2.4130398598596578e-05,3.019241129587183e-09,0.00011209997971770399,0.00023387257671153832,0.00023387257671153832,0.00023381675962004742,0.00023381675962004742,5.581709149090198e-08,0.00021117107256341626,2.7497727122289846e-05,2.9200049141993164e-06,0.00026981189593654816,3.1768593530309426e-05,0.0002643216744288671,3.0504914808819698e-05,0.0006685548702856811,0.0006690896413196802,0.0006690896413196802,9.31092561959113e-13,0.05403706981507525,0.1715617765553538,,,,,
1,11.505,12.005,0.5,2400,2401,0.00016220026326800764,0.0015811298460680118,2.5021160407021396e-05,2.501774172596695e-05,3.418681054445736e-09,0.00012183956672302625,0.00024225477793670715,0.00024225477793670715,0.00024218949492521967,0.00024218949492521967,6.528301148747543e-08,0.00023716313046263744,2.862002093597939e-05,3.162259692136024e-06,0.0002807206540439395,3.438496659973887e-05,0.0002752662749902438,3.307678006502415e-05,0.0007228647085388113,0.0007234162640143523,0.0007234162640143523,1.5337843282916556e-12,0.056233972757898085,0.1785165996816732,,,,,
1,12.005,12.505,0.5,2500,2501,0.0001751474710085065,0.0017063689353394168,2.5894415480997744e-05,2.589052862767524e-05,3.886853322502431e-09,0.00013321165505837153,0.00025047817854281004,0.00025047817854281004,0.00025040185349228697,0.00025040185349228697,7.632505052306872e-08,0.00026674145177782714,2.973603388218595e-05,3.4127378706788337e-06,0.0002915567330240515,3.708871348367814e-05,0.0002861386935339955,3.57368400417085e-05,0.000778823557132922,0.0007793913051863125,0.0007793913051863125,2.4826014901999825e-12,0.058418643177318264,0.18543101452631366,3,0.000396096506012097,3.1952800976232276e-08,0.0003960645532111208,0.999603903493988
1,12.505,13.005,0.5,2600,2601,0.00018852411668283386,0.001835640703082749,2.6753291348654694e-05,2.6748860188605487e-05,4.431160049207393e-09,0.00014628698596346016,0.0002585435354866645,0.0002585435354866645,0.0002584544253625791,0.0002584544253625791,8.911012408540676e-08,0.000300096838584999,3.084570577186935e-05,3.6712814061654984e-06,0.0003023190605736031,3.987822938881827e-05,0.0002969378967988273,3.8483471436248205e-05,0.0008363715854896895,0.0008369549214635646,0.0008369549214635646,3.952465741401308e-12,0.06059110005739703,0.19230512344309553,,,,,
1,13.005,13.505,0.5,2700,2701,0.0002023230620104233,0.0019688664531454093,2.7597890655178868e-05,2.7592831326706167e-05,5.0593284727011535e-09,0.00016113876898996056,0.0002664515001253205,0.0002664515001253205,0.0002663476873398527,0.0002663476873398527,1.038127854678314e-07,0.00033742393943887814,3.19489711939993e-05,3.937732906290819e-06,0.00031300648888484803,4.275194538992752e-05,0.00030766277472922554,4.13150873893729e-05,0.0008954476548654469,0.0008960459607589619,0.0008960459607589619,6.194774611397212e-12,0.06275135780436004,0.19913902332655142,,,,,
1,13.505,14.005,0.5,2800,2801,0.00021653721729571432,0.002105967764045138,2.8428310570582048e-05,2.842253119178349e-05,5.779378798556785e-09,0.00017784145655576217,0.0002742026217994577,0.0002742026217994577,0.0002740820070308746,0.0002740820070308746,1.2061476858309193e-07,0.00037891978398195604,3.304575962394878e-05,4.211935528090276e-06,0.0003236177977416616,4.5708327174832904e-05,0.0003183121433132548,4.423013628238021e-05,0.0009559892707141519,0.0009566019147818503,0.0009566019147818503,9.565526768609552e-12,0.06489942625393753,0.2059328065430713,,,,,
1,14.005,14.505,0.5,2900,2901,0.00023115953878288575,0.002246866440031611,2.924464297434287e-05,2.92380433873281e-05,6.599587014769241e-09,0.00019646962175403024,0.0002817973519729459,0.0002817973519729459,0.00028165764750883425,0.00028165764750883425,1.3970446411163111e-07,0.0004247824351486806,3.413599555886092e-05,4.493732880063222e-06,0.0003341516981308895,4.874587368004968e-05,0.0003288847479362755,4.722710042744129e-05,0.001017932550694884,0.0010185588872096783,0.0010185588872096783,1.4561767447775162e-11,0.06703531069565667,0.21268656191763893,,,,,
1,14.505,15.005,0.5,3000,3001,0.0002461830261117021,0.002391484464496444,3.004697465763275e-05,3.0039446214895005e-05,7.528442737744496e-09,0.00021709691396538594,0.0002892360489296659,0.0002892360489296659,0.000289074772601579,0.000289074772601579,1.6127632808686423e-07,0.00047520972449208653,3.52195986799852e-05,4.782968928992888e-06,0.0003446068363634942,5.186311561117595e-05,0.00033937926724719183,5.030449464561281e-05,0.0010812122098439259,0.001081851579039118,0.001081851579039118,2.1868177032622196e-11,0.06915901191452122,0.21940037577079224,3,0.0007558500009179354,1.6572484803806234e-07,0.0007556842760698973,0.9992441499990818
1,15.005,15.505,0.5,3100,3101,0.0002616007198829944,0.0025397439560091717,3.08353875425845e-05,3.0826812940381576e-05,8.57460220292643e-09,0.00023979507480254467,0.00029651898302545526,0.00029651898302545526,0.0002963334528032779,0.0002963334528032779,1.8553022217734742e-07,0.0005303980450218205,3.629648404178919e-05,5.079487912018344e-06,0.0003549817986953499,5.5058613841112326e-05,0.0003497943175294221,5.346086472614414e-05,0.0011457615643664346,0.0011464132925709059,0.0011464132925709059,3.241588944020585e-11,0.07127052625046586,0.2260743329996267,,,,,
1,15.505,16.005,0.4999999999999982,3200,3201,0.000277405699341991,0.002691567127254148,3.1609958917993345e-05,3.160021208135094e-05,9.746836642407736e-09,0.00026463300469126323,0.0003036463424899536,0.0003036463424899536,0.0003034336718042526,0.0003034336718042526,2.1267068570096376e-07,0.0005905411839419938,3.736656228743933e-05,5.383134254508296e-06,0.00036527511643236275,5.8330957678095184e-05,0.0003601284575638563,5.6694785759603755e-05,0.0012115125554076542,0.0012121759553872422,0.0012121759553872422,4.7455781407449554e-11,0.07336984567591986,0.23270851819599875,,,,,
1,16.005,16.505,0.5,3300,3301,0.00029359108018732987,0.002846876247138607,3.237076169067775e-05,3.235970771432976e-05,1.1053976347992164e-08,0.0002916758741637276,0.00031061823976891775,0.00031061823976891775,0.00031037533362938095,0.00031037533362938095,2.429061395367929e-07,0.0006558291817280681,3.8429739890005696e-05,5.693752494277214e-06,0.00037548527149899077,6.167876299449646e-05,0.00037038019396567676,6.000486033629582e-05,0.0012783957940362429,0.0012790701655528882,0.0012790701655528882,6.864878638391289e-11,0.07545695789174921,0.239303016794518,,,,,
1,16.505,17.005,0.5,3400,3401,0.00031015001251312826,0.0030055936063354454,3.311786465159678e-05,3.3105359800772146e-05,1.2504850824637294e-08,0.0003209842780159683,0.00031743471839367713,0.00031743471839367713,0.00031715827037068835,0.00031715827037068835,2.7644802298878004e-07,0.0007264472089028415,3.94859194184867e-05,6.011187212670891e-06,0.0003856107024432906,6.510067020640816e-05,0.0003805479869711407,6.33897166004523e-05,0.0013463406285109407,0.0013470252591093834,0.0013470252591093834,9.817580189846997e-11,0.07753184644177444,0.2458579162424664,,,,,
1,17.005,17.505,0.5,3500,3501,0.00032707567889094956,0.003167641486515112,3.385133275564259e-05,3.383722453012925e-05,1.410822551333932e-08,0.00035261343274437993,0.0003240957603593336,0.0003240957603593336,0.0003237822504945231,0.0003237822504945231,3.135098648104689e-07,0.0008025744536627028,4.053499982747292e-05,6.335282973030225e-06,0.0003956498108454302,6.859534209326632e-05,0.0003906302566443604,6.684800614983724e-05,0.001415275234705524,0.0014159694007352015,0.0014159694007352015,1.3886994969038047e-10,0.07959449084597642,0.25237330718341466,3,0.0012778381124768001,6.803660163911773e-07,0.0012771577464604088,0.9987221618875233
1,17.505,18.005,0.5,3600,3601,0.0003443612925978705,0.003332942133509416,3.457122741384194e-05,3.4555354678200685e-05,1.587273564125478e-08,0.0003866124195227791,0.0003306012939886076,0.0003306012939886076,0.0003302469876980993,0.0003302469876980993,3.543062905083001e-07,0.0008843830167102334,4.157687676897751e-05,6.665884267018832e-06,0.00040560096809029407,7.216146144625949e-05,0.00040062538946786214,7.03784017697629e-05,0.0014851267303363112,0.0014858296982136162,0.0014858296982136162,1.9437388470329642e-10,0.0816448667524103,0.2588492846459866,,,,,
1,18.005,18.505,0.5,3700,3701,0.00036200009599611017,0.00350141773463561,3.527760679647928e-05,3.5259799978674066e-05,1.7806817805216327e-08,0.00042302347570340995,0.00033695120225238785,0.00033695120225238785,0.0003365521502842186,0.0003365521502842186,3.990519681692367e-07,0.000972036810216736,4.261144292466066e-05,7.00283546927122e-06,0.0004154625224585047,7.579772853410206e-05,0.0004105317452743994,7.397959499018077e-05,0.001555821313372644,0.0015565323410859013,0.0015565323410859013,2.693247476750322e-10,0.08368294610774181,0.26528594922894505,,,,,
1,18.505,19.005,0.5,3800,3801,0.0003799853590688403,0.003672990400391991,3.5970526145460285e-05,3.5950607505488616e-05,1.991863997166958e-08,0.000461881339074945,0.0003431453315127621,0.0003431453315127621,0.0003426973710167088,0.0003426973710167088,4.47960496053289e-07,0.0010656904603401182,4.363858835637177e-05,7.345980800783982e-06,0.0004252328064840498,7.950285837503472e-05,0.0004203476644712772,7.765029345456839e-05,0.0016272844247170251,0.0016280027635734474,0.0016280027635734474,3.695690247486867e-10,0.08570869734620858,0.2716834082734571,,,,,
1,19.005,19.505,0.5,3900,3901,0.00039831037811580855,0.003847582150715802,3.6650038093936476e-05,3.662782206339377e-05,2.2216030542705333e-08,0.0005032126476328985,0.00034918350064762176,0.00034918350064762176,0.00034868225741257596,0.00034868225741257596,5.012432350457938e-07,0.0011654882120702766,4.465820087263136e-05,7.695164301431604e-06,0.0004349101445208804,8.327557780474351e-05,0.00043007147550246506,8.138921808988911e-05,0.0016994409349221265,0.001700165831532696,0.001700165831532696,5.024091519776719e-10,0.087722085596682,0.27804177701303256,,,,,
1,19.505,20.005,0.5,4000,4001,0.0004169684746113299,0.004025114905970971,3.7316192991042655e-05,3.729148658382082e-05,2.470640722183285e-08,0.0005470353990783477,0.0003550655105103379,0.0003550655105103379,0.00035450640242013734,0.00035450640242013734,5.591080902005467e-07,0.0012715628375992332,4.5670166408383826e-05,8.050229811941942e-06,0.00044449286045552714,8.711462233138932e-05,0.00043970150248820374,8.519510006806642e-05,0.0017722153543731124,0.001772946052867813,0.001772946052867813,6.768829201994745e-10,0.08972307290737395,0.28436117969123753,3,0.001968786992216529,2.2555941440407715e-06,0.0019665313980724883,0.9980312130077834
2,20.005,20.505,0.5,4100,4101,0.0004359529942259639,0.00420551048280646,3.7969039229268056e-05,3.794164252295276e-05,2.739670631529749e-08,0.0005933584715325903,0.0003607911536709779,0.0003607911536709779,0.00036016939542551934,0.00036016939542551934,6.217582454585741e-07,0.0013840345485583024,4.667436941507655e-05,8.411020965612919e-06,0.0004539792854981077,9.101873277120683e-05,0.0004492360729768174,8.906667755129808e-05,0.0018455320660129516,0.0018462678104752283,0.0018462678104752283,9.040757819381378e-10,0.09171161848758815,0.29064175063676545,,,,,
2,20.505,21.005,0.5,4200,4201,0.0004552573060118682,0.00438869059499623,3.8608623571808644e-05,3.8578330258671196e-05,3.0293313137448184e-08,0.000642181207562744,0.0003663602243795406,0.0003663602243795406,0.0003656708335229376,0.0003656708335229376,6.893908566030032e-07,0.0015030099142783451,4.767069325787121e-05,8.77738118999246e-06,0.00046336776598026816,9.498665166129384e-05,0.0004586735257391879,9.300269221625035e-05,0.0019193155793351142,0.0019200556164408202,0.0019200556164408202,1.1974648375834007e-09,0.09368767896576614,0.29688363528491746,,,,,
2,21.005,21.505,0.5,4300,4301,0.00047487480175033715,0.0045745768593385295,3.923499147693785e-05,3.9201589482887036e-05,3.3401994050810755e-08,0.0006934930606011558,0.00037177252868459895,0.00037177252868459895,0.00037101033297718084,0.00037101033297718084,7.621957074181165e-07,0.001628580787500038,4.865902061657238e-05,9.14915371867706e-06,0.00047265667108573614,9.901711945034875e-05,0.00046801221853300215,9.700188555582129e-05,0.001993490804022139,0.001994234385864796,0.001994234385864796,1.5732915855989896e-09,0.09565120866291789,0.3030869911340084,,,,,
2,21.505,22.005,0.5,4400,4401,0.0004947988954584841,0.00476309080665602,3.984818741629395e-05,3.981145958563132e-05,3.672783066263255e-08,0.0007472733030354589,0.00037702789463498095,0.00037702789463498095,0.0003761875407997522,0.0003761875407997522,8.40353835228748e-07,0.0017608232411677066,4.9639233886679355e-05,9.52618161331204e-06,0.00048184440043744453,0.00010310887047332754,0.00047725053576159034,0.00010106299496183814,0.002067983341281753,0.00206872972836268,0.00206872972836268,2.050958513022108e-09,0.09760215988036351,0.30925198862470155,,,,,
2,22.005,22.505,0.5,4500,4501,0.0005150230230503463,0.004954153897898586,4.0448255183724415e-05,4.040798002719977e-05,4.027515652464664e-08,0.0008034907921147392,0.0003821261824851329,0.0003821261824851329,0.0003812021463532393,0.0003812021463532393,9.240361318936128e-07,0.0018997965191615205,5.061121557682939e-05,9.908307795797173e-06,0.0004909293914646885,0.00010726062872232704,0.00048638689595106654,0.00010518474959782728,0.0021427197906356958,0.002143468254994688,0.002143468254994688,2.6534420886460516e-09,0.09954048320054094,0.31537881192993833,3,0.002814809441732841,6.151773142164785e-06,0.0028086576685906763,0.9971851905582672
2,22.505,23.005,0.5,4600,4601,0.0005355406421459648,0.0051476875453083226,4.1035238191236946e-05,4.099119069461577e-05,4.404749662117357e-08,0.000862103789463035,0.0003870672948194723,0.0003870672948194723,0.0003860538928917499,0.0003860538928917499,1.013401927722399e-06,0.002045542006297861,5.157484869881597e-05,1.0295375090616645e-05,0.0004999101264746295,0.00011147110343349125,0.000495419758969659,0.00010936586607790914,0.0022176280696619864,0.002218377898121727,0.002218377898121727,3.407711935220332e-09,0.10146612779946146,0.32146765964299456,,,,,
2,23.005,23.505,0.5,4700,4701,0.0005563452320201876,0.0053436131385606635,4.160917974844569e-05,4.1561132238705315e-05,4.8047509740374215e-08,0.0009230598272292626,0.00039185118650468184,0.00039185118650468184,0.00039074258893872924,0.00039074258893872924,1.1085975659526023e-06,0.0021980822226644586,5.253001714633264e-05,1.0687226277121328e-05,0.0005087851393546796,0.00011573898451835934,0.0005043476329146545,0.0001136050439759253,0.00229263774398962,0.0022933882414851395,0.0022933882414851395,4.345142778223954e-09,0.1033790417692161,0.32751874535136655,,,,,
2,23.505,24.005,0.5,4800,4801,0.000577430293681156,0.005541852075747931,4.217012332193666e-05,4.211784638816771e-05,5.2276933768945384e-08,0.000986295614149947,0.00039647787437453556,0.00039647787437453556,0.0003952681193972452,0.0003952681193972452,1.2097549772903827e-06,0.0023574198505626905,5.3476606058619984e-05,1.1083704151495862e-05,0.0005175530218359351,0.00012006293787776493,0.0005131690805953073,0.00011790096119806214,0.002367680364704809,0.00236843085766801,0.00236843085766801,5.501902330704626e-09,0.10527917244876055,0.33353229808472684,,,,,
2,24.005,24.505,0.5,4900,4901,0.0005987893500665962,0.005742325799021026,4.271811277088049e-05,4.2661376237178474e-05,5.6736533702016765e-08,0.0010517369713967072,0.00040094744654618937,0.00040094744654618937,0.0003996304562819831,0.0003996304562819831,1.3169902642062598e-06,0.0025235368019367373,5.441450216527487e-05,1.1484651598042052e-05,0.0005262124292527989,0.00012444160064700288,0.000521882725544367,0.0001222522692623839,0.0024426898102566804,0.0024434396500253933,0.0024434396500253933,6.91929484867613e-09,0.10716646676102581,0.33950856262606455,,,,,
2,24.505,25.005,0.5,5000,5001,0.0006204159463443184,0.005944955834653031,4.325319255544429e-05,4.319176650327515e-05,6.142605216913555e-08,0.001119298789874206,0.0004052600712640096,0.0004052600712640096,0.00040382966895685115,0.00040382966895685115,1.4304023071584713e-06,0.002696393338284616,5.5343594108623546e-05,1.1889911669306061e-05,0.0005347620857402257,0.0001288735764323195,0.0005304872574965122,0.0001266575885396612,0.0025176026299519425,0.0025183511961731327,0.0025183511961731327,8.644036778147817e-09,0.1090408715542299,0.34544779967635664,3,0.0037818990382288173,1.4056134492453311e-05,0.0037678429037363644,0.996218100961771
2,25.005,25.505,0.5,5100,5101,0.0006423036503016163,0.006149663837234555,4.3775407914595785e-05,4.3709063752551345e-05,6.634416204444001e-08,0.0011888849977846612,0.00040941600516304806,0.00040941600516304806,0.0004078659337574035,0.0004078659337574035,1.5500714056445371e-06,0.0028759272554364965,5.626377274025431e-05,1.229932767446911e-05,0.0005432007888174436,0.00013335743061054285,0.0005389814372788347,0.00013111550352143115,0.002592358386202363,0.0025931050902000593,0.0025931050902000593,1.0728438148292807e-08,0.11090233394509383,0.3513502858644958,,,,,
2,25.505,26.005,0.5,5200,5201,0.0006644460528067105,0.006356371637655721,4.4284805010188404e-05,4.421331658951185e-05,7.148842067655655e-08,0.0012603885283348241,0.0004134156008423328,0.0004134156008423328,0.00041173954287342194,0.00041173954287342194,1.676057968910856e-06,0.0030620531482524215,5.7174931388549936e-05,1.2712743275311443e-05,0.0005515274133154407,0.00013789168577549757,0.0005473641010664422,0.00013562455819302022,0.0026668999928325895,0.002667644280912724,0.002667644280912724,1.3230461378502216e-08,0.11275080166150235,0.35721631359562855,,,,,
2,26.005,26.505,0.5,5300,5301,0.0006868367683239819,0.006565001294474513,4.478143103454294e-05,4.4704575809319236e-05,7.685522522370538e-08,0.0013336912780131736,0.00041725931363758434,0.00041725931363758434,0.00041545091236419005,0.00041545091236419005,1.808401273394294e-06,0.003254661773295747,5.8076966094349e-05,1.3130002588949027e-05,0.0005597409146147235,0.00014247481742628648,0.0005556341639650821,0.00014018325160089203,0.0027411740469609784,0.0027419154036276536,0.0027419154036276536,1.6213628665707313e-08,0.11458622338199748,0.3630461907322781,,,,,
2,26.505,27.005,0.5,5400,5401,0.0007094694354635304,0.006775475148215752,4.526533427909687e-05,4.5182894510577916e-05,8.24397685189539e-08,0.0014086640461087475,0.00042094770748247676,0.00042094770748247676,0.00041900058917750354,0.00041900058917750354,1.9471183049732128e-06,0.0034536195280879013,5.896977581218736e-05,1.3550950296431504e-05,0.0005678403311696007,0.00014710525000303053,0.0005637906228921621,0.0001447900337146585,0.0028151311522206833,0.0028158691032812615,0.0028158691032812615,1.9746750205548418e-08,0.11640854906935101,0.368840240103327,,,,,
2,27.005,27.505,0.5,5500,5501,0.0007323377175445892,0.006987715878090698,4.573656416211763e-05,4.5648328167246464e-05,8.823599487116341e-08,0.001485166446993303,0.0004244814597498918,0.0004244814597498918,0.00042238925704359616,0.00042238925704359616,2.09220270629563e-06,0.003658768068252457,5.985326257491847e-05,1.3975431756181396e-05,0.0005758247863052724,0.00015178135338465008,0.0005718325587374365,0.0001494433016938403,0.002888726231377504,0.002889460346917256,0.002889460346917256,2.390344881858529e-08,0.11821773029533851,0.37459879883594666,3,0.004821545260141887,2.738238213680056e-05,0.004794162878005087,0.9951784547398581
2,27.505,28.005,0.5,5600,5601,0.000755435303151622,0.007201646560574725,4.619517121406567e-05,4.610093465873143e-05,9.423655533424304e-08,0.0015630467898011383,0.0004278613649680539,0.0004278613649680539,0.00042561774111727593,0.00042561774111727593,2.2436238507779743e-06,0.003869924084875187,6.072733161987524e-05,1.440329312114945e-05,0.0005836934892840203,0.0001565014399700907,0.0005797591377946464,0.0001541413966773704,0.002961918826707063,0.002962648723917741,0.002962648723917741,2.876146234237736e-08,0.12001372055373273,0.38032221750457834,,,,,
2,28.005,28.505,0.5,5700,5701,0.0007787559066614563,0.007417190729230682,4.6641207019668595e-05,4.654077425768284e-05,1.0043276198575457e-07,0.0016421419208618115,0.0004310883373119141,0.0004310883373119141,0.00042868701124602323,0.00042868701124602323,2.4013260658908874e-06,0.004086879264936248,6.159189147510126e-05,1.4834381458461363e-05,0.0005914457356464946,0.00016126376246837772,0.0005875696124652575,0.00015888260121923423,0.0030346733867983844,0.0030353987326488803,0.0030353987326488803,3.4401713381032104e-08,0.12179647555845516,0.386010859089013,,,,,
2,28.505,29.005,0.5,5800,5801,0.0008022932687196569,0.007634272435119787,4.70747241164012e-05,4.6967909575469664e-05,1.0681454093153909e-07,0.0017222770275288157,0.00043416341177821005,0.00043416341177821005,0.0004315981837489863,0.0004315981837489863,2.5652280292237585e-06,0.004309400458034569,6.2446854004539e-05,1.5268544870239575e-05,0.0005990809068432161,0.00016606651252336035,0.0005952633212448553,0.00016366513749586903,0.0031069595387355564,0.003107680052476544,0.003107680052476544,4.090714669323868e-08,0.12356595352377439,0.39166509773047603,,,,,
2,29.005,29.505,0.5,5900,5901,0.0008260411566444857,0.007852816307100927,4.749577584965757e-05,4.738240546574965e-05,1.1337038390792136e-07,0.0018032654045680024,0.00043708774396227987,0.00043708774396227987,0.00043435252160207793,0.00043435252160207793,2.7352223602019406e-06,0.004537230070608825,6.329213441140172e-05,1.5705632614201854e-05,0.0006065984691796608,0.00017090782029536073,0.0006028396880114384,0.00016848716640936054,0.003178752344857815,0.003179467800355841,0.003179467800355841,4.83613471301133e-08,0.1253221154234234,0.3972853172704018,,,,,
2,29.505,30.005,0.5,6000,6001,0.0008499933647372246,0.008072747611285042,4.790441618547788e-05,4.778432888694928e-05,1.2008729852860044e-07,0.0018849081867948771,0.00043986260836823,0.00043986260836823,0.00043695143293804987,0.00043695143293804987,2.911175430180121e-06,0.004770086707962335,6.412765119926878e-05,1.6145495222570083e-05,0.0006139979721054512,0.0001757857551136515,0.000610298220642556,0.00017334678770450612,0.0032500325434985746,0.0032507427713981663,0.0032507427713981663,5.6846964728039676e-08,0.12706492522553217,0.402871909551676,3,0.005879885411796362,4.627456484890816e-05,0.005833610846947454,0.9941201145882036
2,30.005,30.505,0.5,6100,6101,0.0008741437144784139,0.008293992308884814,4.830069948237852e-05,4.81737487248237e-05,1.269507575548233e-07,0.0019669940562910652,0.000442489395199544,0.000442489395199544,0.0004393964677877414,0.0004393964677877414,3.0929274118025765e-06,0.005007666080984106,6.495332609071832e-05,1.6587984617769627e-05,0.000621279045884037,0.00018069832730035375,0.0006176385089947441,0.00017824204120700263,0.0033207867732474193,0.003321491662962446,0.003321491662962446,6.644398759000144e-08,0.12879435010034262,0.40842527245668736,,,,,
2,30.505,31.005,0.5,6200,6201,0.0008984860545905225,0.008516477111682342,4.868468022421724e-05,4.855073557656266e-05,1.3394464765458067e-07,0.002049298932913837,0.00044496960559505666,0.00044496960559505666,0.00044168931300977375,0.00044168931300977375,3.280292585282915e-06,0.0052496421892461705,6.57690839035413e-05,1.7032954223364684e-05,0.0006284413986836159,0.00018564349124775166,0.0006248602222838264,0.00018317090927405272,0.0033910077803632256,0.0033917072819006576,0.0033917072819006576,7.722791588937463e-08,0.13051036059778812,0.41394580765098205,,,,,
2,31.005,31.505,0.5,6300,6301,0.0009230142609488964,0.008740129534331221,4.9056412716747726e-05,4.891536149813878e-05,1.4105121860894817e-07,0.00213158566330799,0.00044730484529775794,0.00044730484529775794,0.0004438317853807732,0.0004438317853807732,3.473059916984716e-06,0.005495668789071644,6.657485238476338e-05,1.7480259068662443e-05,0.0006354848131328725,0.0001906191498071904,0.0006319631059082442,0.000188131320527471,0.003460694608993478,0.0034613887346138772,0.0034613887346138772,8.926790068506892e-08,0.13221293079219765,0.41943391799605756,,,,,
2,31.505,32.005,0.5000000000000036,6400,6401,0.0009477222363242668,0.00896487794271435,4.9415950750740506e-05,4.926769971674998e-05,1.4825103399052336e-07,0.0022136037231037537,0.0004494968167662562,0.0004494968167662562,0.00044582582284652655,0.00044582582284652655,3.6709939197296653e-06,0.005745381146651309,6.737056200282773e-05,1.7929755885428703e-05,0.0006424091423862671,0.00019562316001889619,0.0006389469777595698,0.00019312115491304329,0.003529852773830996,0.003530541599550379,0.003530541599550379,1.0262491792873723e-07,0.13390203839161188,0.4248900045899347,,,,,
2,32.005,32.505,0.5,6500,6501,0.0009726039099417949,0.009190651597597285,4.9763347235056224e-05,4.9607824310285545e-05,1.5552292477067904e-07,0.0022950889519661585,0.00045154730976586926,0.00045154730976586926,0.0004476734739658595,0.0004476734739658595,3.873835800009763e-06,0.005998398071233566,6.815614569836664e-05,1.838130319519457e-05,0.000649214305743147,0.0002006533401787989,0.0006458117240647071,0.00019813825009884755,0.0035984944147746728,0.003599178081711889,0.003599178081711889,1.1735004991657596e-07,0.13557766480949054,0.4303144633898699,3,0.006906999377232995,6.907770740041196e-05,0.006837921669832583,0.9930930006227672
2,32.505,33.005,0.5,6600,6601,0.000997653236843379,0.009417380692848731,5.009865380316801e-05,4.993580985574162e-05,1.628439474263911e-07,0.002375763341061096,0.00045345819050289157,0.00045345819050289157,0.00044937688561283066,0.00044937688561283066,4.081304890060915e-06,0.006254324214233127,6.893153859400863e-05,1.8834761385697464e-05,0.0006559002838628682,0.0002057074782015549,0.0006525572948030075,0.0002031804091901769,0.0036666384330665664,0.0036673171486390557,0.0036673171486390557,1.3348294329426646e-07,0.1372397951969379,0.43570768136767596,,,,,
2,33.005,33.505,0.5,6700,6701,0.0010228641970418473,0.00964499638754643,5.042192039693676e-05,5.0251731048427405e-05,1.7018934850935859e-07,0.0024553348965127854,0.00045523138939539826,0.00045523138939539826,0.0004509382890381339,0.0004509382890381339,4.293100357264377e-06,0.006512752614299852,6.96966776636365e-05,1.928999277509286e-05,0.000662467113614551,0.00021078334119959647,0.0006591836987387095,0.00020824540970057568,0.00373431060826636,0.0037349846472351333,0.0037349846472351333,1.5105050434796259e-07,0.13888841843398197,0.4410700321444199,,,,,
2,33.505,34.005,0.5,6800,6801,0.0010482307944574957,0.00987343083134714,5.0733194831296784e-05,5.055566229364015e-05,1.7753253765663367e-07,0.002533497600776954,0.0004568688876014186,0.0004568688876014186,0.0004523599844262937,0.0004523599844262937,4.508903175124931e-06,0.006773267458868047,7.045150136143093e-05,1.974686166269428e-05,0.0006689148825951372,0.0002158786861575044,0.000665690998104844,0.00021333101367855043,0.0038015436953068296,0.003802213400669034,0.003802213400669034,1.7006587961064203e-07,0.14052352707889978,0.44640187104729684,,,,,
2,34.005,34.505,0.5,6900,6901,0.001073747055629239,0.010102617182573721,5.103252234348651e-05,5.084767727224899e-05,1.8484507123751908e-07,0.002609931495281212,0.00045837270245316364,0.00045837270245316364,0.0004536443241200067,0.0004536443241200067,4.728378333156917e-06,0.007035447025771003,7.119594921090877e-05,2.0205234365147444e-05,0.0006752437233432656,0.000220991271540885,0.0006720793029692014,0.0002184349788491947,0.003868377500761088,0.003869043284485685,0.003869043284485685,1.9052775423150449e-07,0.1421451172750842,0.45170352952684045,,,,,
2,34.505,35.005,0.5,7000,7001,0.0010994070281943997,0.010332489618560078,5.131994513032142e-05,5.112784848132338e-05,1.9209664899803684e-07,0.00268430290839494,0.0004597448719727143,0.0004597448719727143,0.0004547936947154054,0.0004547936947154054,4.951177257308875e-06,0.00729886676372604,7.19299613540056e-05,2.0664979237120157e-05,0.0006814538072693691,0.00022611886964093894,0.0006783487653063173,0.00022355507059091198,0.00393485893735369,0.003935521280952825,0.003935521280952825,2.124199837118437e-07,0.1437531886154883,0.4569753088669546,3,0.007862960778168403,9.293086819272768e-05,0.007770029909975674,0.9921370392218313
2,35.005,35.505,0.5,7100,7101,0.0011252047791326608,0.010562983337892635,5.159550187652231e-05,5.1396246750578466e-05,1.992551259438451e-07,0.0027562648495753697,0.00046098743866511416,0.00046098743866511416,0.00045581049826059615,0.00045581049826059615,5.176940404518003e-06,0.007563102462434447,7.265347806005676e-05,2.1125966675785272e-05,0.0006875453383144989,0.00023125927942173674,0.000684499572791934,0.00022868907453133783,0.004001042055670327,0.00400170151059613,0.00400170151059613,2.357115588296097e-07,0.14534774396524106,0.46221747311329486,,,,,
2,35.505,36.005,0.5,7200,7201,0.0011511343927710594,0.01079403455429461,5.185922727679723e-05,5.165294073499866e-05,2.062865417985668e-07,0.0028254575906820766,0.0004621024328039479,0.0004621024328039479,0.00045669713281308984,0.00045669713281308984,5.4052999908580485e-06,0.007827733461008414,7.336643919431506e-05,2.158806910858922e-05,0.00069351854634202,0.00023641033960860244,0.0006905319423282595,0.0002338348095151696,0.004066988051972263,0.004067645239826257,0.004067645239826257,2.603568907310438e-07,0.14692878924359656,0.4674302411375195,,,,,
2,36.005,36.505,0.5,7300,7301,0.0011771899685479846,0.011025580482013008,5.211115155385028e-05,5.1897996383555756e-05,2.1315517029452748e-07,0.002891509453290457,0.0004630918554367966,0.0004630918554367966,0.0004574559726283495,0.0004574559726283495,5.635882808447095e-06,0.008092345841005946,7.406878364541169e-05,2.2051160964026016e-05,0.0006993736802577538,0.00024156994173447227,0.0006964461132998869,0.00023899014067153737,0.004132765251005939,0.004133420863546016,0.004133420863546016,2.862963945954092e-07,0.1484963331669372,0.4726137777461704,,,,,
2,36.505,37.005,0.5,7400,7401,0.001203365618534946,0.01125755931268504,5.235129997392283e-05,5.2131476383472044e-05,2.1982359045078778e-07,0.002954037818652005,0.0004639576613440638,0.0004639576613440638,0.00045808934826050145,0.00045808934826050145,5.86831308356235e-06,0.008356535550038027,7.476044871092849e-05,2.251511862537008e-05,0.0007051110008456839,0.0002467360428479625,0.0007022423405517188,0.0002441529922912174,0.0041984490627167345,0.0041991038616448085,0.0041991038616448085,3.134573467694826e-07,0.1500503869550828,0.47776818373430124,,,,,
2,37.005,37.505,0.5,7500,7501,0.0012296554647153962,0.011489910183777107,5.257969236090046e-05,5.235343957901059e-05,2.2625278188987628e-07,0.003012650375010818,0.000464701742184135,0.000464701742184135,0.0004585995268564409,0.0004585995268564409,6.1022153276940605e-06,0.008619911404130562,7.544136944001697e-05,2.2979820367554214e-05,0.000710730773298294,0.0002519066775831336,0.0007079208870719889,0.00024932136021554803,0.004264121911825494,0.004264776728337458,0.004264776728337458,3.4175499148306644e-07,0.1515909640036444,0.4828934847763351,3,0.008719193799164924,0.00011528493752996476,0.008603908861634958,0.9912808062008351
2,37.505,38.005,0.5,7600,7601,0.001256053636020144,0.011722573138802428,5.279634260949538e-05,5.256394036331989e-05,2.3240224617548954e-07,0.0030669466157286496,0.00046532591005064156,0.00046532591005064156,0.0004589886929156591,0.0004589886929156591,6.337217134982443e-06,0.008882097922173857,7.611147793178188e-05,2.3445146277604856e-05,0.000716233259413346,0.00025707996929718826,0.00071348201635582,0.0002544933234401609,0.004329873139297647,0.004330528873375914,0.004330528873375914,3.710938776579858e-07,0.15311807952558984,0.4879896190410841,,,,,
2,38.005,38.505,0.5,7700,7701,0.001282554265118875,0.011955489079628415,5.300125819746211e-05,5.276302804144026e-05,2.38230156021852e-07,0.003116519599759221,0.00046583188165197353,0.00046583188165197353,0.00045925892977005396,0.00045925892977005396,6.572951881919577e-06,0.009142737951307099,7.677070258796033e-05,2.391097815925683e-05,0.0007216187094227222,0.00026225413999877203,0.0007189259844180341,0.00025966705464798014,0.004395798874812305,0.004396456494239956,0.004396456494239956,4.013694121941249e-07,0.1546317501655363,0.4930564234153179,,,,,
2,38.505,39.005,0.5,7800,7801,0.0013091514849670927,0.012188599711279911,5.319443969643541e-05,5.295074616221326e-05,2.436935342221483e-07,0.003160957985970513,0.0004662212633029933,0.0004662212633029933,0.00045941220201113815,0.00045941220201113815,6.809061291855145e-06,0.009401495052798371,7.741896731828284e-05,2.4377199422559823e-05,0.0007268873534142554,0.00026742751881592933,0.0007242530314184888,0.00026484082940735065,0.004462001879402393,0.004462662418476595,0.004462662418476595,4.3246962074719974e-07,0.15613199359055088,0.49809361822137155,,,,,
2,39.005,39.505,0.5,7900,7901,0.0013358394251074416,0.012421847479725343,5.3375880280697764e-05,5.3127131816546076e-05,2.487484641516878e-07,0.003199848352976425,0.00046649553689086243,0.00046649553689086243,0.0004594503390572042,0.0004594503390572042,7.045197833658212e-06,0.009658055627991357,7.805619069681981e-05,2.4843694959450687e-05,0.0007320393923045294,0.000272598548788447,0.0007294633728593924,0.0002700130338021882,0.004528591357465182,0.004529255915386114,0.004529255915386114,4.6427710847586704e-07,0.1576188280614048,0.503100790319141,,,,,
2,39.505,40.005,0.5,8000,8001,0.001362612207723974,0.012655175503198312,5.3545565233064675e-05,5.329221489929093e-05,2.533503337737427e-07,0.003232777817164903,0.0004666560469459395,0.0004666560469459395,0.00045937502001131643,0.00045937502001131643,7.281026934623084e-06,0.009912130778447215,7.868228506760936e-05,2.5310351006396623e-05,0.0007370749883198338,0.0002777657918132835,0.0007345571903121816,0.0002751821703008652,0.004595682737318202,0.00459635247622825,0.00459635247622825,4.966712100392409e-07,0.15909227198829182,0.5080773744912024,3,0.0094562185525549,0.0001352667473833399,0.00932095180517156,0.9905437814474451
3,40.005,40.505,0.5,8100,8101,0.0013894639434475216,0.012888527497654524,5.3703471447095336e-05,5.3446017331926384e-05,2.574541151689519e-07,0.003259336962889757,0.00046670398891242304,0.00046670398891242304,0.0004591877599139407,0.0004591877599139407,7.516228998482341e-06,0.010163457908023775,7.929715559794907e-05,2.5777054995309048e-05,0.0007419942549440127,0.0002829279316226817,0.0007395346216319233,0.00028034686171798256,0.0046633974193902635,0.004664073562036929,0.004664073562036929,5.295303100603153e-07,0.1605523434749834,0.5130226330207567,,,,,
3,40.505,41.005,0.5,8200,8201,0.001416388726910045,0.013121847696992928,5.384956692504675e-05,5.3588552243292995e-05,2.610146817537542e-07,0.0032791231007133245,0.00046664039867680765,0.00046664039867680765,0.00045888989744332926,0.00045888989744332926,7.750501233478387e-06,0.010411802091860777,7.990069927793181e-05,2.6243695393985856e-05,0.0007467972462961407,0.00028808377473081315,0.0007443957506200766,0.00028550585317674743,0.0047318624909978525,0.004732546317993061,0.004732546317993061,5.627343032325777e-07,0.16199905985525304,0.5179356333845646,,,,,
3,41.005,41.505,0.5,8300,8301,0.0014433806320457542,0.013355080768680094,5.3983810271418606e-05,5.371982310585773e-05,2.6398716556087754e-07,0.0032917438722616667,0.00046646614337433195,0.00046646614337433195,0.0004584825840643218,0.0004584825840643218,7.98355931001018e-06,0.01065695725415322,8.04928038651297e-05,2.671016153736019e-05,0.0007514839459079165,0.0002932322493446005,0.0007491405961020286,0.00029065801203770683,0.0048012104064875,0.004801903253136058,0.004801903253136058,5.961671493329767e-07,0.16343243722517323,0.5228152239956735,,,,,
3,41.505,42.005,0.5,8400,8401,0.0014704337071368926,0.013588171725407957,5.410615018227672e-05,5.3839822825373284e-05,2.6632735690343266e-07,0.0032968212196704044,0.00046618191345572726,0.00046618191345572726,0.00045796677457398874,0.00045796677457398874,8.215138881738522e-06,0.010898747212432175,8.107334677379298e-05,2.7176343450815916e-05,0.0007560542548804333,0.0002983724022957718,0.0007537691003941749,0.00029580232582018616,0.004871578631363171,0.004872281884034491,0.004872281884034491,6.297194648644132e-07,0.16485248997457064,0.5276600079423334,,,,,
3,42.005,42.505,0.5,8500,8501,0.0014975419696025625,0.013821065833389554,5.4216524931339875e-05,5.394853278237141e-05,2.679921489684667e-07,0.0032939957405993025,0.0004657882159631935,0.0004657882159631935,0.0004573432189424993,0.0004573432189424993,8.44499702069417e-06,0.011137026664297922,8.164219390854486e-05,2.7642131666779107e-05,0.0007605079794125637,0.00030350339411222663,0.0007582811171464985,0.0003009378982039992,0.004943109248914802,0.004943824340935089,0.004943824340935089,6.632910823969912e-07,0.16625923032054224,0.5324683146793473,3,0.010060444807286056,0.0001537842335445268,0.00990666057374153,0.9899395551927139
3,42.505,43.005,0.5,8600,8601,0.0015246994005296544,0.014053708517855385,5.431486185418369e-05,5.404592182468705e-05,2.6894002949664456e-07,0.0032829314452976805,0.0004652853689316623,0.0004652853689316623,0.00045661245530165826,0.00045661245530165826,8.67291363000405e-06,0.011371682205420307,8.21991984433191e-05,2.810741703571077e-05,0.0007648448177083599,0.0003086244924053805,0.0007626763985604619,0.00030606394325880356,0.005015948527870296,0.005016676934917238,0.005016676934917238,6.967935019725969e-07,0.1676526678454917,0.5372381696359387,,,,,
3,43.005,43.505,0.5,8700,8701,0.0015518999389459538,0.014286045266257494,5.4401076832598805e-05,5.4131945211151327e-05,2.6913162144747896e-07,0.00326332092980082,0.00046467349680421807,0.00046467349680421807,0.0004557748038935144,0.0004557748038935144,8.898692910703663e-06,0.011602633479961,8.274419954720932e-05,2.857209053251499e-05,0.0007690643462883596,0.00031373506380431024,0.0007669545819983597,0.0003111797781048454,0.005090246449753202,0.005090989684742255,0.005090989684742255,7.301521566904163e-07,0.16903280904166204,0.5419672617104699,,,,,
3,43.505,44.005,0.5,8800,8801,0.0015791374758368148,0.01451802152962195,5.447507378172206e-05,5.420654350770994e-05,2.68530274012124e-07,0.0032348909739374934,0.0004639525267289106,0.0004639525267289106,0.0004548303617588937,0.0004548303617588937,9.122164970016894e-06,0.01182983457427815,8.327702105996945e-05,2.90360430592439e-05,0.0007731660057490904,0.00031883456471535227,0.0007711151760187249,0.00031628481425983123,0.005166156194971498,0.005166915802431788,0.005166915802431788,7.633084153504328e-07,0.1703996568636331,0.546652908628106,,,,,
3,44.005,44.505,0.5,8900,8901,0.0016064058479081872,0.014749582622414516,5.4536744142744814e-05,5.426964143850301e-05,2.6710270424180167e-07,0.0031974085613381874,0.0004631221855851339,0.0004631221855851339,0.0004537789979219937,0.0004537789979219937,9.343187663140217e-06,0.01205327576651962,8.37974701211095e-05,2.9499165244829034e-05,0.000777149086035798,0.0003239225312255488,0.0007751575458924442,0.0003213785479704506,0.005243833587199053,0.005244611137147746,0.005244611137147746,7.962212472445768e-07,0.1717532102897324,0.5512920201441124,,,,,
3,44.505,45.005,0.5,9000,9001,0.0016336988311003511,0.014980673621202612,5.458596638432782e-05,5.4321146695864105e-05,2.6481968846371395e-07,0.003150687308032082,0.0004621819975761908,0.0004621819975761908,0.00045262034881332744,0.00045262034881332744,9.561648762863363e-06,0.012272985743997525,8.430533575785296e-05,2.9961347242405223e-05,0.0007810127113149039,0.00032899856849849816,0.000779080898675351,0.0003264605498620235,0.005323436496332179,0.005324233577668744,0.005324233577668744,8.288684756341925e-07,0.17309346389279182,0.5558810590845336,3,0.010522708317141345,0.00017228235765839195,0.010350425959482953,0.9894772916828586
3,45.005,45.505,0.5,9100,9101,0.001661010133858291,0.015211239262311407,5.462260551587989e-05,5.43609487147316e-05,2.6165680114828907e-07,0.003094594271587825,0.0004611312822175896,0.0004611312822175896,0.00045135381367001357,0.00045135381367001357,9.777468547576048e-06,0.012489034392492871,8.480038743863827e-05,3.0422478524622814e-05,0.000784755824554172,0.00033406234003055047,0.0007828842679345379,0.00033153045426452434,0.005405124201186119,0.005405942414641423,0.005405942414641423,8.612475460628898e-07,0.17442040742018353,0.5604160002287308,,,,,
3,45.505,46.005,0.5,9200,9201,0.001688333390166102,0.0154412238385851,5.4646512615622034e-05,5.4388917418585065e-05,2.575951970369689e-07,0.0030290570950686543,0.0004599691525473855,0.0004599691525473855,0.00044997854965993076,0.00044997854965993076,9.990602887454726e-06,0.012701536246107464,8.528237360032486e-05,3.0882447677170196e-05,0.0007883771719392979,0.00033911355714305786,0.0007865664982467349,0.00033658794858680417,0.0054890567141065525,0.005489897664796324,0.005489897664796324,8.933757341284796e-07,0.17573402538259403,0.5648922870554983,,,,,
3,46.005,46.505,0.5,9300,9301,0.001715662152354138,0.01567057109527862,5.46575243760717e-05,5.4404901945685995e-05,2.5262243038570595e-07,0.00295407142235071,0.0004586945133870403,0.0004586945133870403,0.00044849346649445353,0.00044849346649445353,1.0201046892586757e-05,0.012910654665470074,8.575102015877456e-05,3.134114219055724e-05,0.0007918752872748359,0.00034415196908216885,0.0007901262296070669,0.0003416327631126134,0.005575394070774024,0.0055762593604205945,0.0055762593604205945,9.252897165054576e-07,0.1770342966505565,0.5693047863961229,,,,,
3,46.505,47.005,0.5,9400,9401,0.0017429898836886783,0.015899224125021857,5.4655462669080807e-05,5.4408729366080564e-05,2.4673330300024215e-07,0.0028697085020615086,0.00045730605948647585,0.00045730605948647585,0.00044689722032275367,0.00044689722032275367,1.040883916372218e-05,0.013116606784010859,8.620602901398752e-05,3.1798448250043714e-05,0.0007952484765343454,0.0003491773540815051,0.0007935618819045907,0.00034666466158183695,0.005664295589634959,0.005665186808535222,0.005665186808535222,9.570444333060398e-07,0.178321194057363,0.5736477410630614,,,,,
3,47.005,47.505,0.5,9500,9501,0.001770309950754649,0.016127125261719243,5.464013413194113e-05,5.440020340147296e-05,2.39930730468169e-07,0.0027761228780709647,0.0004558022733947703,0.0004558022733947703,0.00044518820673796324,0.00044518820673796324,1.0614066656807072e-05,0.013319669227592115,8.66470765624406e-05,3.225425052343849e-05,0.0007984948027386409,0.00035418951171555484,0.0007968716396364932,0.00035168343289852994,0.005755919106562356,0.005756837825392297,0.005756837825392297,9.88711183635289e-07,0.1795946840066222,0.5779147205500877,3,0.010840154707392562,0.0001912357486881546,0.010648918958704406,0.9891598452926073
3,47.505,48.005,0.5,9600,9601,0.001797615615642386,0.016354215973173585,5.461132977547427e-05,5.43791031616664e-05,2.3222661380787202e-07,0.00267356004705257,0.0004541814229086852,0.0004541814229086852,0.00044336455277042006,0.00044336455277042006,1.0816870138265124e-05,0.013520184574440413,8.707381223067786e-05,3.270843194634717e-05,0.0008016120713515485,0.0003591882568337945,0.0008000534370450948,0.00035668888427467467,0.005850420191486675,0.005851367953043074,0.005851367953043074,1.020374923587409e-06,0.18085472608242,0.582098569926788,,,,,
3,48.005,48.505,0.5,9700,9701,0.001824900027949447,0.016580436752154405,5.456882461412184e-05,5.434518191276158e-05,2.2364270136025885e-07,0.0025623639445194308,0.00045244155796164004,0.00045244155796164004,0.00044142410779397844,0.00044142410779397844,1.1017450167661604e-05,0.013718568478194526,8.748585704550129e-05,3.316087350430881e-05,0.0008045978163890985,0.00036417341531889556,0.0008031049438703235,0.00036168083607634506,0.005947951354787085,0.005948929665773823,0.005948929665773823,1.0521307794186187e-06,0.1821012726597725,0.5861913570747299,,,,,
3,48.505,49.005,0.5,9800,9801,0.0018521562166081804,0.016805727005568205,5.451237731746682e-05,5.429816589367029e-05,2.1421142379652864e-07,0.0024429841072877018,0.00045058050682759976,0.00045058050682759976,0.00043936443332590275,0.00043936443332590275,1.1216073501697007e-05,0.013915317331674596,8.788280225728451e-05,3.361145401113641e-05,0.0008074492874403682,0.00036914482185876563,0.0008060235519147333,0.00036665911858883057,0.006048661252127616,0.006049671575096981,0.006049671575096981,1.0840798464520239e-06,0.18333426851283535,0.5901843184323423,,,,,
3,49.005,49.505,0.5,9900,9901,0.0018793770815490908,0.017030024941331927,5.4441729881820906e-05,5.4237753198724516e-05,2.0397668309638927e-07,0.0023159823463268,0.0004485958715274435,0.0004485958715274435,0.0004371827917569544,0.0004371827917569544,1.141307977048909e-05,0.014111016304994388,8.826420803396479e-05,3.406004988266385e-05,0.000810163437796098,0.0003741023198637917,0.0008088063626182331,0.0003716235708612787,0.006152693897079525,0.006153737642637065,0.006153737642637065,1.116324411810533e-06,0.18455365041814767,0.5940678034290595,,,,,
3,49.505,50.005,0.5,10000,10001,0.0019065553852088512,0.017253267452498264,5.4356607319520824e-05,5.416361274522171e-05,1.9299457429911243e-07,0.0021820387496396376,0.00044648502233267384,0.00044648502233267384,0.0004348761341035944,0.0004348761341035944,1.1608888229079455e-05,0.01430634754269131,8.862960224413901e-05,3.450653490499653e-05,0.0008127369138747366,0.0003790457635998541,0.0008114501758354173,0.00037657404173182293,0.00626018789120058,0.006261266410575131,0.006261266410575131,1.1489628066012292e-06,0.18575934675002637,0.597831217795889,3,0.011021564627174943,0.0002095306779628335,0.010812033949212109,0.988978435372825
3,50.005,50.505,0.5,10100,10101,0.001933683743890381,0.017475389998135926,5.42567173630595e-05,5.407538334563856e-05,1.8133401742094436e-07,0.0020419568275834047,0.00044424509127532347,0.00044424509127532347,0.0004324410869265022,0.0004324410869265022,1.1804004348821241e-05,0.014502098268588027,8.897847934840648e-05,3.495077999627185e-05,0.0008151660461250675,0.00038397502254694564,0.0008139514799999021,0.00038151039307339984,0.006371275681154372,0.0063723902592229195,0.0063723902592229195,1.182084149785138e-06,0.18695127706510017,0.6014629659397548,,,,,
3,50.505,51.005,0.5,10200,10201,0.001960754618980443,0.01769632648042585,5.4141750180124355e-05,5.3972672904969787e-05,1.6907727515456873e-07,0.001896667600998834,0.0004418729645798494,0.0004418729645798494,0.0004298739386067791,0.0004298739386067791,1.1999025973070325e-05,0.01469916850896372,8.931029941865664e-05,3.53926529608517e-05,0.0008174468415703396,0.00038888998793490317,0.0008163064438477035,0.00038643250524092443,0.0064860828518761,0.006487234700716434,0.006487234700716434,1.2157632797051513e-06,0.18812935167286285,0.6052841265671979,,,,,
3,51.005,51.505,0.5,10300,10301,0.0019877603080278314,0.017916009117396783,5.4011378094776484e-05,5.3855057764212845e-05,1.5632033056363896e-07,0.0017472324238963666,0.0004393652739418663,0.0004393652739418663,0.00042717062521147183,0.00042717062521147183,1.2194648730394476e-05,0.014898578117353277,8.962448730541432e-05,3.583201823479357e-05,0.0008195749781415199,0.00039379058135401265,0.0008185109098559297,0.0003913402846444579,0.006604727463685098,0.006605917716708397,0.006605917716708397,1.2500561726488916e-06,0.18929347118903378,0.610148057042219,,,,,
3,51.505,52.005,0.5,10400,10401,0.0020146929356824606,0.01813436831069206,5.386525530925827e-05,5.37220822114416e-05,1.4317309781667432e-07,0.001594844325214739,0.00043671838659055384,0.00043671838659055384,0.0004243267162121243,0.0004243267162121243,1.2391670378429523e-05,0.015101472769674114,8.992043197364657e-05,3.626873662138412e-05,0.000821545800927624,0.0003986767652908827,0.000820560389534572,0.00039623367332244767,0.006727319439618978,0.006728549146310569,0.006728549146310569,1.2849961185418187e-06,0.19044352606844928,0.614924881695309,,,,,
3,52.005,52.505,0.5,10500,10501,0.0020415444444924504,0.018351332507732472,5.370301761997969e-05,5.357325818221474e-05,1.2975943776495137e-07,0.0014408276445215216,0.0004339283940808236,0.0004339283940808236,0.00042133740034320686,0.00042133740034320686,1.2590993737616758e-05,0.01530912858960972,9.019748602763198e-05,3.6702665015464946e-05,0.0008233543204499236,0.0004035485554002513,0.0008224500606887738,0.000401112660345567,0.0068539600071835715,0.006855230128453987,0.006855230128453987,1.3205908679668537e-06,0.19157939611415667,0.6196003196882889,3,0.011094824504472512,0.00022479131196700486,0.010870033192505506,0.9889051754955276
3,52.505,53.005,0.5,10600,10601,0.002068306585552849,0.018566828057622248,5.3524282120797316e-05,5.3408065171276844e-05,1.1621694952047233e-07,0.001286635731457789,0.0004309910997795513,0.0004309910997795513,0.0004181974719014173,0.0004181974719014173,1.2793627878134018e-05,0.015522955074955446,9.045496544563115e-05,3.71336561152445e-05,0.0008249952130451655,0.00040840603429200326,0.0008241747667475446,0.0004059772948461273,0.006984741196296628,0.0069860526004175885,0.0069860526004175885,1.3568208947964298e-06,0.19270094995937226,0.6241585245594636,,,,,
3,53.005,53.505,0.5,10700,10701,0.002094970908995979,0.01878077906013685,5.332864688625989e-05,5.322595037766382e-05,1.0269650859607183e-07,0.0011338464717062873,0.00042790200502920706,0.00042790200502920706,0.00041490131779268465,0.00041490131779268465,1.30006872365224e-05,0.01574449601436467,9.069214954521469e-05,3.7561558120273706e-05,0.0008264628234218102,0.0004132493665896031,0.0008257290182334878,0.0004108277004408032,0.007119745392604156,0.007121098851675814,0.007121098851675814,1.3936388514595402e-06,0.19380804451898714,0.6285819952954779,,,,,
3,53.505,54.005,0.5,10800,10801,0.0021215287543099133,0.018993107207138146,5.311569062786854e-05,5.3026329105454765e-05,8.936152241377678e-08,0.0009841554014707208,0.0004246562940025886,0.0004246562940025886,0.0004114429056326515,0.0004114429056326515,1.3213388369937105e-05,0.01597542812115533,9.090828120024484e-05,3.798621441427629e-05,0.0008277511694338036,0.00041807881500070766,0.0008271069964278069,0.0004156640907951554,0.007259044942729682,0.007260441129596709,0.007260441129596709,1.4309702451389808e-06,0.1949005244073917,0.6328514898389691,,,,,
3,54.005,54.505,0.5,10900,10901,0.0021479712404686964,0.019203731615789123,5.288497231756631e-05,5.280858544255218e-05,7.638687501413164e-08,0.000839366176584125,0.00042124881730195435,0.00042124881730195435,0.00040781577320058,0.00040781577320058,1.3433044101374332e-05,0.01621755716083531,9.110256733071405e-05,3.8407463231578245e-05,0.0008288539490996514,0.00042289475713158735,0.0008283025592667275,0.0004204867860661475,0.007402701805517355,0.007404141291022516,0.007404141291022516,1.4687153432070569e-06,0.1959782213195595,0.6369459421424664,,,,,
3,54.505,55.005,0.5,11000,11001,0.0021742892558560896,0.019412568652992523,5.263603077478637e-05,5.257207324005185e-05,6.395753473451568e-08,0.0007013781721670917,0.0004176740744068,0.0004176740744068,0.0004040130195387287,0.0004040130195387287,1.3661054868071285e-05,0.016472811410775914,9.127417968695295e-05,3.8825137305985045e-05,0.0008297645498816118,0.0004276977027722184,0.0008293092494906316,0.00042529622995190287,0.00755076724103866,0.007552250491473757,0.007552250491473757,1.5067523262432484e-06,0.19704095337260485,0.6408423841273472,3,0.011114488876970073,0.00023394166966789683,0.010880547207302176,0.9888855111230298
3,55.005,55.505,0.5,11100,11101,0.002200473447964743,0.01961953175056369,5.236838421730696e-05,5.231611741500624e-05,5.226680230072377e-08,0.000572171012734338,0.0004139261951423348,0.0004139261951423348,0.00040002729798245453,0.00040002729798245453,1.3898897159880276e-05,0.01674323236670116,9.142225595017195e-05,3.923906350112738e-05,0.0008304760602316802,0.0004324883113761646,0.000830120305056646,0.0004300930070741915,0.007703281527073665,0.007704808901660186,0.007704808901660186,1.5449417370547498e-06,0.19808852440544703,0.64451587419253,,,,,
3,55.505,56.005,0.5,11200,11201,0.002226514212855523,0.019824531210775112,5.2081529781559596e-05,5.204001559970323e-05,4.1514181856368976e-08,0.00045378586645182165,0.0004099989204228438,0.0004099989204228438,0.00039585081140406487,0.00039585081140406487,1.4148109018778936e-05,0.017030962694209964,9.154590117191211e-05,3.964906242155023e-05,0.0008309812834085458,0.0004372674094559317,0.000830728671820113,0.00043487786041604816,0.00786027369091514,0.007861845439122193,0.007861845439122193,1.5831323055455275e-06,0.199120723234801,0.6492625492912727,,,,,
3,56.005,56.505,0.5,11300,11301,0.0022524016843685326,0.02002747400208793,5.177494302601934e-05,5.174304016097809e-05,3.190286504125493e-08,0.00034830339251478934,0.0004058855826256369,0.0004058855826256369,0.0003914753099593794,0.0003914753099593794,1.4410272666257485e-05,0.017338231516549285,9.164418957577015e-05,4.005494800417586e-05,0.0008312727535735913,0.0004420360076074466,0.0008311270184910686,0.00043965170853168915,0.008021761242604657,0.008023377501092768,0.008023377501092768,1.6211682368053464e-06,0.20013732286651548,0.6541067278191912,,,,,
3,56.505,57.005,0.5,11400,11401,0.002278125723089204,0.02022826354512211,5.1448077441343214e-05,5.142444061353424e-05,2.3636827808974853e-08,0.0002578183014384204,0.0004015790860683599,0.0004015790860683599,0.0003868920916436187,0.0003868920916436187,1.4686994424741202e-05,0.017667337224038335,9.17161667457184e-05,4.045652709024422e-05,0.0008313427541847536,0.00044679531686366085,0.0008313077538791725,0.0004444156622355537,0.008187749894025813,0.008189410682995476,0.008189410682995476,1.6588980073015986e-06,0.20113807966231612,0.6587584802765133,,,,,
3,57.005,57.505,0.5,11500,11501,0.0023036759050910007,0.02042679948922045,5.1100364003592996e-05,5.108344645173627e-05,1.6917551856726848e-08,0.00018441058124335515,0.0003970718881966817,0.0003970718881966817,0.0003820920059960109,0.0003820920059960109,1.4979882200670785e-05,0.018020628084643886,9.176085222643927e-05,4.0853598978440906e-05,0.000831183338724933,0.00045154676405400387,0.0008312630464548433,0.00044917104045883236,0.008358233246636539,0.008359938465364257,0.008359938465364257,1.696184599667736e-06,0.20212273246332513,0.6631884016311188,3,0.011167451598124755,0.00023407524886972578,0.010933376349255028,0.9888325484018751
3,57.505,58.005,0.5,11600,11601,0.002329041510502039,0.02062297748033938,5.073121082207685e-05,5.0719270424803535e-05,1.1940397273314395e-08,0.0001301135580279304,0.0003923559822378575,0.0003923559822378575,0.0003770654613434232,0.0003770654613434232,1.52905208944343e-05,0.01840048102316432,9.177724256228746e-05,4.124595496067876e-05,0.0008307863538265935,0.00045629200581067623,0.0008309848462757632,0.00045391938493234,0.008533192429112851,0.008534941850479101,0.008534941850479101,1.7329169074934693e-06,0.2030910016733355,0.6673645843375728,,,,,
3,58.005,58.505,0.5,11700,11701,0.002354211511977436,0.020816688921458125,5.0340002950793536e-05,5.033111228070232e-05,8.890670091218954e-09,9.687909614429757e-05,0.0003874228822374898,0.0003874228822374898,0.0003718024360449101,0.0003718024360449101,1.5620446192579672e-05,0.018809279015397997,9.176431480271219e-05,4.163337784291625e-05,0.0008301434648859873,0.0004610329408120843,0.0008304649093562904,0.0004586624733113803,0.008712595665035279,0.008714388928891302,0.008714388928891302,1.7690217597957148e-06,0.20404258830674601,0.6712525550521429,,,,,
3,58.505,59.005,0.5,11800,11801,0.0023791745632031304,0.021007820727240056,4.9926102451389e-05,4.991816300421498e-05,7.93944717401954e-09,8.654039548266239e-05,0.0003822636115638628,0.0003822636115638628,0.0003662924942930514,0.0003662924942930514,1.5971117270811375e-05,0.01924938760304056,9.172103050311414e-05,4.201564145448011e-05,0.000829246184298347,0.00046577171978614716,0.0008296948245921672,0.00046340233029911577,0.008896397750372447,0.00889823435565726,0.00889823435565726,1.804475671417449e-06,0.20497717300831356,0.6748152321142709,,,,,
3,59.005,59.505,0.5,11900,11901,0.00240391898761092,0.021196255075309645,4.94888488155789e-05,4.947960957453809e-05,9.239241040809407e-09,0.00010077301106308211,0.0003768686961391765,0.0003768686961391765,0.00036052480714500196,0.00036052480714500196,1.6343888994174542e-05,0.019723131078527936,9.164634025106144e-05,4.239251015061929e-05,0.0008280859024885946,0.0004705107527107905,0.0008286660433934708,0.00046814123624846886,0.00908453942143424,0.009086418717037501,0.009086418717037501,1.8393150640476487e-06,0.20589441505446254,0.6780129087605768,,,,,
3,59.505,60.005,0.5,12000,12001,0.0024284327675484366,0.02138186915722584,4.9027559875033586e-05,4.901464026719406e-05,1.2919607839523143e-08,0.00014105489565784744,0.0003712281638323933,0.0003712281638323933,0.0003544881795955677,0.0003544881795955677,1.6739984236825603e-05,0.020232768909651012,9.153918874839765e-05,4.276373831445168e-05,0.0008266539219593232,0.00047525271254599195,0.0008273699122239589,0.0004728817326283912,0.009276946596777032,0.009278867771242011,0.009278867771242011,1.8736433925051525e-06,0.2067939513488044,0.6808032674891691,3,0.011374343863201474,0.00022482314392101074,0.011149520719280465,0.9886256561367986
4,60.005,60.505,0.5,12100,12101,0.0024527035342210204,0.021564534933035624,4.8541533345167545e-05,4.8522450523875836e-05,1.9082821291709464e-08,0.00020862643762415767,0.000365331551619566,0.000365331551619566,0.00034817108466379993,0.00034817108466379993,1.716046695576605e-05,0.020780472969863073,9.139852047987695e-05,4.312906986607125e-05,0.0008249414946274945,0.0004800005347132259,0.0008257977082934088,0.00047762662362960893,0.009473529481786366,0.009475491552050621,0.009475491552050621,1.9076334437374053e-06,0.2076753954277474,0.6831414312994002,,,,,
4,60.505,61.005,0.5,12200,12201,0.00247671855880352,0.02174411889417586,4.803004916499945e-05,4.800224941190812e-05,2.7799753091332414e-08,0.00030445162740896405,0.00035916792228047473,0.00035916792228047473,0.00034156170563888174,0.00034156170563888174,1.760621664159299e-05,0.02136830611322836,9.122328599836226e-05,4.348823778835173e-05,0.0008229398627715937,0.00048475741140809877,0.000823940678699544,0.0004823789730606623,0.009674181532663724,0.009676183332131171,0.009676183332131171,1.941523157854495e-06,0.2085383364955991,0.6852437807860755,,,,,
4,61.005,61.505,0.5,12300,12301,0.0025004647452067604,0.021920481840450548,4.749237280648067e-05,4.745326669211473e-05,3.910611436594208e-08,0.00042918162453026496,0.00035272589254937287,0.00035272589254937287,0.00033464798781331225,0.00033464798781331225,1.8077904736060616e-05,0.0219982025848033,9.101244885512003e-05,4.38409636809011e-05,0.0008206403039597656,0.0004895267796966361,0.0008217900833656797,0.00048714209555236743,0.009878778287238292,0.009880818453551677,0.009880818453551677,1.975603748751231e-06,0.20938233851235183,0.6894440616162523,,,,,
4,61.505,62.005,0.5,12400,12401,0.0025239286250726147,0.022093478677830923,4.6927759731708527e-05,4.6874760509832544e-05,5.299922187598262e-08,0.00058312210004131,0.00034599367476075005,0.00034599367476075005,0.00032741770121179635,0.00032741770121179635,1.8575973548953697e-05,0.022671950685195317,9.076499320110801e-05,4.418695735566185e-05,0.0008180341803741939,0.0004943123022137307,0.0008193372421669798,0.0004919195409551834,0.010087176082816215,0.010089253045741868,0.010089253045741868,2.0101997334186774e-06,0.21020693936133947,0.6931976396873322,,,,,
4,62.005,62.505,0.5,12500,12501,0.0025470963556590317,0.02226295824488793,4.6335461172834075e-05,4.626602571840316e-05,6.94354544309117e-08,0.0007662057773235106,0.00033895913411401135,0.00033895913411401135,0.00031985851599032904,0.00031985851599032904,1.9100618123682315e-05,0.023391178009261836,9.047993208113601e-05,4.452591648977586e-05,0.0008151129929848686,0.0004991178391646737,0.0008165735866795313,0.0004967150706892022,0.010299210694997282,0.010301322664835992,0.010301322664835992,2.0456416883812923e-06,0.21101165012808146,0.6964513695255328,3,0.011880938118829577,0.00021136203389161018,0.011669576084937967,0.9881190618811705
4,62.505,63.005,0.5,12600,12601,0.0025699537213576956,0.022428763176747125,4.571473139732777e-05,4.562640283750371e-05,8.832855982405846e-08,0.0009779715926188646,0.000331609863718392,0.000331609863718392,0.0003119580923166217,0.0003119580923166217,1.9651771401770293e-05,0.02415733946390308,9.015631643714151e-05,4.485752635349425e-05,0.000811868441053826,0.0005039474102407775,0.0008134907170193474,0.0005015326247027256,0.010514695944375868,0.010516840901273493,0.010516840901273493,2.082233997195544e-06,0.21179595452579883,0.6991495992102227,,,,,
4,63.005,63.505,0.5,12700,12701,0.002592486139655969,0.022590729816515116,4.506483659654642e-05,4.4955287639954856e-05,1.095489565915641e-07,0.0012175518053013242,0.0003239332795359831,0.0003239332795359831,0.00030370418663269673,0.00030370418663269673,2.022909290328638e-05,0.024971708115162763,8.979324482929269e-05,4.518145963303023e-05,0.0008082924874653827,0.0005088051450130378,0.0008100804642596044,0.0005063762776269076,0.010733422328411206,0.01073559801286514,0.01073559801286514,2.1202212712975375e-06,0.21255930850713226,0.7012344221683854,,,,,
4,63.505,64.005,0.4999999999999929,12800,12801,0.002614678672406084,0.02274868818512344,4.4385065500230954e-05,4.4252141349992674e-05,1.329241502382803e-07,0.0014836682294654142,0.00031591673721665276,0.00031591673721665276,0.0002950847762234382,0.0002950847762234382,2.0831960993214548e-05,0.025835368741929973,8.938987387396976e-05,4.549737637024688e-05,0.0008043774303751895,0.0005136952203806579,0.0008063349589202861,0.0005112501826968479,0.010955155741750279,0.010957359646505512,0.010957359646505512,2.1597581759322665e-06,0.21330114010536108,0.7026459901660695,,,,,
4,64.005,64.505,0.5,12900,12901,0.0026365160432919206,0.02290246202141869,4.367474177167322e-05,4.351650142327099e-05,1.5824034840223293e-07,0.0017746385097050757,0.0003075476725905024,0.0003075476725905024,0.0002860882039496402,0.0002860882039496402,2.1459468640862213e-05,0.026749213776843504,8.894542938565648e-05,4.580492404283738e-05,0.0008001159816472183,0.0005186217837424694,0.0008022467060112039,0.0005161585020615636,0.011179636348693373,0.011181865712110313,0.011181865712110313,2.200887747720464e-06,0.21402084955171397,0.7033228867117445,,,,,
4,64.505,65.005,0.5,13000,13001,0.002657982662381692,0.023051868905040112,4.2933238179543136e-05,4.2747992863973094e-05,1.8524531557004184e-07,0.002088393039259066,0.00029881376724284064,0.00029881376724284064,0.00027670334482803505,0.00027670334482803505,2.2110422414805598e-05,0.027713941108109402,8.845921819520732e-05,4.6103737810080225e-05,0.000795501352499158,0.0005235888607478368,0.0007978086670731881,0.0005211053222451531,0.01140657766590153,0.011408829466774531,0.011408829466774531,2.2435327582172727e-06,0.214717809717965,0.7058444768403203,3,0.012829235827714435,0.000203204669851571,0.012626031157862863,0.9871707641722854
4,65.005,65.505,0.5,13100,13101,0.00267906265861907,0.02319672047511298,4.215999247475597e-05,4.1946340017321585e-05,2.1365245743438642e-07,0.002422502732231951,0.00028970314014573756,0.00028970314014573756,0.0002669197958313279,0.0002669197958313279,2.278334431440968e-05,0.02873005302605207,8.793064059974204e-05,4.639344095022596e-05,0.0007905273466995533,0.0005286002467882187,0.0007930143495993556,0.0005260945537680277,0.011635665902345684,0.011637936856070834,0.011637936856070834,2.2875032833234584e-06,0.21539136693522784,0.7089685795732683,,,,,
4,65.505,66.005,0.5,13200,13201,0.002699739921032641,0.023336822757994584,4.135452482714134e-05,4.111137875653466e-05,2.431460706066779e-07,0.002774217434244652,0.0002802045657632063,0.0002802045657632063,0.0002567280898176191,0.0002567280898176191,2.347647594558717e-05,0.029797855454213568,8.735920337954242e-05,4.667364551598917e-05,0.0007851884615511698,0.0005336593818272661,0.0007878579041253615,0.0005311298143077424,0.011866559588110611,0.011868846144055156,0.011868846144055156,2.3325216229988386e-06,0.21604084224051054,0.7113164831881718,,,,,
4,66.005,66.505,0.5,13300,13301,0.002719998149333383,0.023471976617189534,4.051645660148404e-05,4.024306896204546e-05,2.73387639438583e-07,0.0031405143239374104,0.00027030771838990053,0.00027030771838990053,0.0002461199338643657,0.0002461199338643657,2.4187784525534818e-05,0.030917456534866283,8.674453329491674e-05,4.6943953234379066e-05,0.0007794799967521665,0.0005387692087473388,0.0007823342291516681,0.0005362142952873024,0.012098889505648584,0.012101187845569036,0.012101187845569036,2.3782634390106034e-06,0.21666553310201203,0.7128178132176419,,,,,
4,66.505,67.005,0.5,13400,13401,0.0027398209144229918,0.023601978338058723,3.964553017921785e-05,3.934150716788175e-05,3.0402301133609813e-07,0.003518155245214192,0.00026000344173837675,0.00026000344173837675,0.00023508847146838711,0.00023508847146838711,2.4914970269989637e-05,0.03208876367330094,8.608639095134327e-05,4.7203956676117443e-05,0.000773398171048348,0.0005439320161164015,0.0007764390839002573,0.0005413506124318701,0.012332258918230147,0.01233456495562563,0.01233456495562563,2.4244117711608567e-06,0.21726471567218972,0.7134025505372682,,,,,
4,67.005,67.505,0.5,13500,13501,0.0027591917291557837,0.023726620359040128,3.8741629465583946e-05,3.840693922595916e-05,3.3469023962478866e-07,0.003903751556619976,0.0002492840419628106,0.0002492840419628106,0.00022362856708248462,0.00022362856708248462,2.5655474880326005e-05,0.03331147829608138,8.538468489477274e-05,4.7453240718080256e-05,0.0007669402463760151,0.0005491492671429924,0.0007701692087121816,0.000546540641629697,0.012566244072521736,0.012568553452895077,0.012568553452895077,2.470718645750974e-06,0.21783764761418137,0.7166527058685153,3,0.014302952841844274,0.00020848537572096685,0.014094467466123304,0.9856970471581559
4,67.505,68.005,0.5,13600,13601,0.0027780941294887054,0.023845692159749098,3.780480066584331e-05,3.743977281431639e-05,3.650278515269191e-07,0.004293834812975339,0.00023814360141793944,0.00023814360141793944,0.00021173711030683895,0.00021173711030683895,2.6406491111100495e-05,0.03458508786355814,8.46394857714385e-05,4.76913843194982e-05,0.0007601046589471646,0.0005544214175665094,0.0007635224526615898,0.0005517853423547508,0.012800394937470217,0.012802703039601062,0.012802703039601062,2.5170673505150714e-06,0.21838357154213361,0.7189482065999058,,,,,
4,68.005,68.505,0.5,13700,13701,0.0027965117659237704,0.023958981314506595,3.6835272870129956e-05,3.644058959083543e-05,3.9468327929452333e-07,0.004684931412577771,0.00022657830951499508,0.00022657830951499508,0.00019941333577055558,0.00019941333577055558,2.7164973744439505e-05,0.03590885509132855,8.385104035874375e-05,4.791796262901319e-05,0.0007528911564498815,0.0005597477262894255,0.000756497907698523,0.0005570845719279675,0.013034236132430446,0.013036538070936339,0.013036538070936339,2.5635271376486195e-06,0.2189017191093144,0.7202054625309914,,,,,
4,68.505,69.005,0.5,13800,13801,0.002814428504902282,0.024066274717554084,3.583347795702366e-05,3.5410156770715395e-05,4.233211863082618e-07,0.005073639262849995,0.0002145868060949782,0.0002145868060949782,0.00018665915337213708,0.00018665915337213708,2.7927652722841128e-05,0.03728180489632854,8.30197852468084e-05,4.813254943510817e-05,0.000745300940231114,0.0005651260636472958,0.0007490960483404977,0.0005624368949683606,0.01326726799661957,0.01326955862627871,0.01326955862627871,2.6103913095875687e-06,0.21939131576958137,0.7203478262463482,,,,,
4,69.005,69.505,0.5,13900,13901,0.002831828539557043,0.02416735998346566,3.4800069309521425e-05,3.434943788499726e-05,4.506314245241686e-07,0.005456704508721193,0.00020217053182314954,0.00020217053182314954,0.00017347948215896888,0.00017347948215896888,2.869104966418066e-05,0.0387027102747303,8.21463599252256e-05,4.833471996693132e-05,0.0007373368110022183,0.0005705527232680987,0.0007413188756166661,0.0005678393934576973,0.013498967762479079,0.013501241684985198,0.013501241684985198,2.6581898314699346e-06,0.2198515862279172,0.7241769976535867,,,,,
4,69.505,70.005,0.5,14000,14001,0.0028486965089740673,0.024262027023095174,3.373593883404871e-05,3.325960245993303e-05,4.7633637411568185e-07,0.005831096421030638,0.00018933407925902923,0.00018933407925902923,0.00015988257979157404,0.00015988257979157404,2.9451499467455188e-05,0.04017007912388499,8.123161900776212e-05,4.8524054046190346e-05,0.0007290033162664595,0.000576022244417431,0.0007331700636343389,0.0005732874838427649,0.01372879081948116,0.013731042393455633,0.013731042393455633,2.707669592706186e-06,0.22028176058446225,0.7268545529410826,3,0.01626393621588283,0.00023245947029522436,0.0160314767455876,0.9837360637841172
4,70.005,70.505,0.5,14100,14101,0.0028650176248636986,0.02435006979182549,3.264223177926271e-05,3.2142034344159927e-05,5.001974351027841e-07,0.006194078592925808,0.000176085537460631,0.000176085537460631,0.00014588035834942493,0.00014588035834942493,3.0205179111206064e-05,0.041682144827326725,8.027664331039907e-05,4.870013958365098e-05,0.0007203068973194598,0.0005815272524696385,0.0007246551067929597,0.0005787747484435348,0.013956172092174498,0.013958395447319819,0.013958395447319819,2.7597400120071366e-06,0.22068108116386184,0.7282840379411266,,,,,
4,70.505,71.005,0.5,14200,14201,0.002880777804296521,0.024431288202936052,3.1520358865644825e-05,3.099833840367515e-05,5.220204619696764e-07,0.00654327461165803,0.00016243682222112643,0.00016243682222112643,0.00013148867629481423,0.00013148867629481423,3.09481459263122e-05,0.043236864078828784,7.928274948647431e-05,4.88625764058721e-05,0.00071125603332639,0.0005870583255865829,0.0007157814653229249,0.0005842927890281107,0.014180527602779373,0.01418271665896774,0.01418271665896774,2.815389048028106e-06,0.2210488100078173,0.7283916672158341,,,,,
4,71.005,71.505,0.5,14300,14301,0.0028959638069236257,0.024505490194551654,3.037200525420926e-05,2.9830345304661906e-05,5.416599495473524e-07,0.006876726279806636,0.00014840398323120313,0.00014840398323120313,0.00011672759582762775,0.00011672759582762775,3.167638740357538e-05,0.04483192566008289,7.825149791782491e-05,4.901098038910331e-05,0.0007018613796416261,0.0005926038957261777,0.000706558706484008,0.0005898311106563803,0.014401256335218658,0.014403404827038155,0.014403404827038155,2.875583684804127e-06,0.22138423699329476,0.7276026482237845,,,,,
4,71.505,72.005,0.5,14400,14401,0.0029105633748757035,0.024572493933845134,2.9199135904155703e-05,2.8640114112325543e-05,5.590217918301601e-07,0.00719294224234178,0.00013400747858696022,0.00013400747858696022,0.00010162159473271141,0.00010162159473271141,3.2385883854248805e-05,0.046464773485430086,7.718469856361975e-05,4.914498786769027e-05,0.0006921358972160355,0.000598150191666061,0.0006969986384288307,0.0005953770436961194,0.01461774254998048,0.014619844056831303,0.014619844056831303,2.94117668621172e-06,0.22168668852163917,0.7307201630955993,,,,,
4,72.005,72.505,0.5,14500,14501,0.0029245653733227304,0.024632130136901735,2.800399689405382e-05,2.7429932450869902e-05,5.74064443183918e-07,0.0074909344979635665,0.00011927240611320222,0.00011927240611320222,8.619972220178776e-05,8.619972220178776e-05,3.3072683911414464e-05,0.04813264598985313,7.60844144796138e-05,4.9264260273803474e-05,0.0006820949696424593,0.0006036812307888582,0.0006871154334292474,0.0006009157112274596,0.014829358701591874,0.014831406682937226,0.014831406682937226,3.01284377802478e-06,0.2219555367045469,0.7323216819096217,3,0.018512782738986554,0.00028078137465621607,0.018232001364330338,0.9814872172610133
4,72.505,73.005,0.5,14600,14601,0.002937959929480739,0.02468424447693632,2.6789112316016883e-05,2.6202313996043655e-05,5.867983199732286e-07,0.007770239801230411,0.00010422868006917246,0.00010422868006917246,7.049568899975401e-05,7.049568899975401e-05,3.373299106941845e-05,0.04983263189929317,7.495296274014963e-05,4.936848895387264e-05,0.0006717565041303688,0.0006091788649844618,0.000676925736886414,0.00060643004788666,0.015035469071296348,0.015037456906304952,0.015037456906304952,3.091069082478778e-06,0.22219020895141317,0.732330730986154,,,,,
4,73.005,73.505,0.5,14700,14701,0.0029507385676832997,0.02472870004750495,2.5557276405121718e-05,2.4959993107306632e-05,5.972832978150855e-07,0.008030922494583844,8.891114113725868e-05,8.891114113725868e-05,5.454788366140263e-05,5.454788366140263e-05,3.436325747585605e-05,0.05156173981490953,7.379291252334618e-05,4.94574000950099e-05,0.0006611410124859969,0.0006146228843090986,0.0006664487583081828,0.0006119008746467802,0.01523543414847617,0.01523735517925926,0.01523735517925926,3.176181457118587e-06,0.22239019783931552,0.7306868739724766,,,,,
4,73.505,74.005,0.5,14800,14801,0.0029628943380066697,0.024765379841208614,2.431154064674e-05,2.3705916451051563e-05,6.056241956884383e-07,0.008273554999611923,7.335958740732618e-05,7.335958740732618e-05,3.839930800917773e-05,3.839930800917773e-05,3.496027939814845e-05,0.053316976292730335,7.260708015618408e-05,4.953075968241723e-05,0.0006502716680157372,0.0006199911801742801,0.000655706340250867,0.0006173070322416893,0.015428615696375655,0.015430463274483362,0.015430463274483362,3.268424791266783e-06,0.22255507112267117,0.7293213747680474,,,,,
4,74.005,74.505,0.5,14900,14901,0.002974421935868071,0.024794189198505425,2.3055195722802672e-05,2.2443231518350584e-05,6.119642044520882e-07,0.00849917225037083,5.761871459362272e-05,5.761871459362272e-05,2.2097427022948687e-05,2.2097427022948687e-05,3.5521287570674034e-05,0.05509542471750899,7.139852095994517e-05,4.958837839701085e-05,0.0006391743341814503,0.00062525996797701,0.0006447230010985937,0.000622625574075645,0.0156143823586765,0.015616149895493737,0.015616149895493737,3.3680291469892153e-06,0.22268448171574698,0.7311658836797398,,,,,
4,74.505,75.005,0.5,15000,15001,0.002985317810026018,0.024815058176047282,2.1791748315893797e-05,2.1175271998758525e-05,6.164763171352723e-07,0.008709196906233568,4.173795508371353e-05,4.173795508371353e-05,5.6939298736078834e-06,5.6939298736078834e-06,3.6044025210105646e-05,0.05689431561876472,7.017051778667729e-05,4.963011635209456e-05,0.0006278775608313341,0.0006304040672885585,0.0006335259475063922,0.0006278320176327843,0.01579211564468561,0.015793796667660284,0.015793796667660284,3.47524477803152e-06,0.22277817745931616,0.7311642301429025,3,0.02069373769749776,0.0003586133447915261,0.020335124352706235,0.9793062623025024
4,75.005,75.505,0.5,15100,15101,0.0029955802565186937,0.02482794377987905,2.0524892985351526e-05,1.9905540033773847e-05,6.193529515776786e-07,0.00890533336657729,2.5771207663533025e-05,2.5771207663533025e-05,-1.0755599223333972e-05,1.0755599223333972e-05,3.6526806886866996e-05,0.057713334303613445,6.892656619272306e-05,4.9655887559758096e-05,0.0006164125439255123,0.0006353972359149558,0.0006221450523784232,0.0006329006516017572,0.015961216195619042,0.01596280441346786,0.01596280441346786,3.590311438785664e-06,0.22283601046455237,0.7292448866796492,,,,,
4,75.505,76.005,0.5,15200,15201,0.0030052094962923926,0.024832832006284375,1.9258479547397747e-05,1.8637685437320002e-05,6.20794110077745e-07,0.00908943040526796,9.776452810653091e-06,9.776452810653091e-06,-2.7192099615318537e-05,2.7192099615318537e-05,3.696855242597163e-05,0.05796216487590808,6.767035625424379e-05,4.966566401256875e-05,0.0006048130448881057,0.0006402125521292992,0.000610612794406809,0.0006378048940221274,0.016121110369922566,0.016122599750597544,0.016122599750597544,3.7133584689518897e-06,0.22285794581429838,0.7253562663455897,,,,,
4,76.005,76.505,0.5,15300,15301,0.0030142077345988293,0.02482973963238502,1.7996476612873458e-05,1.737548203355219e-05,6.20994579321269e-07,0.009263314569924472,-6.184747798711199e-06,6.184747798711199e-06,-4.3553539057984226e-05,4.3553539057984226e-05,3.736879125927303e-05,0.05815994108365337,6.640575109019938e-05,4.965947926477004e-05,0.0005931152660629217,0.0006448228369376965,0.0005989641554755137,0.0006425176945334979,0.016271257340157518,0.016272642205005745,0.016272642205005745,3.8442582072172075e-06,0.22284406939555298,0.7233946917185379,,,,,
4,76.505,77.005,0.5,15400,15401,0.0030225792006674103,0.024818715700103453,1.6742932137161874e-05,1.6122801321791324e-05,6.201308153705505e-07,0.009428599161944065,-2.2047864563133623e-05,2.2047864563133623e-05,-5.977549846849318e-05,5.977549846849318e-05,3.772763390535956e-05,0.058310565475342045,6.513676221836021e-05,4.9637431400206904e-05,0.00058135767924135,0.0006492011053035615,0.0005872364726521358,0.0006470119711206291,0.016411156995557914,0.016412432131615935,0.016412432131615935,3.982474856959222e-06,0.22279459463866466,0.7232475142116448,,,,,
4,77.005,77.505,0.5,15500,15501,0.003030330166664926,0.024799842641061092,1.5501931995031727e-05,1.4883583731812408e-05,6.183482632193188e-07,0.00958647640755445,-3.774611808472078e-05,3.774611808472078e-05,-7.579182660938594e-05,7.579182660938594e-05,3.804570852466516e-05,0.0584185211660329,6.386752192759369e-05,4.959968528212218e-05,0.0005695808048782881,0.0006533210320348485,0.0005754692420598191,0.0006512610686692051,0.01654035893326665,0.016541519723202842,0.016541519723202842,4.126954194486698e-06,0.22270986794958633,0.7210038803100906,3,0.022358006374180655,0.0004621870524286317,0.02189581932175202,0.9776419936258193
4,77.505,78.005,0.5,15600,15601,0.003037468945510254,0.024773236996647678,1.4277557690655848e-05,1.3661807777649413e-05,6.157499130064349e-07,0.00973750311219633,-5.321128882682796e-05,5.321128882682796e-05,-9.153535091127731e-05,9.153535091127731e-05,3.832406208444935e-05,0.058488656823980086,6.260225290312267e-05,4.9546473993295354e-05,0.0005578269404204342,0.0006571574150864285,0.0005637038726493612,0.0006552392235606385,0.01665847268123519,0.016659515247592533,0.016659515247592533,4.276085309354134e-06,0.22259037264287815,0.7185475691043715,,,,,
4,78.005,78.505,0.5,15700,15701,0.003044005867679551,0.024739049697001907,1.3073844338593564e-05,1.2461457452679938e-05,6.123868859136259e-07,0.00988139242430934,-6.837459929154299e-05,6.837459929154299e-05,-0.00010693862732187722,0.00010693862732187722,3.856402803033423e-05,0.05852593643537313,6.134523538953637e-05,4.947809939400381e-05,0.0005461398371425681,0.0006606866171203283,0.0005519833887815012,0.0006589220161033783,0.016765179064098145,0.016766100421811158,0.016766100421811158,4.4277413505237e-06,0.22243673121587587,0.7166008998650536,,,,,
4,78.505,79.005,0.5,15800,15801,0.0030499532376806367,0.02469746587489335,1.189474000217166e-05,1.1286488232251049e-05,6.082517699206109e-07,0.010016826108972528,-8.316764421711226e-05,8.316764421711226e-05,-0.00012193471000434587,0.00012193471000434587,3.8767065787233615e-05,0.058535163738413304,6.010077221875624e-05,4.93949317497867e-05,0.0005345643260193289,0.0006638869660502604,0.0005403520815809485,0.0006622867915852944,0.016860242371625297,0.016861040580790996,0.016861040580790996,4.579383725365237e-06,0.22224970584859433,0.7124190093531549,,,,,
4,79.005,79.505,0.5,15900,15901,0.003055325271357586,0.024648704204999504,1.0744067353898532e-05,1.0140792063353566e-05,6.032752905449655e-07,0.010141302712555067,-9.752333978769318e-05,9.752333978769318e-05,-0.00013645792149724178,0.00013645792149724178,3.89345817095486e-05,0.058520696052301265,5.88731520677366e-05,4.929740840999901e-05,0.0005231458944476299,0.0006667390974111819,0.0005288551102334794,0.0006653130317307212,0.01694352278537675,0.01694419709519428,0.01694419709519428,4.728202358097728e-06,0.2220301970678741,0.7097312021555009,,,,,
4,79.505,80.005,0.5,16000,16001,0.003060138015577159,0.024593015774847835,9.625488439145985e-06,9.028161726673397e-06,5.973267124725882e-07,0.010251036984784951,-0.00011137686030333882,0.00011137686030333882,-0.0001504446057819666,0.0001504446057819666,3.906774547862777e-05,0.058486166974000525,5.766661134530487e-05,4.918603154969567e-05,0.0005119302170705589,0.00066922622567094,0.0005175380557590944,0.000667982661541061,0.01701498839494639,0.01701553936959225,0.01701553936959225,4.871265273844217e-06,0.2217792405742604,0.708490728085523,3,0.023122944203895053,0.0005705296305795767,0.022552414573315475,0.9768770557961047
5,80.005,80.505,0.5,16100,16101,0.0030644092521246854,0.024530682509317323,8.542473095052988e-06,7.952254959478478e-06,5.902181355745104e-07,0.010340924715790727,-0.000124666531061024,0.000124666531061024,-0.00016383385026830292,0.00016383385026830292,3.9167319207278936e-05,0.05843424054745961,5.64852951419824e-05,4.9061365018634645e-05,0.0005009626455259421,0.0006713343374621668,0.0005064464312982505,0.0006702802815665534,0.01707472608317205,0.017075155700980144,0.017075155700980144,5.005659410513482e-06,0.22149800229039232,0.7048876819391563,,,,,
5,80.505,81.005,0.5,16200,16201,0.00306815838778768,0.024462015184438857,7.4982713259893335e-06,6.916558734224492e-06,5.817125917648414e-07,0.01040458465968283,-0.00013733464975693166,0.00013733464975693166,-0.000176568167279962,0.000176568167279962,3.923351752303035e-05,0.05836641966998555,5.5333217713978946e-05,4.8924030368877715e-05,0.0004902876636337199,0.0006730523062574192,0.000495625154579831,0.000672193321859793,0.017122950556228235,0.017123262274693195,0.017123262274693195,5.1286147788398615e-06,0.22118777174355211,0.6988580821221866,,,,,
5,81.005,81.505,0.5,16300,16301,0.0030714063326347588,0.024387351076826283,6.495889694157347e-06,5.924354103510236e-06,5.715355906471112e-07,0.010434485494884552,-0.0001493282152251474,0.0001493282152251474,-0.00018859413029753645,0.00018859413029753645,3.926591507238906e-05,0.05828292810953411,5.421422301557181e-05,4.877470215365257e-05,0.00047994831631707036,0.0006743719342884439,0.00048511798997539514,0.0006737121202729315,0.0171600108257333,0.017160209606388078,0.017160209606388078,5.2376115983319865e-06,0.22084995393626997,0.6948257576295,,,,,
5,81.505,82.005,0.5,16400,16401,0.003074175368426152,0.024307051301460027,5.538071582786817e-06,4.978682051676207e-06,5.593895311106101e-07,0.01042216107107748,-0.00016059955073251253,0.00016059955073251253,-0.00019986296417325502,0.00019986296417325502,3.926341344074249e-05,0.05818267905794604,5.313194584435323e-05,4.8614102602920056e-05,0.00046998562237825063,0.0006752879327533871,0.00047496696934766047,0.0006748299335209156,0.017186393517159816,0.017186485806197947,0.017186485806197947,5.330473601340931e-06,0.2204860598834313,0.6913879297778811,,,,,
5,82.005,82.505,0.5,16500,16501,0.003076489008956313,0.024221497892524094,4.627281060321821e-06,4.082310838691899e-06,5.449702216299216e-07,0.010358511936346348,-0.00017110681787186471,0.00017110681787186471,-0.0002103310912012507,0.0002103310912012507,3.922427332938598e-05,0.0580633349599409,5.208977422099882e-05,4.844299578504819e-05,0.00046043798305584496,0.0006757978550832099,0.00046521180271704777,0.0006755428939182984,0.017202722484398626,0.017202716146978766,0.017202722484398626,5.4054507917545455e-06,0.22009769600122622,0.6852183021960853,3,0.022908365692267705,0.000653050471790508,0.0222553152204772,0.9770916343077324
5,82.505,83.005,0.5,16600,16601,0.003078371853974831,0.024131090680101854,3.7656900370355156e-06,3.237705381068483e-06,5.279846559670327e-07,0.010234185842029364,-0.0001808144248444804,0.0001808144248444804,-0.00021996063603818027,0.00021996063603818027,3.9146211193699865e-05,0.05792145504119421,5.109081368639005e-05,4.826218136020371e-05,0.00045134059998568684,0.0006759020000346825,0.00045588929152076587,0.0006758499275589462,0.0172097543458276,0.017209658554288482,0.0172097543458276,5.461292287588538e-06,0.21968655252473626,0.680915379279848,,,,,
5,83.005,83.505,0.5,16700,16701,0.0030798494382041253,0.024036244010851204,2.95516845858889e-06,2.4469992814011835e-06,5.081691771877067e-07,0.010040024975242602,-0.0001896933385013011,0.0001896933385013011,-0.0002287198919971668,0.0002287198919971668,3.9026553495865706e-05,0.05775271979856101,5.013785425831843e-05,4.8072488021702405e-05,0.00044272491765732705,0.000675603301602665,0.0004470327588215069,0.0006757526508186738,0.01720836970677534,0.01720819478544732,0.01720836970677534,5.497305043543904e-06,0.2192543911115634,0.6763841815199516,,,,,
5,83.505,84.005,0.5,16800,16801,0.0030809480769046866,0.023937383354670126,2.197277401122695e-06,1.7119701831243434e-06,4.853072179983516e-07,0.009767563276726258,-0.0001977213123621549,0.0001977213123621549,-0.0002365837493173867,0.0002365837493173867,3.886243695523181e-05,0.057552216436029986,4.923334083897291e-05,4.787476670934025e-05,0.00043461810656249364,0.0006749072212519291,0.0004386715121099103,0.0006752552614272971,0.017199559988394092,0.017199317220204825,0.017199559988394092,5.513388157695155e-06,0.2188030317645079,0.6680814519865379,,,,,
5,84.005,84.505,0.5,16900,16901,0.0030816947094408536,0.023834941833214215,1.4932650723338547e-06,1.0340191775551778e-06,4.59245894778677e-07,0.009409553219967764,-0.00020488304291182285,0.00020488304291182285,-0.00024353408286696666,0.00024353408286696666,3.86510399551438e-05,0.05731476598403821,4.8379347891906125e-05,4.766988366642843e-05,0.0004270426038158078,0.0006738216548603056,0.0004308303551891507,0.0006743644380561174,0.017184409959643196,0.017184111362085783,0.017184409959643196,5.510027397756387e-06,0.2183343391828881,0.666482030489363,,,,,
5,84.505,85.005,0.5,17000,17001,0.003082116742354383,0.02372935670118284,8.440658270589263e-07,4.141550119292398e-07,4.299108151296865e-07,0.008960497543226979,-0.00021117026406274747,0.00021117026406274747,-0.00024956009265276693,0.00024956009265276693,3.838982859001946e-05,0.05703527147953728,4.757755920074647e-05,4.7458713402365684e-05,0.00042001572793166117,0.0006723568621926972,0.00042352916587373447,0.0006730892585265014,0.017164076314848096,0.01716373439473912,0.017164076314848096,5.4882351012363455e-06,0.21785020863512083,0.6637228136049024,3,0.02206746477796558,0.0006874470750726216,0.021380017702892957,0.9779325352220345
5,85.005,85.505,0.5,17100,17101,0.003082241893518226,0.0236210658085618,2.503023276857058e-07,-1.470161747149797e-07,3.9731850240068553e-07,0.008391023381447505,-0.0002165817852420801,0.0002165817852420801,-0.00025465858583793865,0.00025465858583793865,3.807680059585855e-05,0.05670906686945169,4.682925346931286e-05,4.7242131617123605e-05,0.000413549383520627,0.0006705254209354683,0.0004167825557261441,0.0006714411415640828,0.017139763003742155,0.017139390500916764,0.017139763003742155,5.449432214770887e-06,0.21735255143918508,0.6566803774410461,,,,,
5,85.505,86.005,0.5,17200,17201,0.003082098038964718,0.023510504072173782,-2.8770910701601815e-07,-6.492949390788226e-07,3.6158583206280444e-07,0.007671839342032991,-0.00022112347277603722,0.00022112347277603722,-0.00025883418416457806,0.00025883418416457806,3.771071138854084e-05,0.05633224790590777,4.613529641400066e-05,4.7021008144347565e-05,0.00040764986981975724,0.0006683422007340721,0.00041059962667019213,0.0006694338108347702,0.017112694474243968,0.017112304103279612,0.017112694474243968,5.395292844354385e-06,0.2168432801457024,0.645202660912738,,,,,
5,86.005,86.505,0.5,17300,17301,0.0030817130639136966,0.023398099988199625,-7.699501020424701e-07,-1.0928859388747476e-06,3.229358368322775e-07,0.006884362545017223,-0.00022480816794831493,0.00022480816794831493,-0.0002620994363729729,0.0002620994363729729,3.7291268424657995e-05,0.0559019689352562,4.549613982899666e-05,4.6796199976399254e-05,0.000402317804156381,0.000665824345988012,0.0004049838369880691,0.0006670832733610421,0.017084088345747133,0.0170836925420365,0.017084088345747133,5.327596920098851e-06,0.21632429354189336,0.6392859254276217,,,,,
5,86.505,87.005,0.5,17400,17401,0.003081114719340955,0.023284272223493156,-1.19668914548305e-06,-1.4783883599132708e-06,2.8169921443022084e-07,0.006034380882633513,-0.00022765552941293732,0.00022765552941293732,-0.00026447481224699026,0.00026447481224699026,3.6819282834052946e-05,0.055416692782145234,4.4911827874562365e-05,4.656854444698631e-05,0.0003975481677186729,0.0006629912503810225,0.0003999329859375269,0.0006644077981845173,0.017055129006602093,0.01705473967990723,0.017055129006602093,5.2481428340338575e-06,0.21579746163239805,0.6397387871634916,,,,,
5,87.005,87.505,0.5,17500,17501,0.003080330485134028,0.023169426331609712,-1.5684684138541141e-06,-1.8067793386962243e-06,2.3831092484211014e-07,0.005130074294502694,-0.0002296917837668888,0.0002296917837668888,-0.0002659885543154169,0.0002659885543154169,3.6296770548528094e-05,0.05487638462399613,4.4382010558250925e-05,4.6338852663219425e-05,0.0003933304765295334,0.0006598645024980176,0.00039543932212410314,0.00066142787643952,0.01702694307109474,0.01702657136810293,0.01702694307109474,5.158743182713792e-06,0.2152646108007989,0.639941220382531,2,0.02120872985642736,0.000672997615840587,0.02053573224058677,0.9787912701435726
5,87.505,88.005,0.5,17600,17601,0.0030793874405190182,0.023053951648013438,-1.8860892300196289e-06,-2.0793906668708504e-06,1.9330143685122156e-07,0.004181897673866143,-0.00023094936719254833,0.00023094936719254833,-0.0002666763659869131,0.0002666763659869131,3.572699879436479e-05,0.05428264462834622,4.3905964067253675e-05,4.6107903296026876e-05,0.0003896490755618226,0.0006564677815671646,0.000391489776045678,0.0006581661420325912,0.017000576767404553,0.017000232845895448,0.017000576767404553,5.061271762090024e-06,0.21472750940675225,0.6399034131305307,,,,,
5,88.005,88.505,0.5,17700,17701,0.0030783121420674374,0.022938218426050774,-2.150596903161689e-06,-2.297879393698125e-06,1.472824905364362e-07,0.003202338361057057,-0.00023146644392532667,0.00023146644392532667,-0.0002665809215883051,0.0002665809215883051,3.511447766297844e-05,0.05363877803236297,4.34826172934785e-05,4.587643685210155e-05,0.00038648354884962863,0.0006528266860208969,0.00038806631220572564,0.0006546472337940307,0.016976974722379204,0.016976667542524096,0.016976974722379204,4.957685303531045e-06,0.21418785411899888,0.6396331041627679,,,,,
5,88.505,89.005,0.5,17800,17801,0.0030771305092611896,0.02282257527903051,-2.3632656124955576e-06,-2.4641932570520363e-06,1.009276445564787e-07,0.0022055483829003537,-0.00023128629404052525,0.00023128629404052525,-0.0002657511942406924,0.0002657511942406924,3.446490020016712e-05,0.052949804959315096,4.311058360258e-05,4.564515055806102e-05,0.0003838092336483256,0.0006489684849584421,0.0003851463912489771,0.0006508975854896694,0.016956959721067175,0.016956696861849557,0.016956959721067175,4.849946996949031e-06,0.2136472573146237,0.6391339795476177,,,,,
5,89.005,89.505,0.5,17900,17901,0.0030758677173428855,0.022707346992481434,-2.5255838366081487e-06,-2.5805321373701645e-06,5.49483007620158e-08,0.001206861290786717,-0.00023045657309815615,0.00023045657309815615,-0.00026424161060719634,0.00026424161060719634,3.378503750904019e-05,0.05222241498850556,4.278819666570356e-05,4.541469398496287e-05,0.00038159782257759,0.0006449217924818662,0.0003827035281129578,0.0006469451387201542,0.016941213760988453,0.01694100126981009,0.016941213760988453,4.739835222994093e-06,0.21310723588128785,0.6384047944886072,,,,,
5,89.505,90.005,0.5,18000,18001,0.00307454809701202,0.022592832763281653,-2.6392406617314554e-06,-2.6493069101420297e-06,1.0066248410574318e-08,0.00022221210743195098,-0.00022902845839956054,0.00022902845839956054,-0.00026211105532522073,0.00026211105532522073,3.308259692566019e-05,0.051464872310784185,4.251354902553855e-05,4.5185665526563305e-05,0.0003798180345835748,0.0006407161753297401,0.0003807079285805824,0.0006428189839058032,0.016930261532323552,0.016930103812890528,0.016930261532323552,4.628697488318586e-06,0.21256920173572488,0.6380624668003003,2,0.020830458021633653,0.0006319595269753845,0.020198498494658264,0.9791695419783663
5,90.005,90.505,0.5,18100,18101,0.0030731950404244797,0.02247930490854917,-2.7061131750803075e-06,-2.673097146709161e-06,-3.30160283711466e-08,0.0007325152539144145,-0.00022705570946496972,0.00022705570946496972,-0.00025942176013463413,0.00025942176013463413,3.236605066966441e-05,0.05068687523460672,4.228453202470477e-05,4.495860981709834e-05,0.00037843633369745856,0.0006363817132205615,0.0003791271841405167,0.0006385489442751508,0.016924457823168967,0.016924357561294023,0.016924457823168967,4.517266312035423e-06,0.21203445431603407,0.6385882781572721,,,,,
5,90.505,91.005,0.5,18200,18201,0.0030718309128854654,0.022367008067538302,-2.7282550780285963e-06,-2.6546090686834466e-06,-7.364600934514978e-08,0.001642186491103931,-0.00022459368202173285,0.00022459368202173285,-0.00025623812146146436,0.00025623812146146436,3.164443943973151e-05,0.04989936875513095,4.209887579010328e-05,4.473401613507661e-05,0.0003774176740093921,0.0006319485374092179,0.0003779270038534253,0.0006341651253148897,0.016923980132983515,0.016923938253836528,0.016923980132983515,4.405666138575736e-06,0.2115041752190169,0.6402119665813577,,,,,
5,91.005,91.505,0.5,18300,18301,0.003070476969582599,0.022256158895927997,-2.7078866057326373e-06,-2.5966350020568236e-06,-1.1125160367581369e-07,0.0024931355447473545,-0.000221698343220611,0.000221698343220611,-0.0002526254946041654,0.0002526254946041654,3.0927151383554384e-05,0.04911430252911925,4.195418813271567e-05,4.451231779185599e-05,0.0003767262499124421,0.000627446375720947,0.0003770719619609171,0.0006296974565650824,0.016928827056250588,0.016928842703219604,0.016928842703219604,4.293693374168875e-06,0.21097942504390327,0.6418168255718795,,,,,
5,91.505,92.005,0.5,18400,18401,0.0030691532767100904,0.022146946226478163,-2.6473857450172444e-06,-2.502015323291102e-06,-1.4537042172614237e-07,0.0032738796380433156,-0.00021842533889966653,0.00021842533889966653,-0.0002486490128796281,0.0002486490128796281,3.0223673979961588e-05,0.048344322313913606,4.1847991465514446e-05,4.429389245295633e-05,0.00037632623224153987,0.0006229041321922913,0.000376526241076991,0.0006251752539566191,0.016938821906250807,0.016938892434665415,0.016938892434665415,4.181337784434288e-06,0.2104611423825223,0.6434010114888093,,,,,
5,92.005,92.505,0.5,18500,18501,0.0030678786364447107,0.022039531646355144,-2.5492805307593402e-06,-2.37360357579653e-06,-1.756769549628104e-07,0.0039758080621044465,-0.00021482916024603838,0.00021482916024603838,-0.0002443724769656306,0.0002443724769656306,2.9543316719592215e-05,0.047602384089019525,4.177775712855911e-05,4.407906329271029e-05,0.0003761824730701607,0.0006183495270506705,0.0003762543526558503,0.0006206268296214809,0.016953619942570216,0.01695374093239364,0.01695374093239364,4.069357479817486e-06,0.2099501447789696,0.6449623517762663,2,0.021166311250175065,0.0005873023043370512,0.02057900894583801,0.9788336887498249
5,92.505,93.005,0.5,18600,18601,0.003066670515527658,0.02193405042257386,-2.416241834105569e-06,-2.214235104877152e-06,-2.0200672922841693e-07,0.004593820192127388,-0.00021096244756256544,0.00021096244756256544,-0.0002398573539358397,0.0002398573539358397,2.889490637327427e-05,0.04690128746314217,4.17409367995446e-05,4.3868100845147724e-05,0.000376261164220075,0.0006138088181112446,0.0003762218186451179,0.0006160791725809576,0.016972717145867018,0.01697288245287654,0.01697288245287654,3.9595973059395e-06,0.20944713138438473,0.6464982833469839,,,,,
5,93.005,93.505,0.5,18700,18701,0.0030655449777456565,0.02183061269496057,-2.2510755640029606e-06,-2.026699258214934e-06,-2.2437630578802677e-07,0.005126882964583584,-0.00020687545522658085,0.00020687545522658085,-0.00023516191703880888,0.00023516191703880888,2.8286461812228032e-05,0.04625313523992938,4.17349909190944e-05,4.3661225389921144e-05,0.00037653043660190337,0.0006093066167883515,0.0003763958004109892,0.0006115577174497981,0.016995459402848245,0.016995661280470028,0.016995661280470028,3.85475005380854e-06,0.20895268696506666,0.6480057943315616,,,,,
5,93.505,94.005,0.5,18800,18801,0.003064516621405667,0.021729304851470725,-2.0567126799786797e-06,-1.813714968076267e-06,-2.429977119024127e-07,0.005578470428540116,-0.00020261568697969162,0.00020261568697969162,-0.00023034054530784236,0.00023034054530784236,2.7724858328150736e-05,0.045668733627492936,4.175741423761566e-05,4.345860970294145e-05,0.0003769608890484129,0.0006048657994776495,0.0003767456628251581,0.0006070862081330005,0.017021053174248475,0.01702128249958375,0.01702128249958375,3.75746083514094e-06,0.20846728688919383,0.6494813803960722,,,,,
5,94.005,94.505,0.5,18900,18901,0.0030635985239038984,0.0216301910037004,-1.8361950035374747e-06,-1.5779094012975748e-06,-2.5828560223989985e-07,0.005956840529295413,-0.00019822769554064812,0.00019822769554064812,-0.0002254431860761894,0.0002254431860761894,2.721549053554128e-05,0.045156949460193906,4.180575867013145e-05,4.3260382007400806e-05,0.0003775260361930848,0.000600507497916227,0.00037724346262074887,0.0006026866486969382,0.017048581238666885,0.017048827861167543,0.017048827861167543,3.6690311216541297e-06,0.20799130272057242,0.6509210288716231,,,,,
5,94.505,95.005,0.5,19000,19001,0.0030628021965676882,0.021533314491779018,-1.5926546724203544e-06,-1.3217993516317168e-06,-2.708553207886376e-07,0.006275100172691133,-0.00019375302384276594,0.00019375302384276594,-0.00022051496470055357,0.00022051496470055357,2.676194085778763e-05,0.0447240407019789,4.187765361756396e-05,4.306662898355804e-05,0.000378202665233344,0.0005962511329113089,0.00037786435071321444,0.000598379315413768,0.017077028475373988,0.01707728167736024,0.01707728167736024,3.5883270091804134e-06,0.20752500809193583,0.652320241908022,2,0.022197169404052225,0.0005405193054549137,0.021656650098597314,0.9778028305959479
5,95.005,95.505,0.5,19100,19101,0.0030621375538973697,0.021438699369297654,-1.3292853406369695e-06,-1.0477751599825774e-06,-2.815101806543921e-07,0.00655101205087759,-0.00018923024496272922,0.00018923024496272922,-0.00021559590832491527,0.00021559590832491527,2.6365663362186046e-05,0.04437298413264357,4.197082378462423e-05,4.2877398738595307e-05,0.00037897109133910504,0.0005921144403109707,0.00037858687828622455,0.0005941827866111398,0.017105321669447924,0.017105570694981077,0.017105570694981077,3.511582895822033e-06,0.20706858462498676,0.6536741039590785,,,,,
5,95.505,96.005,0.5,19200,19201,0.003061612901910948,0.021346351851653508,-1.0493039728437861e-06,-7.580871689085136e-07,-2.9121680393527253e-07,0.006806508245867619,-0.00018469503528829173,0.00018469503528829173,-0.00021072074044359765,0.00021072074044359765,2.6025705155305914e-05,0.044102847825354966,4.2083104319461066e-05,4.2692703703307015e-05,0.0003798153014187933,0.000588113433334123,0.00037939319637894913,0.0005901139368225468,0.01713238369454088,0.017132618282638085,0.017132618282638085,3.4334502350211706e-06,0.20662212781623127,0.6549773913091534,,,,,
5,96.005,96.505,0.5,19300,19301,0.003061234950250927,0.0212562617526584,-7.559033200418841e-07,-4.5483501658220835e-07,-3.0106830345967575e-07,0.007066897497321712,-0.0001801801979902165,0.0001801801979902165,-0.00020591870583764303,0.00020591870583764303,2.5738507847426523e-05,0.043908293352586024,4.2212452855998335e-05,4.25125235053168e-05,0.000380722976425205,0.0005842622561851614,0.00038026913892199915,0.0005861878447596422,0.017157197215527373,0.017157408076940578,0.017157408076940578,3.349009733227839e-06,0.20618565300552993,0.6562247151836798,,,,,
5,96.505,97.005,0.5,19400,19401,0.003061008851858362,0.021168403976158413,-4.5219678512960215e-07,-1.399603995132295e-07,-3.1223638561637265e-07,0.007359784225813879,-0.0001757155529999721,0.0001757155529999721,-0.00020121340267840497,0.00020121340267840497,2.5497849678432868e-05,0.043779326776021074,4.235695780260884e-05,4.233680795231683e-05,0.0003816853838605327,0.0005805729094573863,0.00038120418014286883,0.0005824175828212739,0.017178868588692133,0.01717904779088139,0.01717904779088139,3.255941676278497e-06,0.2057591017484204,0.6574106874923304,,,,,
5,97.005,97.505,0.5,19500,19501,0.003060938272290214,0.021082740158892842,-1.4115913629653143e-07,1.847557855025145e-07,-3.2591492179904593e-07,0.007680169912955928,-0.0001713276345311418,0.0001713276345311418,-0.00019662262578798206,0.00019662262578798206,2.529499125684026e-05,0.043701424417633555,4.251484203849871e-05,4.216548031778569e-05,0.0003826971350044919,0.0005770548609836025,0.0003821912594325123,0.0005788138852204944,0.017196681295888763,0.017196822553656066,0.017196822553656066,3.155927485654915e-06,0.20534234906074705,0.6585300991760059,2,0.023443933324260008,0.0004869400638518767,0.022956993260408134,0.97655606667574
5,97.505,98.005,0.5,19600,19601,0.0030610254882744354,0.020999220565413007,1.7443196844314085e-07,5.176908422489453e-07,-3.432588738058044e-07,0.008057785948542798,-0.00016703918695967074,0.00016703918695967074,-0.00019215825290683415,0.00019215825290683415,2.5119065947163408e-05,0.04365612246763679,4.2684461094610884e-05,4.1998441130826014e-05,0.00038375580581717525,0.000573714585651733,0.00038322647041083357,0.0005753847233176677,0.017210130839268863,0.0172102297306804,0.0172102297306804,3.054607556176276e-06,0.20493521203254947,0.6595781024624283,,,,,
5,98.005,98.505,0.5,19700,19701,0.003061271512179672,0.020917786309508038,4.920478104729689e-07,8.573711423060789e-07,-3.6532333183311e-07,0.008540704710796222,-0.00016286851180993822,0.00016286851180993822,-0.00018782622408618314,0.00018782622408618314,2.4957712276244914e-05,0.043622080886718186,4.286429493984336e-05,4.1835572619016075e-05,0.0003848614263614436,0.0005705550946992522,0.00038430861608930943,0.0005721348401754925,0.01721893843753154,0.017218992564344275,0.017218992564344275,2.9599013115566506e-06,0.2045374601852093,0.6605503859649415,,,,,
5,98.505,99.005,0.5,19800,19801,0.0030616762361668254,0.02083837192293251,8.094479743070079e-07,1.2024555775914425e-06,-3.9300760328443455e-07,0.00914851687306206,-0.0001588287731510568,0.0001588287731510568,-0.00018362666654564807,0.00018362666654564807,2.4797893394591257e-05,0.04357653361831402,4.305293268022062e-05,4.167674384586502e-05,0.00038601585055839625,0.0005675755153118838,0.0003854386384599199,0.000569065305005568,0.0172230467426303,0.01722305583247835,0.01722305583247835,2.8791605451971052e-06,0.20414882768672715,0.661443323138414,,,,,
5,99.005,99.505,0.5,19900,19901,0.003062238587338089,0.02076090822348211,1.1247023425269356e-06,1.5517110955329133e-06,-4.270087530059777e-07,0.009895688157237,-0.00015492739890080043,0.00015492739890080043,-0.00017955420382539434,0.00017955420382539434,2.4626804924593915e-05,0.04349695014533564,4.324904980367445e-05,4.152181644696422e-05,0.00038722202548697223,0.0005647707683842733,0.00038661893802268424,0.0005661731418480785,0.017222604319548338,0.017222570239797667,0.017222604319548338,2.8163342566123623e-06,0.2037690272022817,0.6622540620550127,,,,,
5,99.505,100.005,0.5,20000,20001,0.003062956683543696,0.020685325366307034,1.4361924112141905e-06,1.9039803333874748e-06,-4.677879221732843e-07,0.010790902277951337,-0.0001511657143501502,0.0001511657143501502,-0.00017559846546462996,0.00017559846546462996,2.4432751114479762e-05,0.04336268462912876,4.345137804267879e-05,4.1370650732614066e-05,0.0003884831864491168,0.0005621313744810756,0.0003878526059680445,0.0005634510714326744,0.017217945155243646,0.017217871797427807,0.017217945155243646,2.7705828452027027e-06,0.20339776481715346,0.6634938829443502,2,0.02397593946442084,0.0004501943569360326,0.023525745107484806,0.9760240605355792
